"rep","species","truth","dist","beta1_hat","beta1_lo","beta1_hi","beta1_true","cov_marg","cov_joint","width_marg","width_joint","terc"
1,1,-0.335180195820776,0.164819804179224,0.556560849896901,0.433089775089347,0.680237696125562,0.7,1,1,0.745756393767735,0.737738123032381,"near mean"
1,2,-0.990394969147835,0.490394969147835,0.556560849896901,0.433089775089347,0.680237696125562,0.7,1,1,0.840684721830784,0.908657466689767,"middle"
1,3,0.23360356933542,0.73360356933542,0.556560849896901,0.433089775089347,0.680237696125562,0.7,1,1,0.754265216173476,0.766221345847494,"middle"
1,4,-1.19899558835956,0.698995588359565,0.556560849896901,0.433089775089347,0.680237696125562,0.7,1,1,0.795157061414889,0.774177880064671,"middle"
1,5,-0.497656175305828,0.00234382469417205,0.556560849896901,0.433089775089347,0.680237696125562,0.7,1,1,0.722557799265627,0.694213463680981,"near mean"
1,6,0.247683840306543,0.747683840306543,0.556560849896901,0.433089775089347,0.680237696125562,0.7,1,1,0.738692845436067,0.775109034471476,"middle"
1,7,0.689742830422353,1.18974283042235,0.556560849896901,0.433089775089347,0.680237696125562,0.7,1,1,0.767986500981903,0.80769803005087,"far from mean"
1,8,-0.853158679440607,0.353158679440607,0.556560849896901,0.433089775089347,0.680237696125562,0.7,1,1,0.762620509825613,0.747116952240805,"middle"
1,9,-1.23423849743429,0.734238497434293,0.556560849896901,0.433089775089347,0.680237696125562,0.7,1,1,0.78713958993894,0.799713311859187,"middle"
1,10,-0.586708888341636,0.0867088883416359,0.556560849896901,0.433089775089347,0.680237696125562,0.7,0,1,0.769272836508829,0.820320394386677,"near mean"
1,11,-0.128967720596486,0.371032279403514,0.556560849896901,0.433089775089347,0.680237696125562,0.7,1,1,0.7442352646193,0.732873556988669,"middle"
1,12,-1.34572952561729,0.845729525617291,0.556560849896901,0.433089775089347,0.680237696125562,0.7,1,1,0.799784261610236,0.792198918671898,"far from mean"
2,1,-1.09120833305247,0.591208333052468,0.665242367668353,0.534059568027252,0.796658874799531,0.7,1,1,0.830708749981152,0.832359471030777,"middle"
2,2,-1.22536480305832,0.72536480305832,0.665242367668353,0.534059568027252,0.796658874799531,0.7,1,1,0.858255858355973,0.848195061549271,"middle"
2,3,0.894436641940423,1.39443664194042,0.665242367668353,0.534059568027252,0.796658874799531,0.7,1,1,0.81517412325653,0.798543487940672,"far from mean"
2,4,-0.804273141033535,0.304273141033535,0.665242367668353,0.534059568027252,0.796658874799531,0.7,1,1,0.853390823653717,0.849496172094436,"near mean"
2,5,0.279870932120332,0.779870932120332,0.665242367668353,0.534059568027252,0.796658874799531,0.7,1,1,0.795894937250808,0.782515118248292,"far from mean"
2,6,0.845502366327363,1.34550236632736,0.665242367668353,0.534059568027252,0.796658874799531,0.7,1,1,0.832464308028096,0.827858875721244,"far from mean"
2,7,0.101877257002659,0.601877257002659,0.665242367668353,0.534059568027252,0.796658874799531,0.7,1,1,0.812997495408241,0.743027299868948,"middle"
2,8,-0.60304894598603,0.10304894598603,0.665242367668353,0.534059568027252,0.796658874799531,0.7,1,1,0.806661474312122,0.886205513148852,"near mean"
2,9,-1.37869171797177,0.878691717971768,0.665242367668353,0.534059568027252,0.796658874799531,0.7,1,1,0.87038343278079,0.816772639250395,"far from mean"
2,10,-2.39225506271459,1.89225506271459,0.665242367668353,0.534059568027252,0.796658874799531,0.7,0,0,0.924162251791671,0.98941910268682,"far from mean"
2,11,-0.609633560600091,0.109633560600091,0.665242367668353,0.534059568027252,0.796658874799531,0.7,1,1,0.764012454417502,0.771336626432473,"near mean"
2,12,-0.0172116329739768,0.482788367026023,0.665242367668353,0.534059568027252,0.796658874799531,0.7,1,1,0.782713251031737,0.759669330683909,"middle"
3,1,-1.34272889960087,0.842728899600871,0.572488546032465,0.438158748644646,0.707134487740769,0.7,1,1,0.885728147698039,0.842221304633846,"far from mean"
3,2,0.52782648700528,1.02782648700528,0.572488546032465,0.438158748644646,0.707134487740769,0.7,1,1,0.803738271735242,0.824954467342662,"far from mean"
3,3,-1.35820472994773,0.858204729947734,0.572488546032465,0.438158748644646,0.707134487740769,0.7,1,1,0.860624045357161,0.858008127173685,"far from mean"
3,4,-1.04407277422655,0.544072774226554,0.572488546032465,0.438158748644646,0.707134487740769,0.7,1,1,0.851087594584294,0.859626815768282,"middle"
3,5,-1.11233028735127,0.61233028735127,0.572488546032465,0.438158748644646,0.707134487740769,0.7,1,1,0.802571455125855,0.792426104500009,"middle"
3,6,-0.81544955487153,0.31544955487153,0.572488546032465,0.438158748644646,0.707134487740769,0.7,1,1,0.755692471053424,0.768822843954238,"near mean"
3,7,-0.0116969583035275,0.488303041696472,0.572488546032465,0.438158748644646,0.707134487740769,0.7,1,1,0.782301164516691,0.818756868054406,"middle"
3,8,-0.391064443012744,0.108935556987256,0.572488546032465,0.438158748644646,0.707134487740769,0.7,1,1,0.785412907844741,0.754111690227911,"near mean"
3,9,0.534396556609542,1.03439655660954,0.572488546032465,0.438158748644646,0.707134487740769,0.7,1,1,0.78758127223752,0.74293557024773,"far from mean"
3,10,-0.590619960633768,0.0906199606337678,0.572488546032465,0.438158748644646,0.707134487740769,0.7,1,1,0.754754849579167,0.758248901826273,"near mean"
3,11,-0.0474066054674914,0.452593394532509,0.572488546032465,0.438158748644646,0.707134487740769,0.7,1,1,0.749539153892518,0.735991499858155,"middle"
3,12,-0.348648830199333,0.151351169800667,0.572488546032465,0.438158748644646,0.707134487740769,0.7,1,1,0.75861018193553,0.757143701345716,"near mean"
4,1,0.051860848530324,0.551860848530324,0.754460472704424,0.611661671883914,0.897669927909655,0.7,1,1,0.813554064291279,0.763781176679603,"middle"
4,2,-2.32235950772905,1.82235950772905,0.754460472704424,0.611661671883914,0.897669927909655,0.7,1,1,1.31722078366536,1.36601594952916,"far from mean"
4,3,-0.00311699083275313,0.496883009167247,0.754460472704424,0.611661671883914,0.897669927909655,0.7,1,1,0.78971298669178,0.754495136011439,"middle"
4,4,-0.927713774598261,0.427713774598261,0.754460472704424,0.611661671883914,0.897669927909655,0.7,1,1,0.802244152320556,0.78186177962943,"middle"
4,5,-0.744531430384323,0.244531430384323,0.754460472704424,0.611661671883914,0.897669927909655,0.7,1,1,0.843735107576363,0.833687943536005,"near mean"
4,6,0.180081445731884,0.680081445731884,0.754460472704424,0.611661671883914,0.897669927909655,0.7,1,1,0.775483064527839,0.762379977374295,"middle"
4,7,0.107150352770044,0.607150352770044,0.754460472704424,0.611661671883914,0.897669927909655,0.7,0,0,0.837038854810112,0.789608539952281,"middle"
4,8,-0.842321031250347,0.342321031250347,0.754460472704424,0.611661671883914,0.897669927909655,0.7,1,1,0.908804284514984,0.976999435227286,"middle"
4,9,-1.15095411425817,0.650954114258174,0.754460472704424,0.611661671883914,0.897669927909655,0.7,1,1,0.884237350816464,0.78094522587194,"middle"
4,10,-1.05036456062386,0.550364560623864,0.754460472704424,0.611661671883914,0.897669927909655,0.7,1,1,0.877560481135908,0.881865285545966,"middle"
4,11,-0.0220497669631515,0.477950233036849,0.754460472704424,0.611661671883914,0.897669927909655,0.7,1,1,0.789012573960994,0.776873583060546,"middle"
4,12,0.724318529607672,1.22431852960767,0.754460472704424,0.611661671883914,0.897669927909655,0.7,1,1,0.846078651369059,0.80720145929532,"far from mean"
5,1,-1.58259088711606,1.08259088711606,0.580051168009293,0.449657249267313,0.710819244995458,0.7,1,1,0.837579950666326,0.884479538181118,"far from mean"
5,2,-0.758606097565688,0.258606097565688,0.580051168009293,0.449657249267313,0.710819244995458,0.7,1,1,0.780249324077995,0.763731743929146,"near mean"
5,3,-0.135410687419638,0.364589312580362,0.580051168009293,0.449657249267313,0.710819244995458,0.7,1,1,0.7518459399492,0.69689876906849,"middle"
5,4,0.356507501122145,0.856507501122145,0.580051168009293,0.449657249267313,0.710819244995458,0.7,1,1,0.794677964758529,0.806445022919137,"far from mean"
5,5,0.357936751356601,0.857936751356601,0.580051168009293,0.449657249267313,0.710819244995458,0.7,1,1,0.775795220889743,0.761056422268288,"far from mean"
5,6,-1.24188342458451,0.741883424584508,0.580051168009293,0.449657249267313,0.710819244995458,0.7,0,1,0.804843114096668,0.877051194327448,"middle"
5,7,-0.267285390761649,0.232714609238351,0.580051168009293,0.449657249267313,0.710819244995458,0.7,1,1,0.769325827893945,0.775416071144267,"near mean"
5,8,-0.766446233835702,0.266446233835702,0.580051168009293,0.449657249267313,0.710819244995458,0.7,1,1,0.782036480154584,0.801934988593657,"near mean"
5,9,-0.405313337704443,0.0946866622955575,0.580051168009293,0.449657249267313,0.710819244995458,0.7,1,1,0.764914618613652,0.690418894695917,"near mean"
5,10,-0.637670570711318,0.137670570711318,0.580051168009293,0.449657249267313,0.710819244995458,0.7,1,1,0.772077456593537,0.716273759729833,"near mean"
5,11,-0.566878079232865,0.0668780792328646,0.580051168009293,0.449657249267313,0.710819244995458,0.7,1,1,0.747937681457635,0.695642027222631,"near mean"
5,12,-0.35235954354688,0.14764045645312,0.580051168009293,0.449657249267313,0.710819244995458,0.7,1,1,0.756651842261678,0.772575125273506,"near mean"
6,1,-1.25138668011327,0.751386680113272,0.639221732960702,0.50661950480571,0.772143025064838,0.7,1,1,0.839353892526391,0.787861126654655,"far from mean"
6,2,-0.390521426281035,0.109478573718965,0.639221732960702,0.50661950480571,0.772143025064838,0.7,1,1,0.809571463895046,0.755793864164175,"near mean"
6,3,-0.141221045221002,0.358778954778998,0.639221732960702,0.50661950480571,0.772143025064838,0.7,1,1,0.811602250441071,0.774772870431858,"middle"
6,4,-0.934657920189004,0.434657920189004,0.639221732960702,0.50661950480571,0.772143025064838,0.7,1,1,0.842767354979138,0.810840494346056,"middle"
6,5,0.48020163621659,0.98020163621659,0.639221732960702,0.50661950480571,0.772143025064838,0.7,1,1,0.834759071367944,0.804644656445999,"far from mean"
6,6,-1.4784790648204,0.978479064820402,0.639221732960702,0.50661950480571,0.772143025064838,0.7,0,1,1.03466285619361,1.07213965366943,"far from mean"
6,7,-0.444925578747099,0.0550744212529009,0.639221732960702,0.50661950480571,0.772143025064838,0.7,1,1,0.835575228583679,0.813676947654047,"near mean"
6,8,-0.744981178886428,0.244981178886428,0.639221732960702,0.50661950480571,0.772143025064838,0.7,1,1,0.822936333698517,0.804966948514962,"near mean"
6,9,-0.927335956376143,0.427335956376143,0.639221732960702,0.50661950480571,0.772143025064838,0.7,1,1,0.815110035212194,0.808099016873593,"middle"
6,10,1.00541013564346,1.50541013564346,0.639221732960702,0.50661950480571,0.772143025064838,0.7,1,1,0.840949882548196,0.845480215923113,"far from mean"
6,11,-1.55976318165627,1.05976318165627,0.639221732960702,0.50661950480571,0.772143025064838,0.7,1,1,0.895468356205088,0.940945642990849,"far from mean"
6,12,0.387660260430605,0.887660260430605,0.639221732960702,0.50661950480571,0.772143025064838,0.7,1,1,0.839694368157405,0.834198831920548,"far from mean"
7,1,-0.793340030698591,0.293340030698591,0.578835955097031,0.45341236289172,0.704470961552267,0.7,1,1,0.708753810653,0.740037316817638,"near mean"
7,2,-0.247180081919358,0.252819918080642,0.578835955097031,0.45341236289172,0.704470961552267,0.7,1,0,0.713250415578044,0.743279436604312,"near mean"
7,3,-0.545953286717756,0.0459532867177559,0.578835955097031,0.45341236289172,0.704470961552267,0.7,1,1,0.730846595180356,0.739492757205283,"near mean"
7,4,-0.284072017568188,0.215927982431812,0.578835955097031,0.45341236289172,0.704470961552267,0.7,1,1,0.711134913468418,0.684746833486192,"near mean"
7,5,0.00599434529081577,0.505994345290816,0.578835955097031,0.45341236289172,0.704470961552267,0.7,0,0,0.696008120334289,0.747487328520515,"middle"
7,6,-1.83466091009059,1.33466091009059,0.578835955097031,0.45341236289172,0.704470961552267,0.7,0,0,0.822073209279619,0.776726516144107,"far from mean"
7,7,-0.45667417986637,0.0433258201336298,0.578835955097031,0.45341236289172,0.704470961552267,0.7,1,1,0.703712529117805,0.711400141636951,"near mean"
7,8,-0.176131606962601,0.323868393037399,0.578835955097031,0.45341236289172,0.704470961552267,0.7,1,1,0.716825719500496,0.734523192644714,"near mean"
7,9,-0.417907738073874,0.0820922619261259,0.578835955097031,0.45341236289172,0.704470961552267,0.7,1,1,0.697000774173382,0.704058907252567,"near mean"
7,10,-0.576360131003147,0.0763601310031472,0.578835955097031,0.45341236289172,0.704470961552267,0.7,1,1,0.690827226048622,0.707315255114272,"near mean"
7,11,-0.090518074499929,0.409481925500071,0.578835955097031,0.45341236289172,0.704470961552267,0.7,1,1,0.725681584811728,0.695126873657591,"middle"
7,12,-0.583196287890406,0.0831962878904065,0.578835955097031,0.45341236289172,0.704470961552267,0.7,1,1,0.730521003074762,0.731587859402669,"near mean"
8,1,-1.01492257980505,0.514922579805047,0.536235732341875,0.404244102117287,0.668425058573607,0.7,1,1,0.822888682968443,0.791153704695217,"middle"
8,2,-1.40326483574412,0.903264835744119,0.536235732341875,0.404244102117287,0.668425058573607,0.7,0,0,0.850576997700281,0.823071341737071,"far from mean"
8,3,1.21631704448447,1.71631704448447,0.536235732341875,0.404244102117287,0.668425058573607,0.7,0,0,0.831131963049569,0.830279526986792,"far from mean"
8,4,-0.385449717882627,0.114550282117373,0.536235732341875,0.404244102117287,0.668425058573607,0.7,1,1,0.768205304133604,0.758440880245451,"near mean"
8,5,-1.46873986831263,0.968739868312628,0.536235732341875,0.404244102117287,0.668425058573607,0.7,1,1,0.824258312403621,0.773147066132948,"far from mean"
8,6,-0.280446708308121,0.219553291691879,0.536235732341875,0.404244102117287,0.668425058573607,0.7,1,1,0.783357433817066,0.815626111340552,"near mean"
8,7,-0.449068526054063,0.050931473945937,0.536235732341875,0.404244102117287,0.668425058573607,0.7,1,1,0.8181494992992,0.772783006540825,"near mean"
8,8,-0.314189578940042,0.185810421059958,0.536235732341875,0.404244102117287,0.668425058573607,0.7,1,1,0.818947707449039,0.754675509381837,"near mean"
8,9,0.798393969113965,1.29839396911396,0.536235732341875,0.404244102117287,0.668425058573607,0.7,1,1,0.833971910732997,0.898131082968882,"far from mean"
8,10,-1.8345298773623,1.3345298773623,0.536235732341875,0.404244102117287,0.668425058573607,0.7,1,1,0.967121730850328,0.919257395398543,"far from mean"
8,11,-0.978187451082796,0.478187451082796,0.536235732341875,0.404244102117287,0.668425058573607,0.7,1,1,0.83861807271164,0.798159795977908,"middle"
8,12,0.114088129893313,0.614088129893313,0.536235732341875,0.404244102117287,0.668425058573607,0.7,1,1,0.784413351011879,0.766342517417099,"middle"
9,1,-0.0368801053561444,0.463119894643856,0.678749959409031,0.547283954256506,0.810560991597046,0.7,1,1,0.747150135945639,0.800367232648405,"middle"
9,2,-0.829132564845166,0.329132564845166,0.678749959409031,0.547283954256506,0.810560991597046,0.7,1,1,0.761152051133805,0.773434167915657,"middle"
9,3,-0.323088564311531,0.176911435688469,0.678749959409031,0.547283954256506,0.810560991597046,0.7,1,1,0.746711531088343,0.753661400587965,"near mean"
9,4,-1.33945524972794,0.83945524972794,0.678749959409031,0.547283954256506,0.810560991597046,0.7,1,1,0.81095986887149,0.779482177849168,"far from mean"
9,5,-0.716039316324999,0.216039316324999,0.678749959409031,0.547283954256506,0.810560991597046,0.7,1,0,0.74978766006662,0.734460564188349,"near mean"
9,6,-0.315448967141896,0.184551032858104,0.678749959409031,0.547283954256506,0.810560991597046,0.7,1,1,0.746101872892195,0.76261002350723,"near mean"
9,7,-0.0495227735329927,0.450477226467007,0.678749959409031,0.547283954256506,0.810560991597046,0.7,1,1,0.747001306161022,0.719524527701284,"middle"
9,8,0.310202006218239,0.810202006218239,0.678749959409031,0.547283954256506,0.810560991597046,0.7,1,1,0.758686394322318,0.715040082277022,"far from mean"
9,9,-1.19825341330367,0.698253413303674,0.678749959409031,0.547283954256506,0.810560991597046,0.7,1,1,0.808128350466178,0.86819603097154,"middle"
9,10,-0.726868247966144,0.226868247966144,0.678749959409031,0.547283954256506,0.810560991597046,0.7,1,1,0.770707506049329,0.771539679541892,"near mean"
9,11,-0.438273658530062,0.0617263414699376,0.678749959409031,0.547283954256506,0.810560991597046,0.7,1,1,0.745582060884438,0.700029302400297,"near mean"
9,12,-0.337239145177689,0.162760854822311,0.678749959409031,0.547283954256506,0.810560991597046,0.7,1,1,0.741812263310866,0.789450278313586,"near mean"
10,1,-0.23887956901868,0.26112043098132,0.631090984420243,0.496465824954726,0.76604381076999,0.7,1,1,0.757311561637176,0.727717825197756,"near mean"
10,2,-0.0619119783871847,0.438088021612815,0.631090984420243,0.496465824954726,0.76604381076999,0.7,1,1,0.785341808530525,0.781043599893371,"middle"
10,3,0.876348851789641,1.37634885178964,0.631090984420243,0.496465824954726,0.76604381076999,0.7,0,0,0.794567526855348,0.770005317486472,"far from mean"
10,4,-0.654327855203308,0.154327855203308,0.631090984420243,0.496465824954726,0.76604381076999,0.7,1,0,0.822712747760513,0.805998333736286,"near mean"
10,5,-0.470087273723237,0.0299127262767634,0.631090984420243,0.496465824954726,0.76604381076999,0.7,1,1,0.783821176525037,0.817556866701101,"near mean"
10,6,-0.901866338386243,0.401866338386243,0.631090984420243,0.496465824954726,0.76604381076999,0.7,1,1,0.771596588916235,0.831637018394004,"middle"
10,7,-1.10082339922863,0.600823399228634,0.631090984420243,0.496465824954726,0.76604381076999,0.7,1,1,0.785745087256793,0.771271141360155,"middle"
10,8,-0.381250254994567,0.118749745005433,0.631090984420243,0.496465824954726,0.76604381076999,0.7,1,1,0.794184153475693,0.783857767008673,"near mean"
10,9,-0.818873325494104,0.318873325494104,0.631090984420243,0.496465824954726,0.76604381076999,0.7,1,1,0.780076341120737,0.732553445541013,"near mean"
10,10,-0.771636099993289,0.271636099993289,0.631090984420243,0.496465824954726,0.76604381076999,0.7,1,1,0.782635528535595,0.794717268292967,"near mean"
10,11,-0.189139362460667,0.310860637539333,0.631090984420243,0.496465824954726,0.76604381076999,0.7,1,1,0.756681296305117,0.754788985112107,"near mean"
10,12,-1.28755339489973,0.787553394899726,0.631090984420243,0.496465824954726,0.76604381076999,0.7,1,1,0.838619978277057,0.859991065094873,"far from mean"
11,1,0.204905214548101,0.704905214548101,0.606213932582549,0.475904568333901,0.736764285171048,0.7,1,1,0.789047194715185,0.872844802738025,"middle"
11,2,-0.584115062192312,0.0841150621923119,0.606213932582549,0.475904568333901,0.736764285171048,0.7,1,1,0.783713278257253,0.812895203421055,"near mean"
11,3,-0.509571598833274,0.00957159883327349,0.606213932582549,0.475904568333901,0.736764285171048,0.7,1,1,0.808948634367037,0.687573187223684,"near mean"
11,4,-0.195419700923348,0.304580299076652,0.606213932582549,0.475904568333901,0.736764285171048,0.7,1,1,0.791471691320286,0.795093774609698,"near mean"
11,5,-1.23766450491468,0.737664504914683,0.606213932582549,0.475904568333901,0.736764285171048,0.7,1,1,0.793431510399746,0.734737641301173,"middle"
11,6,0.286345789731875,0.786345789731875,0.606213932582549,0.475904568333901,0.736764285171048,0.7,1,1,0.768054370212294,0.758864338162709,"far from mean"
11,7,-0.416082817272628,0.0839171827273715,0.606213932582549,0.475904568333901,0.736764285171048,0.7,1,1,0.775836661820622,0.794286545951125,"near mean"
11,8,-1.0248265797429,0.524826579742899,0.606213932582549,0.475904568333901,0.736764285171048,0.7,1,1,0.791626128659965,0.741401040742567,"middle"
11,9,-1.15172785314861,0.651727853148605,0.606213932582549,0.475904568333901,0.736764285171048,0.7,1,1,0.783641492699303,0.774930729992862,"middle"
11,10,-1.04308113354092,0.543081133540925,0.606213932582549,0.475904568333901,0.736764285171048,0.7,1,1,0.828649262111544,0.853258182530311,"middle"
11,11,0.677205378055841,1.17720537805584,0.606213932582549,0.475904568333901,0.736764285171048,0.7,1,1,0.803313060342234,0.794490394747382,"far from mean"
11,12,-1.00596713176714,0.505967131767143,0.606213932582549,0.475904568333901,0.736764285171048,0.7,1,1,0.86284007504547,0.820209450865929,"middle"
12,1,-1.45524101684691,0.955241016846905,0.554335302371683,0.421439099131715,0.687482164377106,0.7,1,1,0.94406877801904,0.964757363994736,"far from mean"
12,2,0.457329821481735,0.957329821481735,0.554335302371683,0.421439099131715,0.687482164377106,0.7,0,1,0.817034466759143,0.80609756289849,"far from mean"
12,3,-0.634261935287442,0.134261935287442,0.554335302371683,0.421439099131715,0.687482164377106,0.7,1,1,0.772304592684818,0.717963512717606,"near mean"
12,4,-0.971557149733079,0.471557149733079,0.554335302371683,0.421439099131715,0.687482164377106,0.7,1,1,0.825366447745996,0.825292032396114,"middle"
12,5,-1.20393735331538,0.703937353315381,0.554335302371683,0.421439099131715,0.687482164377106,0.7,1,1,0.894985042026174,0.936231287670888,"middle"
12,6,-0.403060811828412,0.0969391881715885,0.554335302371683,0.421439099131715,0.687482164377106,0.7,1,1,0.782518916150803,0.73113650222312,"near mean"
12,7,-0.69773461284277,0.19773461284277,0.554335302371683,0.421439099131715,0.687482164377106,0.7,1,1,0.775114430594216,0.712127615787874,"near mean"
12,8,0.945707552063674,1.44570755206367,0.554335302371683,0.421439099131715,0.687482164377106,0.7,1,1,0.820073082615361,0.803279189976182,"far from mean"
12,9,1.63959559796887,2.13959559796887,0.554335302371683,0.421439099131715,0.687482164377106,0.7,0,0,0.851911049132114,0.896659022038611,"far from mean"
12,10,-0.548784623925804,0.048784623925804,0.554335302371683,0.421439099131715,0.687482164377106,0.7,1,1,0.802815103125006,0.824263096811514,"near mean"
12,11,-0.542732228447768,0.0427322284477684,0.554335302371683,0.421439099131715,0.687482164377106,0.7,1,0,0.833892579340812,0.754718331444075,"near mean"
12,12,-2.58532323928672,2.08532323928672,0.554335302371683,0.421439099131715,0.687482164377106,0.7,1,1,1.14136887633201,1.14895926576411,"far from mean"
13,1,-0.158993303256828,0.341006696743172,0.558921301933856,0.430601661869924,0.687488750235936,0.7,1,1,0.794614441255274,0.805178842516702,"middle"
13,2,0.321858647589006,0.821858647589006,0.558921301933856,0.430601661869924,0.687488750235936,0.7,1,1,0.786315866545494,0.679342496608363,"far from mean"
13,3,-0.655614674636855,0.155614674636855,0.558921301933856,0.430601661869924,0.687488750235936,0.7,1,1,0.782640390001275,0.778138477934976,"near mean"
13,4,-1.96772867174475,1.46772867174475,0.558921301933856,0.430601661869924,0.687488750235936,0.7,1,1,0.91843500089261,1.03524805371519,"far from mean"
13,5,-0.579763491747195,0.0797634917471947,0.558921301933856,0.430601661869924,0.687488750235936,0.7,1,1,0.756070825887255,0.747370113148717,"near mean"
13,6,-0.271171194807143,0.228828805192857,0.558921301933856,0.430601661869924,0.687488750235936,0.7,1,1,0.775070805420042,0.71763906833166,"near mean"
13,7,1.20200804088303,1.70200804088303,0.558921301933856,0.430601661869924,0.687488750235936,0.7,1,1,0.824753059692182,0.839212705373261,"far from mean"
13,8,-0.644790119418327,0.144790119418327,0.558921301933856,0.430601661869924,0.687488750235936,0.7,1,1,0.768819017993321,0.787131986223033,"near mean"
13,9,-1.50287062473084,1.00287062473084,0.558921301933856,0.430601661869924,0.687488750235936,0.7,1,1,0.887640029200788,0.952310379415152,"far from mean"
13,10,0.0530746157309685,0.553074615730968,0.558921301933856,0.430601661869924,0.687488750235936,0.7,1,1,0.753473416743365,0.728995181584938,"middle"
13,11,-1.22623730350303,0.726237303503033,0.558921301933856,0.430601661869924,0.687488750235936,0.7,1,1,0.8312758879046,0.805850171674541,"middle"
13,12,-0.569771920358029,0.0697719203580292,0.558921301933856,0.430601661869924,0.687488750235936,0.7,1,1,0.773036791389653,0.720232113964337,"near mean"
14,1,-0.159870005171461,0.340129994828539,0.597998336235319,0.459452172475589,0.736923703900231,0.7,1,1,0.778703155112554,0.743488591755181,"middle"
14,2,-0.927713959475728,0.427713959475728,0.597998336235319,0.459452172475589,0.736923703900231,0.7,1,1,0.784250825051103,0.799398484178026,"middle"
14,3,-0.888693251379618,0.388693251379618,0.597998336235319,0.459452172475589,0.736923703900231,0.7,1,1,0.85983677586424,0.87374601257984,"middle"
14,4,0.485713140331112,0.985713140331112,0.597998336235319,0.459452172475589,0.736923703900231,0.7,1,1,0.822777481373201,0.774333111270039,"far from mean"
14,5,0.0039926459275339,0.503992645927534,0.597998336235319,0.459452172475589,0.736923703900231,0.7,1,1,0.809793344440957,0.802209390019204,"middle"
14,6,-0.657859712823752,0.157859712823752,0.597998336235319,0.459452172475589,0.736923703900231,0.7,1,1,0.810190833683321,0.784478815992026,"near mean"
14,7,0.356768145288432,0.856768145288432,0.597998336235319,0.459452172475589,0.736923703900231,0.7,1,1,0.824086090112135,0.844855641386891,"far from mean"
14,8,-0.574342198882842,0.0743421988828421,0.597998336235319,0.459452172475589,0.736923703900231,0.7,1,1,0.795400868866131,0.777733337248983,"near mean"
14,9,0.197027955768952,0.697027955768952,0.597998336235319,0.459452172475589,0.736923703900231,0.7,1,1,0.815509561755327,0.779434325040049,"middle"
14,10,-0.412074976118446,0.0879250238815536,0.597998336235319,0.459452172475589,0.736923703900231,0.7,1,1,0.858693129267506,0.837845347975981,"near mean"
14,11,-2.11502406336316,1.61502406336316,0.597998336235319,0.459452172475589,0.736923703900231,0.7,1,1,0.966466367923963,1.01528431810515,"far from mean"
14,12,-1.30792372010102,0.807923720101019,0.597998336235319,0.459452172475589,0.736923703900231,0.7,1,1,0.923462050867752,1.0273424767281,"far from mean"
15,1,-0.00695987573669221,0.493040124263308,0.679863619116098,0.544648910685474,0.815573123317405,0.7,1,1,0.809097073236102,0.79537403168715,"middle"
15,2,-1.0802512379163,0.580251237916299,0.679863619116098,0.544648910685474,0.815573123317405,0.7,1,1,0.837120488082322,0.847240460354243,"middle"
15,3,-0.0983556896771633,0.401644310322837,0.679863619116098,0.544648910685474,0.815573123317405,0.7,1,1,0.786619808898462,0.784109866634797,"middle"
15,4,-1.32438066885116,0.824380668851159,0.679863619116098,0.544648910685474,0.815573123317405,0.7,1,1,0.824000743210905,0.770705550098321,"far from mean"
15,5,-1.86587074098375,1.36587074098375,0.679863619116098,0.544648910685474,0.815573123317405,0.7,1,1,1.02803549425383,1.03316869386447,"far from mean"
15,6,-0.461048321104404,0.0389516788955959,0.679863619116098,0.544648910685474,0.815573123317405,0.7,1,1,0.858742236166878,0.863180156370323,"near mean"
15,7,0.0717478941670541,0.571747894167054,0.679863619116098,0.544648910685474,0.815573123317405,0.7,1,1,0.810066110050209,0.827091451831053,"middle"
15,8,-1.70151358772044,1.20151358772044,0.679863619116098,0.544648910685474,0.815573123317405,0.7,1,1,0.980175472490831,0.990065603990942,"far from mean"
15,9,0.0791271702578518,0.579127170257852,0.679863619116098,0.544648910685474,0.815573123317405,0.7,1,1,0.768819248535003,0.749861130212837,"middle"
15,10,0.822200744756507,1.32220074475651,0.679863619116098,0.544648910685474,0.815573123317405,0.7,1,1,0.807494156804811,0.852741196013264,"far from mean"
15,11,-0.0231339671299861,0.476866032870014,0.679863619116098,0.544648910685474,0.815573123317405,0.7,1,1,0.788582753016309,0.768464341657469,"middle"
15,12,-0.411561720061515,0.0884382799384849,0.679863619116098,0.544648910685474,0.815573123317405,0.7,1,1,0.785759473435092,0.733525736901867,"near mean"
16,1,0.472840736350733,0.972840736350733,0.43617871706281,0.306608072575654,0.566043019839565,0.7,1,1,0.778319429272967,0.741856747721101,"far from mean"
16,2,-0.446688463474384,0.0533115365256165,0.43617871706281,0.306608072575654,0.566043019839565,0.7,1,1,0.765899913691562,0.762805203077884,"near mean"
16,3,-0.0705501891556661,0.429449810844334,0.43617871706281,0.306608072575654,0.566043019839565,0.7,1,1,0.768751803416148,0.745279510198857,"middle"
16,4,-0.310094894807293,0.189905105192707,0.43617871706281,0.306608072575654,0.566043019839565,0.7,1,1,0.775806436528852,0.792310276899649,"near mean"
16,5,0.0928518993009499,0.59285189930095,0.43617871706281,0.306608072575654,0.566043019839565,0.7,1,1,0.796249774538176,0.795897309147492,"middle"
16,6,-0.122569023447194,0.377430976552806,0.43617871706281,0.306608072575654,0.566043019839565,0.7,1,1,0.76131967348008,0.732598920470123,"middle"
16,7,-1.92443733985114,1.42443733985114,0.43617871706281,0.306608072575654,0.566043019839565,0.7,1,1,0.899764930433303,0.864102773108225,"far from mean"
16,8,-0.471582963161271,0.028417036838729,0.43617871706281,0.306608072575654,0.566043019839565,0.7,1,1,0.760529696795606,0.811134759132998,"near mean"
16,9,-0.103541588597907,0.396458411402093,0.43617871706281,0.306608072575654,0.566043019839565,0.7,1,1,0.796007228388634,0.797647685201765,"middle"
16,10,-0.657004383115011,0.157004383115011,0.43617871706281,0.306608072575654,0.566043019839565,0.7,1,1,0.760178736844585,0.730437522950222,"near mean"
16,11,-1.23065647661077,0.730656476610774,0.43617871706281,0.306608072575654,0.566043019839565,0.7,1,1,0.804282656054612,0.792068669205491,"middle"
16,12,-1.22856731343104,0.728567313431041,0.43617871706281,0.306608072575654,0.566043019839565,0.7,1,1,0.781616939123502,0.803190326758836,"middle"
17,1,-0.832772224222502,0.332772224222502,0.653576715959668,0.520785436200004,0.786684240501658,0.7,1,1,0.80788957043125,0.784725043211752,"middle"
17,2,0.603126260950441,1.10312626095044,0.653576715959668,0.520785436200004,0.786684240501658,0.7,1,1,0.80427158974091,0.779301869597748,"far from mean"
17,3,0.0907871755739059,0.590787175573906,0.653576715959668,0.520785436200004,0.786684240501658,0.7,1,1,0.756414129438,0.739341884886768,"middle"
17,4,-0.882091300510321,0.382091300510321,0.653576715959668,0.520785436200004,0.786684240501658,0.7,1,1,0.846875697366345,0.889223655780035,"middle"
17,5,-0.771690325838423,0.271690325838423,0.653576715959668,0.520785436200004,0.786684240501658,0.7,1,1,0.827789988866678,0.810927093310662,"near mean"
17,6,-1.11664237317244,0.616642373172435,0.653576715959668,0.520785436200004,0.786684240501658,0.7,1,1,0.815258493815697,0.789350325698096,"middle"
17,7,0.228119784936263,0.728119784936263,0.653576715959668,0.520785436200004,0.786684240501658,0.7,1,1,0.812807180632833,0.82587547231079,"middle"
17,8,-1.19705760559889,0.697057605598886,0.653576715959668,0.520785436200004,0.786684240501658,0.7,1,1,0.888871216810588,0.892800094863936,"middle"
17,9,-0.83121191504461,0.33121191504461,0.653576715959668,0.520785436200004,0.786684240501658,0.7,1,1,0.796549315580354,0.831377134019053,"middle"
17,10,-0.634496499434784,0.134496499434784,0.653576715959668,0.520785436200004,0.786684240501658,0.7,1,1,0.823088222801653,0.806922530072584,"near mean"
17,11,0.574856267189789,1.07485626718979,0.653576715959668,0.520785436200004,0.786684240501658,0.7,1,1,0.831446201442445,0.797965238343333,"far from mean"
17,12,-1.23092724482844,0.730927244828438,0.653576715959668,0.520785436200004,0.786684240501658,0.7,1,1,0.846852703445595,0.866158338340284,"middle"
18,1,0.610753389001349,1.11075338900135,0.586751831631139,0.450875747023324,0.722924312587413,0.7,1,1,0.81892170596822,0.755383225244785,"far from mean"
18,2,0.74904121664296,1.24904121664296,0.586751831631139,0.450875747023324,0.722924312587413,0.7,1,1,0.864945101579117,0.817861794388819,"far from mean"
18,3,-0.647420439614521,0.147420439614521,0.586751831631139,0.450875747023324,0.722924312587413,0.7,1,1,0.774346510505999,0.754558920241927,"near mean"
18,4,-3.01220891523902,2.51220891523902,0.586751831631139,0.450875747023324,0.722924312587413,0.7,1,1,1.24559206487167,1.3481039606154,"far from mean"
18,5,0.611529269815092,1.11152926981509,0.586751831631139,0.450875747023324,0.722924312587413,0.7,1,1,0.825192681748837,0.800298520395065,"far from mean"
18,6,-1.78939163721976,1.28939163721976,0.586751831631139,0.450875747023324,0.722924312587413,0.7,1,1,1.10371178638513,1.11921601335056,"far from mean"
18,7,0.448141573500712,0.948141573500712,0.586751831631139,0.450875747023324,0.722924312587413,0.7,1,1,0.823853185463309,0.789071127696261,"far from mean"
18,8,-0.31852642736981,0.18147357263019,0.586751831631139,0.450875747023324,0.722924312587413,0.7,1,1,0.863239737658147,0.876013366595873,"near mean"
18,9,-0.989449812067973,0.489449812067973,0.586751831631139,0.450875747023324,0.722924312587413,0.7,1,1,0.871640258095634,0.868187602763662,"middle"
18,10,-1.51720241462673,1.01720241462673,0.586751831631139,0.450875747023324,0.722924312587413,0.7,1,1,0.95859796734769,0.936872298167654,"far from mean"
18,11,0.935560436588451,1.43556043658845,0.586751831631139,0.450875747023324,0.722924312587413,0.7,1,1,0.855192569205483,0.881445432466759,"far from mean"
18,12,-1.08082623941075,0.580826239410752,0.586751831631139,0.450875747023324,0.722924312587413,0.7,1,1,0.802969292649387,0.800967531262448,"middle"
19,1,0.289152645733681,0.789152645733681,0.704624625235007,0.571705060269798,0.837809475351776,0.7,1,1,0.820798814505295,0.770910070872953,"far from mean"
19,2,-0.893040904848319,0.393040904848319,0.704624625235007,0.571705060269798,0.837809475351776,0.7,1,1,0.849646760279613,0.790070675598878,"middle"
19,3,-0.378079853542053,0.121920146457947,0.704624625235007,0.571705060269798,0.837809475351776,0.7,0,0,0.826996115649423,0.771556133784456,"near mean"
19,4,-0.378974601469272,0.121025398530728,0.704624625235007,0.571705060269798,0.837809475351776,0.7,1,1,0.807189435817851,0.784847830904683,"near mean"
19,5,-0.332757580317249,0.167242419682751,0.704624625235007,0.571705060269798,0.837809475351776,0.7,1,1,0.79560447332081,0.781442100675182,"near mean"
19,6,0.89575286209343,1.39575286209343,0.704624625235007,0.571705060269798,0.837809475351776,0.7,0,0,0.820958293984277,0.833070597639535,"far from mean"
19,7,-0.700136472131029,0.200136472131029,0.704624625235007,0.571705060269798,0.837809475351776,0.7,1,1,0.819583150005258,0.800302599481144,"near mean"
19,8,-0.740619034320146,0.240619034320146,0.704624625235007,0.571705060269798,0.837809475351776,0.7,1,1,0.81030103595372,0.783236391185156,"near mean"
19,9,-1.26833687376805,0.768336873768049,0.704624625235007,0.571705060269798,0.837809475351776,0.7,1,1,0.889079745283174,0.897583952835001,"far from mean"
19,10,-2.41008572823207,1.91008572823207,0.704624625235007,0.571705060269798,0.837809475351776,0.7,1,1,1.00328287155949,1.00131191213408,"far from mean"
19,11,-0.154986460717484,0.345013539282516,0.704624625235007,0.571705060269798,0.837809475351776,0.7,1,1,0.798391708496873,0.779077878465388,"middle"
19,12,0.0721120015185626,0.572112001518563,0.704624625235007,0.571705060269798,0.837809475351776,0.7,1,1,0.815398902858979,0.739630594865996,"middle"
20,1,0.510497218670162,1.01049721867016,0.605546289960365,0.468042997142627,0.7433940133683,0.7,1,1,0.785213031753503,0.756104884728972,"far from mean"
20,2,0.0123364865254738,0.512336486525474,0.605546289960365,0.468042997142627,0.7433940133683,0.7,1,1,0.808593302387391,0.793427977904186,"middle"
20,3,-1.00115287271142,0.501152872711418,0.605546289960365,0.468042997142627,0.7433940133683,0.7,1,1,0.816834459191719,0.807190652218954,"middle"
20,4,-0.372175731516534,0.127824268483466,0.605546289960365,0.468042997142627,0.7433940133683,0.7,1,1,0.803988194903268,0.78564153094047,"near mean"
20,5,-1.12687238719382,0.626872387193816,0.605546289960365,0.468042997142627,0.7433940133683,0.7,1,1,0.898916790940554,0.913604494244781,"middle"
20,6,-0.444131547776472,0.0558684522235282,0.605546289960365,0.468042997142627,0.7433940133683,0.7,1,1,0.759868191463037,0.752214444472494,"near mean"
20,7,-0.851535500632292,0.351535500632292,0.605546289960365,0.468042997142627,0.7433940133683,0.7,1,1,0.782614631207021,0.7713393808208,"middle"
20,8,-0.0477724233300587,0.452227576669941,0.605546289960365,0.468042997142627,0.7433940133683,0.7,1,1,0.783969638499733,0.746386959489874,"middle"
20,9,-1.12453132347645,0.624531323476445,0.605546289960365,0.468042997142627,0.7433940133683,0.7,1,1,0.830788839867974,0.82049666179642,"middle"
20,10,-1.43130347616366,0.931303476163662,0.605546289960365,0.468042997142627,0.7433940133683,0.7,1,1,0.874992131768895,0.859656137262803,"far from mean"
20,11,-0.787491791952603,0.287491791952603,0.605546289960365,0.468042997142627,0.7433940133683,0.7,0,0,0.814805330649544,0.798408547379172,"near mean"
20,12,0.664133349557665,1.16413334955766,0.605546289960365,0.468042997142627,0.7433940133683,0.7,1,1,0.817934083148225,0.823529052382616,"far from mean"
21,1,-0.783290028968346,0.283290028968346,0.613946598293087,0.481569448556097,0.74656281584423,0.7,1,1,0.794041917419738,0.827291268589601,"near mean"
21,2,-1.32953435129477,0.829534351294767,0.613946598293087,0.481569448556097,0.74656281584423,0.7,1,1,0.84626173496628,0.858602862058766,"far from mean"
21,3,-1.34787610220005,0.847876102200054,0.613946598293087,0.481569448556097,0.74656281584423,0.7,1,1,0.840974052829299,0.874451655085081,"far from mean"
21,4,-1.4297294303787,0.929729430378696,0.613946598293087,0.481569448556097,0.74656281584423,0.7,1,1,0.856469621128321,0.829096215238967,"far from mean"
21,5,-0.253867072398957,0.246132927601043,0.613946598293087,0.481569448556097,0.74656281584423,0.7,1,1,0.763206470901772,0.780553266994447,"near mean"
21,6,-0.473955599585303,0.0260444004146967,0.613946598293087,0.481569448556097,0.74656281584423,0.7,1,1,0.809180918343927,0.742284688765192,"near mean"
21,7,0.160136765053623,0.660136765053623,0.613946598293087,0.481569448556097,0.74656281584423,0.7,1,1,0.795834325862412,0.783558303790987,"middle"
21,8,-1.05413207519708,0.554132075197081,0.613946598293087,0.481569448556097,0.74656281584423,0.7,1,1,0.802669358227935,0.877688216300732,"middle"
21,9,0.845484567756664,1.34548456775666,0.613946598293087,0.481569448556097,0.74656281584423,0.7,1,1,0.799120516618014,0.863625584766358,"far from mean"
21,10,-0.0877203128233283,0.412279687176672,0.613946598293087,0.481569448556097,0.74656281584423,0.7,1,1,0.745176606561804,0.691071520993446,"middle"
21,11,0.0383313314688601,0.53833133146886,0.613946598293087,0.481569448556097,0.74656281584423,0.7,1,1,0.784289701951374,0.748671446632071,"middle"
21,12,-0.283847691432613,0.216152308567387,0.613946598293087,0.481569448556097,0.74656281584423,0.7,1,1,0.799033240171287,0.861355936903659,"near mean"
22,1,-0.070586288331851,0.429413711668149,0.813502231836148,0.672396933852911,0.955386225841941,0.7,1,1,0.808329263312215,0.806449447554827,"middle"
22,2,-0.325969575868897,0.174030424131103,0.813502231836148,0.672396933852911,0.955386225841941,0.7,1,1,0.801170246807671,0.802224427835421,"near mean"
22,3,-0.821439175402022,0.321439175402022,0.813502231836148,0.672396933852911,0.955386225841941,0.7,1,1,0.88654016922816,0.848707910922446,"near mean"
22,4,-0.780361278691318,0.280361278691318,0.813502231836148,0.672396933852911,0.955386225841941,0.7,1,1,0.790499649078032,0.779240465106231,"near mean"
22,5,-0.739798335221983,0.239798335221983,0.813502231836148,0.672396933852911,0.955386225841941,0.7,1,1,0.85570800280676,0.868582868509351,"near mean"
22,6,0.0123129387884865,0.512312938788486,0.813502231836148,0.672396933852911,0.955386225841941,0.7,1,1,0.795099240611503,0.759210567057354,"middle"
22,7,-1.65402018662445,1.15402018662445,0.813502231836148,0.672396933852911,0.955386225841941,0.7,1,1,1.04825201932045,1.08368531835033,"far from mean"
22,8,-0.699244557276973,0.199244557276973,0.813502231836148,0.672396933852911,0.955386225841941,0.7,1,1,0.802486560570477,0.811190127376391,"near mean"
22,9,0.549407815694185,1.04940781569419,0.813502231836148,0.672396933852911,0.955386225841941,0.7,1,1,0.809709219023763,0.825523260164825,"far from mean"
22,10,0.214139572284388,0.714139572284388,0.813502231836148,0.672396933852911,0.955386225841941,0.7,1,1,0.802235511529553,0.770139710187729,"middle"
22,11,-0.130897989278387,0.369102010721613,0.813502231836148,0.672396933852911,0.955386225841941,0.7,1,1,0.773872556672594,0.733499686012149,"middle"
22,12,-1.55354294007118,1.05354294007118,0.813502231836148,0.672396933852911,0.955386225841941,0.7,1,1,0.926018325116297,0.911476042757408,"far from mean"
23,1,-0.875339588678797,0.375339588678797,0.670869696573503,0.539509587806149,0.802582541286324,0.7,1,1,0.799341522245761,0.850184832060648,"middle"
23,2,0.487454220624324,0.987454220624324,0.670869696573503,0.539509587806149,0.802582541286324,0.7,1,1,0.779651754690587,0.780594802318406,"far from mean"
23,3,-2.51475237173784,2.01475237173784,0.670869696573503,0.539509587806149,0.802582541286324,0.7,1,1,1.03632137639706,1.10467817545484,"far from mean"
23,4,-0.936861522059508,0.436861522059508,0.670869696573503,0.539509587806149,0.802582541286324,0.7,1,1,0.844044767534937,0.791042199987992,"middle"
23,5,-0.418295985893171,0.0817040141068289,0.670869696573503,0.539509587806149,0.802582541286324,0.7,1,1,0.757243736704192,0.767116604288868,"near mean"
23,6,-1.50474815626662,1.00474815626662,0.670869696573503,0.539509587806149,0.802582541286324,0.7,1,1,0.891533547516693,0.974634306813589,"far from mean"
23,7,-0.0772571339411047,0.422742866058895,0.670869696573503,0.539509587806149,0.802582541286324,0.7,1,1,0.801635857285851,0.816858329882287,"middle"
23,8,0.190212724495985,0.690212724495985,0.670869696573503,0.539509587806149,0.802582541286324,0.7,1,1,0.795863314148916,0.785472868786978,"middle"
23,9,-0.508023915463107,0.00802391546310667,0.670869696573503,0.539509587806149,0.802582541286324,0.7,1,1,0.770868256942145,0.744053382113179,"near mean"
23,10,0.434601199695062,0.934601199695062,0.670869696573503,0.539509587806149,0.802582541286324,0.7,1,1,0.797710171645053,0.739326826448728,"far from mean"
23,11,0.458570549266485,0.958570549266485,0.670869696573503,0.539509587806149,0.802582541286324,0.7,1,1,0.800168491928136,0.77633727541136,"far from mean"
23,12,-0.735560020041707,0.235560020041707,0.670869696573503,0.539509587806149,0.802582541286324,0.7,1,1,0.789785613158252,0.746445768038551,"near mean"
24,1,-1.4562448502486,0.956244850248604,0.671795020950426,0.533013707703614,0.811000894954804,0.7,1,1,0.878755677975574,0.895625407124864,"far from mean"
24,2,-0.990643605655366,0.490643605655366,0.671795020950426,0.533013707703614,0.811000894954804,0.7,1,1,0.871104274438986,0.930064949998971,"middle"
24,3,-0.53432247677656,0.0343224767765597,0.671795020950426,0.533013707703614,0.811000894954804,0.7,1,1,0.776683226544665,0.710597858591081,"near mean"
24,4,0.647231496559801,1.1472314965598,0.671795020950426,0.533013707703614,0.811000894954804,0.7,0,0,0.815389709519165,0.779370124364861,"far from mean"
24,5,-0.248727605759358,0.251272394240642,0.671795020950426,0.533013707703614,0.811000894954804,0.7,1,1,0.765154733831079,0.761375533110512,"near mean"
24,6,-1.39506377218252,0.895063772182517,0.671795020950426,0.533013707703614,0.811000894954804,0.7,0,0,0.849836685953417,0.843424343652785,"far from mean"
24,7,-1.30914751225028,0.809147512250283,0.671795020950426,0.533013707703614,0.811000894954804,0.7,1,1,0.894877969214917,0.962682982863044,"far from mean"
24,8,-0.359339962277709,0.140660037722291,0.671795020950426,0.533013707703614,0.811000894954804,0.7,1,1,0.763456792874515,0.747600460204278,"near mean"
24,9,-1.73229667215039,1.23229667215039,0.671795020950426,0.533013707703614,0.811000894954804,0.7,1,1,0.958644985208573,0.993987570533276,"far from mean"
24,10,-0.387856293489767,0.112143706510233,0.671795020950426,0.533013707703614,0.811000894954804,0.7,1,1,0.780192258777797,0.825865696360025,"near mean"
24,11,-0.0830743926343462,0.416925607365654,0.671795020950426,0.533013707703614,0.811000894954804,0.7,1,0,0.802943706285442,0.735449358148531,"middle"
24,12,1.8494856468651,2.3494856468651,0.671795020950426,0.533013707703614,0.811000894954804,0.7,1,0,0.873080119727047,0.873233803905934,"far from mean"
25,1,-1.6458385087729,1.1458385087729,0.629225153793068,0.495363545789859,0.763535074173812,0.7,1,1,1.01021872691432,1.02662795210731,"far from mean"
25,2,-1.5262358104594,1.0262358104594,0.629225153793068,0.495363545789859,0.763535074173812,0.7,1,1,0.898546850054473,0.946124833542474,"far from mean"
25,3,-0.897231843633142,0.397231843633142,0.629225153793068,0.495363545789859,0.763535074173812,0.7,1,1,0.833118842196905,0.837290998988004,"middle"
25,4,-1.47170132301658,0.971701323016576,0.629225153793068,0.495363545789859,0.763535074173812,0.7,1,1,0.826120204870044,0.821955705504809,"far from mean"
25,5,0.560171108676925,1.06017110867692,0.629225153793068,0.495363545789859,0.763535074173812,0.7,1,1,0.812678351777219,0.807794588535338,"far from mean"
25,6,0.1148222885869,0.6148222885869,0.629225153793068,0.495363545789859,0.763535074173812,0.7,1,1,0.779923891783171,0.764474987191271,"middle"
25,7,-0.609853717817875,0.109853717817875,0.629225153793068,0.495363545789859,0.763535074173812,0.7,1,1,0.802771596379393,0.815997814037427,"near mean"
25,8,-0.36045943820814,0.13954056179186,0.629225153793068,0.495363545789859,0.763535074173812,0.7,1,1,0.838134419715034,0.784292820325921,"near mean"
25,9,-0.0130626377385412,0.486937362261459,0.629225153793068,0.495363545789859,0.763535074173812,0.7,1,1,0.771560333690107,0.704103756399542,"middle"
25,10,-0.0467691305178199,0.45323086948218,0.629225153793068,0.495363545789859,0.763535074173812,0.7,1,1,0.783157595383452,0.827733237606344,"middle"
25,11,0.2992510387774,0.7992510387774,0.629225153793068,0.495363545789859,0.763535074173812,0.7,1,1,0.80415989122035,0.775671125032591,"far from mean"
25,12,-0.403092025876832,0.0969079741231681,0.629225153793068,0.495363545789859,0.763535074173812,0.7,1,1,0.76805128172441,0.701099669876979,"near mean"
26,1,-0.207563127549325,0.292436872450675,0.802711124795664,0.670310678028605,0.935485286725892,0.7,1,1,0.766170602080559,0.782183664037259,"near mean"
26,2,-0.700669938383561,0.200669938383561,0.802711124795664,0.670310678028605,0.935485286725892,0.7,1,1,0.748427552428401,0.696619410506609,"near mean"
26,3,0.0326319756755817,0.532631975675582,0.802711124795664,0.670310678028605,0.935485286725892,0.7,0,0,0.7924815549421,0.793980203961264,"middle"
26,4,0.224242258637762,0.724242258637762,0.802711124795664,0.670310678028605,0.935485286725892,0.7,1,1,0.73949313892868,0.664716414111994,"middle"
26,5,-1.07681489977014,0.576814899770137,0.802711124795664,0.670310678028605,0.935485286725892,0.7,1,1,0.776140752701795,0.814782324909606,"middle"
26,6,-0.00537308728085012,0.49462691271915,0.802711124795664,0.670310678028605,0.935485286725892,0.7,0,0,0.720401248439556,0.701871111352298,"middle"
26,7,-0.887598040328476,0.387598040328476,0.802711124795664,0.670310678028605,0.935485286725892,0.7,1,1,0.803911746122456,0.776394892417726,"middle"
26,8,-0.462510313136819,0.0374896868631814,0.802711124795664,0.670310678028605,0.935485286725892,0.7,1,1,0.748487571299963,0.767155348629313,"near mean"
26,9,-0.536007699929274,0.0360076999292736,0.802711124795664,0.670310678028605,0.935485286725892,0.7,1,1,0.806863595573111,0.787328897055284,"near mean"
26,10,-0.176537197891597,0.323462802108403,0.802711124795664,0.670310678028605,0.935485286725892,0.7,1,1,0.75059982445652,0.766025657655543,"near mean"
26,11,-1.76246216804465,1.26246216804465,0.802711124795664,0.670310678028605,0.935485286725892,0.7,1,1,0.874121788564881,0.817419381728026,"far from mean"
26,12,-0.441337761998652,0.0586622380013483,0.802711124795664,0.670310678028605,0.935485286725892,0.7,1,1,0.727304848187329,0.650544932048274,"near mean"
27,1,-0.37939000690234,0.12060999309766,0.640743163360258,0.511462693463601,0.77037190292353,0.7,1,1,0.79495578358569,0.781827423098739,"near mean"
27,2,-1.33132537194345,0.831325371943448,0.640743163360258,0.511462693463601,0.77037190292353,0.7,1,1,0.927862267498089,0.873342234500777,"far from mean"
27,3,-1.1238247176976,0.623824717697595,0.640743163360258,0.511462693463601,0.77037190292353,0.7,1,1,0.817834923797883,0.811140919953785,"middle"
27,4,-1.29584021977676,0.79584021977676,0.640743163360258,0.511462693463601,0.77037190292353,0.7,1,1,0.874715366979039,0.90221111886787,"far from mean"
27,5,-0.410360046890257,0.0896399531097427,0.640743163360258,0.511462693463601,0.77037190292353,0.7,1,1,0.776474821550427,0.756450705294519,"near mean"
27,6,-1.26849454074605,0.768494540746053,0.640743163360258,0.511462693463601,0.77037190292353,0.7,1,1,0.825626563446212,0.820058790331021,"far from mean"
27,7,0.430157253496733,0.930157253496733,0.640743163360258,0.511462693463601,0.77037190292353,0.7,1,1,0.790591630967697,0.806573229636604,"far from mean"
27,8,-0.439957154068693,0.0600428459313072,0.640743163360258,0.511462693463601,0.77037190292353,0.7,1,1,0.766941740842366,0.759660092484741,"near mean"
27,9,1.37100074725565,1.87100074725565,0.640743163360258,0.511462693463601,0.77037190292353,0.7,1,1,0.844334452828491,0.910992595110083,"far from mean"
27,10,-1.03721067200117,0.537210672001172,0.640743163360258,0.511462693463601,0.77037190292353,0.7,1,1,0.881108125030171,0.819676874978568,"middle"
27,11,-0.13785925290026,0.36214074709974,0.640743163360258,0.511462693463601,0.77037190292353,0.7,1,1,0.762662588997774,0.785919129889111,"middle"
27,12,-0.3768960178258,0.1231039821742,0.640743163360258,0.511462693463601,0.77037190292353,0.7,1,1,0.779455941887724,0.733017693983046,"near mean"
28,1,-1.61356800730717,1.11356800730717,0.656278076510211,0.523148689108733,0.789592922287935,0.7,1,1,0.825478006716145,0.757338251404457,"far from mean"
28,2,-1.66980633502184,1.16980633502184,0.656278076510211,0.523148689108733,0.789592922287935,0.7,1,1,0.933608429714096,0.971757676930686,"far from mean"
28,3,-1.40203916992612,0.902039169926122,0.656278076510211,0.523148689108733,0.789592922287935,0.7,1,1,0.903679283904806,0.894024116913649,"far from mean"
28,4,-1.52531492545853,1.02531492545853,0.656278076510211,0.523148689108733,0.789592922287935,0.7,1,1,0.862487120831246,0.87138076041419,"far from mean"
28,5,-0.004614410798499,0.495385589201501,0.656278076510211,0.523148689108733,0.789592922287935,0.7,1,1,0.80335208582367,0.74297130188081,"middle"
28,6,-0.334672418689342,0.165327581310658,0.656278076510211,0.523148689108733,0.789592922287935,0.7,1,1,0.801423215851212,0.788474689907329,"near mean"
28,7,0.447456271583706,0.947456271583706,0.656278076510211,0.523148689108733,0.789592922287935,0.7,1,1,0.79738170299448,0.77707053144532,"far from mean"
28,8,0.876455803600144,1.37645580360014,0.656278076510211,0.523148689108733,0.789592922287935,0.7,1,1,0.821636652898664,0.87199240016478,"far from mean"
28,9,-0.987880129386793,0.487880129386793,0.656278076510211,0.523148689108733,0.789592922287935,0.7,1,1,0.825767995454269,0.79306264603245,"middle"
28,10,-0.165724449414293,0.334275550585707,0.656278076510211,0.523148689108733,0.789592922287935,0.7,1,1,0.799678913009155,0.86229056101007,"middle"
28,11,0.00200511430901362,0.502005114309014,0.656278076510211,0.523148689108733,0.789592922287935,0.7,1,1,0.783548381546759,0.783585652118721,"middle"
28,12,0.377702656509727,0.877702656509727,0.656278076510211,0.523148689108733,0.789592922287935,0.7,1,1,0.786333506804312,0.823910436791874,"far from mean"
29,1,-1.50759341576064,1.00759341576064,0.621671543882746,0.490588188587996,0.753050091856381,0.7,0,0,0.818387097079305,0.807208404706766,"far from mean"
29,2,-0.960638203907833,0.460638203907833,0.621671543882746,0.490588188587996,0.753050091856381,0.7,1,1,0.844316923965573,0.889612512446728,"middle"
29,3,-0.878651947394676,0.378651947394676,0.621671543882746,0.490588188587996,0.753050091856381,0.7,1,1,0.765740108255489,0.748399773693258,"middle"
29,4,-0.610611965400185,0.110611965400185,0.621671543882746,0.490588188587996,0.753050091856381,0.7,0,0,0.780640567349619,0.750473409756457,"near mean"
29,5,0.350933351786421,0.850933351786421,0.621671543882746,0.490588188587996,0.753050091856381,0.7,1,1,0.782693027910565,0.742730476303535,"far from mean"
29,6,0.0116052866570452,0.511605286657045,0.621671543882746,0.490588188587996,0.753050091856381,0.7,1,1,0.767991476110177,0.743482903559584,"middle"
29,7,0.286142607521824,0.786142607521824,0.621671543882746,0.490588188587996,0.753050091856381,0.7,1,1,0.775586134299529,0.751424334762169,"far from mean"
29,8,-0.370298814939656,0.129701185060344,0.621671543882746,0.490588188587996,0.753050091856381,0.7,1,1,0.759897405345061,0.742208259543293,"near mean"
29,9,0.0923043346600307,0.592304334660031,0.621671543882746,0.490588188587996,0.753050091856381,0.7,1,1,0.776299814215664,0.755589826044206,"middle"
29,10,0.119155554018615,0.619155554018615,0.621671543882746,0.490588188587996,0.753050091856381,0.7,1,1,0.782131580165465,0.752497498957544,"middle"
29,11,-0.754265746651235,0.254265746651235,0.621671543882746,0.490588188587996,0.753050091856381,0.7,1,1,0.802987444894676,0.771067105048252,"near mean"
29,12,-1.77808104058971,1.27808104058971,0.621671543882746,0.490588188587996,0.753050091856381,0.7,1,1,0.88598702365989,0.946381997438432,"far from mean"
30,1,0.150541804121528,0.650541804121528,0.715120122530996,0.574590426416525,0.856204571285543,0.7,1,1,0.847025486337304,0.815413689031197,"middle"
30,2,-0.180082424937901,0.319917575062099,0.715120122530996,0.574590426416525,0.856204571285543,0.7,1,1,0.832376864823391,0.823860416693746,"near mean"
30,3,-1.09142892599594,0.591428925995939,0.715120122530996,0.574590426416525,0.856204571285543,0.7,1,1,0.854902716970338,0.804693641421872,"middle"
30,4,-2.05247855290208,1.55247855290208,0.715120122530996,0.574590426416525,0.856204571285543,0.7,1,1,1.12976492233685,1.18027563621304,"far from mean"
30,5,-1.6478293236472,1.1478293236472,0.715120122530996,0.574590426416525,0.856204571285543,0.7,1,1,1.00321724403949,0.973126772541849,"far from mean"
30,6,-0.0616150781617071,0.438384921838293,0.715120122530996,0.574590426416525,0.856204571285543,0.7,1,1,0.832977301191536,0.788675384537738,"middle"
30,7,0.377159484082118,0.877159484082118,0.715120122530996,0.574590426416525,0.856204571285543,0.7,1,1,0.874131456250035,0.88284286809823,"far from mean"
30,8,0.0658873680670101,0.56588736806701,0.715120122530996,0.574590426416525,0.856204571285543,0.7,1,1,0.844446157685856,0.773240737872963,"middle"
30,9,0.463581148487308,0.963581148487308,0.715120122530996,0.574590426416525,0.856204571285543,0.7,1,1,0.84782982442908,0.871202066726787,"far from mean"
30,10,-1.20429610172015,0.704296101720153,0.715120122530996,0.574590426416525,0.856204571285543,0.7,1,1,0.963580336907602,1.03685221691725,"middle"
30,11,-1.01244613141742,0.512446131417419,0.715120122530996,0.574590426416525,0.856204571285543,0.7,1,1,0.839306232129278,0.788459349917938,"middle"
30,12,0.193006734024435,0.693006734024435,0.715120122530996,0.574590426416525,0.856204571285543,0.7,1,1,0.844665535613408,0.819184504778347,"middle"
31,1,-2.56446680718634,2.06446680718634,0.63096501339043,0.495006248437473,0.76724639438381,0.7,1,1,1.2233444894038,1.29092501870109,"far from mean"
31,2,0.112993465227686,0.612993465227686,0.63096501339043,0.495006248437473,0.76724639438381,0.7,1,1,0.800198560761334,0.773250157517892,"middle"
31,3,-1.11215363518464,0.612153635184644,0.63096501339043,0.495006248437473,0.76724639438381,0.7,1,1,0.836527710592541,0.833668751233973,"middle"
31,4,1.23635261745386,1.73635261745386,0.63096501339043,0.495006248437473,0.76724639438381,0.7,1,1,0.843163597089788,0.805993136573726,"far from mean"
31,5,0.598211606273964,1.09821160627396,0.63096501339043,0.495006248437473,0.76724639438381,0.7,1,0,0.818652445382484,0.781912144692995,"far from mean"
31,6,-0.891266604507488,0.391266604507488,0.63096501339043,0.495006248437473,0.76724639438381,0.7,1,1,0.782066828521965,0.75948788550274,"middle"
31,7,-0.813774058953754,0.313774058953754,0.63096501339043,0.495006248437473,0.76724639438381,0.7,1,1,0.865656136586183,0.882298880595416,"near mean"
31,8,-0.539717287775649,0.0397172877756486,0.63096501339043,0.495006248437473,0.76724639438381,0.7,1,1,0.851612253991299,0.839374840639693,"near mean"
31,9,-0.754826718354461,0.254826718354461,0.63096501339043,0.495006248437473,0.76724639438381,0.7,1,1,0.828872679247048,0.756017445996869,"near mean"
31,10,-0.431488275246382,0.0685117247536181,0.63096501339043,0.495006248437473,0.76724639438381,0.7,1,1,0.810498339437287,0.85402836808311,"near mean"
31,11,0.306517837980937,0.806517837980937,0.63096501339043,0.495006248437473,0.76724639438381,0.7,1,1,0.809750862669893,0.761443495259894,"far from mean"
31,12,-1.14638213972773,0.646382139727725,0.63096501339043,0.495006248437473,0.76724639438381,0.7,1,1,0.819200719127581,0.869158675442637,"middle"
32,1,-1.53468211762977,1.03468211762977,0.669077396801932,0.542825634933331,0.795567654636523,0.7,1,1,0.761837942598031,0.755513675515828,"far from mean"
32,2,0.0390274657059543,0.539027465705954,0.669077396801932,0.542825634933331,0.795567654636523,0.7,1,1,0.695620051252336,0.715292256095529,"middle"
32,3,-0.550640583596026,0.0506405835960263,0.669077396801932,0.542825634933331,0.795567654636523,0.7,0,0,0.708228737045212,0.719841760939939,"near mean"
32,4,-0.965704793347134,0.465704793347134,0.669077396801932,0.542825634933331,0.795567654636523,0.7,1,1,0.735807694860211,0.807010440884214,"middle"
32,5,-0.177967529660947,0.322032470339053,0.669077396801932,0.542825634933331,0.795567654636523,0.7,1,1,0.706101890681893,0.717618953274456,"near mean"
32,6,-0.249777647723342,0.250222352276658,0.669077396801932,0.542825634933331,0.795567654636523,0.7,1,1,0.708650542501053,0.698082206583998,"near mean"
32,7,0.1283403575765,0.6283403575765,0.669077396801932,0.542825634933331,0.795567654636523,0.7,1,1,0.717403982443561,0.690861883557758,"middle"
32,8,-0.730549048993949,0.230549048993949,0.669077396801932,0.542825634933331,0.795567654636523,0.7,1,1,0.718582454769693,0.677629905075765,"near mean"
32,9,-0.585302601667198,0.0853026016671986,0.669077396801932,0.542825634933331,0.795567654636523,0.7,1,1,0.709753680117969,0.700161021590671,"near mean"
32,10,-0.252919990901197,0.247080009098803,0.669077396801932,0.542825634933331,0.795567654636523,0.7,0,0,0.724709099319464,0.713936816134402,"near mean"
32,11,-0.653067941424031,0.153067941424031,0.669077396801932,0.542825634933331,0.795567654636523,0.7,1,1,0.732145487610063,0.721825272987081,"near mean"
32,12,-0.466755568338854,0.0332444316611458,0.669077396801932,0.542825634933331,0.795567654636523,0.7,1,1,0.702660204553376,0.751211227197383,"near mean"
33,1,0.153077209304608,0.653077209304608,0.702461861974562,0.55864554279782,0.846779691703564,0.7,1,1,0.824559223957467,0.727719733575615,"middle"
33,2,0.716421892421448,1.21642189242145,0.702461861974562,0.55864554279782,0.846779691703564,0.7,1,1,0.843643191925261,0.863943423945267,"far from mean"
33,3,-0.665201913359522,0.165201913359521,0.702461861974562,0.55864554279782,0.846779691703564,0.7,1,1,0.830787285538292,0.745239284685076,"near mean"
33,4,-1.38458859347846,0.884588593478462,0.702461861974562,0.55864554279782,0.846779691703564,0.7,1,1,0.937382749408042,0.939739732776559,"far from mean"
33,5,-0.995448619398094,0.495448619398094,0.702461861974562,0.55864554279782,0.846779691703564,0.7,1,1,0.833464414248074,0.814706598537007,"middle"
33,6,0.451656378830426,0.951656378830426,0.702461861974562,0.55864554279782,0.846779691703564,0.7,1,1,0.798003955595887,0.799345177234925,"far from mean"
33,7,0.619304423472083,1.11930442347208,0.702461861974562,0.55864554279782,0.846779691703564,0.7,1,1,0.83263468973529,0.767815418049033,"far from mean"
33,8,-1.91937021382673,1.41937021382673,0.702461861974562,0.55864554279782,0.846779691703564,0.7,1,1,1.23871815389708,1.20663777211579,"far from mean"
33,9,-0.664401364422312,0.164401364422312,0.702461861974562,0.55864554279782,0.846779691703564,0.7,1,1,0.808288405049269,0.80519941160248,"near mean"
33,10,-2.02437387710479,1.52437387710479,0.702461861974562,0.55864554279782,0.846779691703564,0.7,1,1,1.13005070322428,1.0992696780214,"far from mean"
33,11,-0.198261745459534,0.301738254540466,0.702461861974562,0.55864554279782,0.846779691703564,0.7,1,1,0.813023817271432,0.786715503847011,"near mean"
33,12,-0.088813576979122,0.411186423020878,0.702461861974562,0.55864554279782,0.846779691703564,0.7,1,1,0.820849240373104,0.749977745557827,"middle"
34,1,-0.543389451193834,0.0433894511938341,0.587317607336455,0.453191285127292,0.721761170873392,0.7,1,1,0.788583598482613,0.758547401312851,"near mean"
34,2,-0.882608175211254,0.382608175211254,0.587317607336455,0.453191285127292,0.721761170873392,0.7,1,1,0.831378782633465,0.866903160533835,"middle"
34,3,-1.834087610688,1.334087610688,0.587317607336455,0.453191285127292,0.721761170873392,0.7,1,1,0.932415536386127,0.997788052820231,"far from mean"
34,4,1.07143916905429,1.57143916905429,0.587317607336455,0.453191285127292,0.721761170873392,0.7,0,0,0.819317394973737,0.850308648307268,"far from mean"
34,5,0.767636714623363,1.26763671462336,0.587317607336455,0.453191285127292,0.721761170873392,0.7,1,1,0.829541546125213,0.879719756140518,"far from mean"
34,6,-0.303526395411112,0.196473604588888,0.587317607336455,0.453191285127292,0.721761170873392,0.7,1,1,0.78401112277799,0.732908164091697,"near mean"
34,7,-0.996521427484723,0.496521427484723,0.587317607336455,0.453191285127292,0.721761170873392,0.7,1,1,0.851506708219137,0.794817883089169,"middle"
34,8,0.339633686646507,0.839633686646507,0.587317607336455,0.453191285127292,0.721761170873392,0.7,1,1,0.800899506003691,0.865531564929128,"far from mean"
34,9,-0.647914114836426,0.147914114836426,0.587317607336455,0.453191285127292,0.721761170873392,0.7,1,1,0.821898125882468,0.805256543612417,"near mean"
34,10,-1.51290785838863,1.01290785838863,0.587317607336455,0.453191285127292,0.721761170873392,0.7,1,1,0.930383466756312,0.962022237916877,"far from mean"
34,11,0.311612545511801,0.811612545511801,0.587317607336455,0.453191285127292,0.721761170873392,0.7,1,1,0.805908229029196,0.802490535001248,"far from mean"
34,12,-1.76936708262198,1.26936708262198,0.587317607336455,0.453191285127292,0.721761170873392,0.7,1,1,0.865066434613958,0.832393287487994,"far from mean"
35,1,-0.640929381501606,0.140929381501606,0.669901715604759,0.534720332358781,0.805496890241473,0.7,1,1,0.824612755976333,0.916540945412651,"near mean"
35,2,-0.46414249185468,0.0358575081453197,0.669901715604759,0.534720332358781,0.805496890241473,0.7,1,1,0.817221612582305,0.857378530185663,"near mean"
35,3,-1.21704589982813,0.717045899828134,0.669901715604759,0.534720332358781,0.805496890241473,0.7,1,1,0.819151522206881,0.790445563444635,"middle"
35,4,-0.0676446979062804,0.43235530209372,0.669901715604759,0.534720332358781,0.805496890241473,0.7,1,1,0.779189884226645,0.77425308286935,"middle"
35,5,-1.58660492878628,1.08660492878628,0.669901715604759,0.534720332358781,0.805496890241473,0.7,1,1,0.908545599391438,0.911028694697028,"far from mean"
35,6,-1.17179130829224,0.671791308292242,0.669901715604759,0.534720332358781,0.805496890241473,0.7,1,1,0.809789581640061,0.835584585226238,"middle"
35,7,0.245169874859346,0.745169874859346,0.669901715604759,0.534720332358781,0.805496890241473,0.7,1,1,0.767240454572496,0.688143674966168,"middle"
35,8,-0.532177714871488,0.032177714871488,0.669901715604759,0.534720332358781,0.805496890241473,0.7,1,1,0.785512952150979,0.763174576240245,"near mean"
35,9,-0.69381713192692,0.19381713192692,0.669901715604759,0.534720332358781,0.805496890241473,0.7,1,1,0.836225416062359,0.836196561393925,"near mean"
35,10,-0.204691352380864,0.295308647619136,0.669901715604759,0.534720332358781,0.805496890241473,0.7,1,1,0.762231986243317,0.756484384905282,"near mean"
35,11,-0.459211630977842,0.0407883690221578,0.669901715604759,0.534720332358781,0.805496890241473,0.7,1,1,0.77002039345957,0.80049312418188,"near mean"
35,12,0.792886663466988,1.29288666346699,0.669901715604759,0.534720332358781,0.805496890241473,0.7,0,0,0.781025797405428,0.744234154285783,"far from mean"
36,1,0.550080697455244,1.05008069745524,0.590686318618497,0.465170445945332,0.716466094027754,0.7,1,1,0.771379799544627,0.758852758603755,"far from mean"
36,2,-0.908180615617296,0.408180615617296,0.590686318618497,0.465170445945332,0.716466094027754,0.7,1,1,0.73961824885621,0.714959806382538,"middle"
36,3,-1.1865612237814,0.686561223781396,0.590686318618497,0.465170445945332,0.716466094027754,0.7,1,1,0.76579307733298,0.703118049751694,"middle"
36,4,-0.624277143069383,0.124277143069383,0.590686318618497,0.465170445945332,0.716466094027754,0.7,1,1,0.722756494753016,0.695214209843895,"near mean"
36,5,-0.451884202983109,0.0481157970168911,0.590686318618497,0.465170445945332,0.716466094027754,0.7,1,1,0.743962878579538,0.75684985502515,"near mean"
36,6,-1.45421226693273,0.954212266932729,0.590686318618497,0.465170445945332,0.716466094027754,0.7,0,0,0.778719218338903,0.82604918744307,"far from mean"
36,7,1.02491150170195,1.52491150170195,0.590686318618497,0.465170445945332,0.716466094027754,0.7,0,0,0.773183070286156,0.863961238755734,"far from mean"
36,8,0.0525339564971802,0.55253395649718,0.590686318618497,0.465170445945332,0.716466094027754,0.7,1,1,0.727659801811136,0.673111416984554,"middle"
36,9,-0.642655413333077,0.142655413333077,0.590686318618497,0.465170445945332,0.716466094027754,0.7,1,1,0.748151592336477,0.757891412345918,"near mean"
36,10,-0.488966663557849,0.0110333364421506,0.590686318618497,0.465170445945332,0.716466094027754,0.7,1,1,0.785590703454149,0.790300304250351,"near mean"
36,11,-1.04498593744056,0.544985937440555,0.590686318618497,0.465170445945332,0.716466094027754,0.7,1,1,0.77845335569578,0.834241819205545,"middle"
36,12,-0.825802688938984,0.325802688938984,0.590686318618497,0.465170445945332,0.716466094027754,0.7,1,1,0.78342078607301,0.74952910574015,"middle"
37,1,-1.10318863173224,0.603188631732236,0.544017475722196,0.41886732164393,0.669501879497532,0.7,1,1,0.786422524544928,0.728503724151641,"middle"
37,2,0.346047737306837,0.846047737306837,0.544017475722196,0.41886732164393,0.669501879497532,0.7,1,1,0.756621136520123,0.801369732019326,"far from mean"
37,3,-0.591562091017375,0.0915620910173749,0.544017475722196,0.41886732164393,0.669501879497532,0.7,1,1,0.755785638876735,0.777422271726157,"near mean"
37,4,-0.652528509194211,0.152528509194211,0.544017475722196,0.41886732164393,0.669501879497532,0.7,1,1,0.742652898134426,0.769983173879528,"near mean"
37,5,-0.356453097666278,0.143546902333722,0.544017475722196,0.41886732164393,0.669501879497532,0.7,1,1,0.744905849070017,0.693040427475646,"near mean"
37,6,-0.0244784793822162,0.475521520617784,0.544017475722196,0.41886732164393,0.669501879497532,0.7,1,1,0.744023531357304,0.705986776241349,"middle"
37,7,-0.476561148041221,0.0234388519587792,0.544017475722196,0.41886732164393,0.669501879497532,0.7,1,1,0.739740902981303,0.733382027788213,"near mean"
37,8,-0.023166060391491,0.476833939608509,0.544017475722196,0.41886732164393,0.669501879497532,0.7,1,1,0.73953193564109,0.720466677536995,"middle"
37,9,-0.750750425963809,0.250750425963809,0.544017475722196,0.41886732164393,0.669501879497532,0.7,1,1,0.754011158478252,0.715121713291924,"near mean"
37,10,-1.26965649197413,0.769656491974128,0.544017475722196,0.41886732164393,0.669501879497532,0.7,1,1,0.840069700808574,0.892263874990072,"far from mean"
37,11,-0.731682103521909,0.231682103521909,0.544017475722196,0.41886732164393,0.669501879497532,0.7,1,1,0.745713952858919,0.720236981217858,"near mean"
37,12,-0.366020698421963,0.133979301578037,0.544017475722196,0.41886732164393,0.669501879497532,0.7,1,1,0.747522022682988,0.766454616671836,"near mean"
38,1,-1.29418211325774,0.794182113257737,0.646264755823522,0.514825922347257,0.77796865944898,0.7,1,1,0.796927870533019,0.878040503326866,"far from mean"
38,2,-1.00898519478818,0.508985194788182,0.646264755823522,0.514825922347257,0.77796865944898,0.7,1,1,0.822765543237272,0.791128046758391,"middle"
38,3,-1.21767370014108,0.717673700141078,0.646264755823522,0.514825922347257,0.77796865944898,0.7,1,1,0.87200988237466,0.833451422663651,"middle"
38,4,0.25200843681171,0.75200843681171,0.646264755823522,0.514825922347257,0.77796865944898,0.7,1,1,0.757860788137593,0.672360682716232,"far from mean"
38,5,-0.532758085583086,0.032758085583086,0.646264755823522,0.514825922347257,0.77796865944898,0.7,1,1,0.745351064746355,0.754331230256085,"near mean"
38,6,-1.1644862068905,0.664486206890497,0.646264755823522,0.514825922347257,0.77796865944898,0.7,1,1,0.800693549131399,0.816719702500051,"middle"
38,7,1.64643721515389,2.14643721515389,0.646264755823522,0.514825922347257,0.77796865944898,0.7,0,0,0.826569541477813,0.813704555480264,"far from mean"
38,8,-0.860946067904753,0.360946067904753,0.646264755823522,0.514825922347257,0.77796865944898,0.7,0,0,0.855360877241507,0.832157859949526,"middle"
38,9,-0.485620926255518,0.0143790737444825,0.646264755823522,0.514825922347257,0.77796865944898,0.7,1,1,0.778160000061979,0.761497242455454,"near mean"
38,10,-0.379885603929555,0.120114396070445,0.646264755823522,0.514825922347257,0.77796865944898,0.7,1,1,0.765203211103607,0.73314134118626,"near mean"
38,11,-0.0382691207636467,0.461730879236353,0.646264755823522,0.514825922347257,0.77796865944898,0.7,1,1,0.777431516716355,0.819224243859261,"middle"
38,12,-0.915638632451545,0.415638632451545,0.646264755823522,0.514825922347257,0.77796865944898,0.7,1,1,0.746454090069038,0.706538647098321,"middle"
39,1,0.613844692274687,1.11384469227469,0.609746198804806,0.48103607136264,0.738758637020777,0.7,0,0,0.741927815577192,0.69764550549144,"far from mean"
39,2,0.0752667198424669,0.575266719842467,0.609746198804806,0.48103607136264,0.738758637020777,0.7,1,1,0.75967899025667,0.720448417892795,"middle"
39,3,-0.336600545724546,0.163399454275454,0.609746198804806,0.48103607136264,0.738758637020777,0.7,1,1,0.778035100297032,0.722693177226564,"near mean"
39,4,-0.748686444877376,0.248686444877376,0.609746198804806,0.48103607136264,0.738758637020777,0.7,1,1,0.759267577058927,0.751616318973199,"near mean"
39,5,-0.992710209369495,0.492710209369495,0.609746198804806,0.48103607136264,0.738758637020777,0.7,1,1,0.758165340187022,0.75607136438325,"middle"
39,6,-1.29522847929616,0.79522847929616,0.609746198804806,0.48103607136264,0.738758637020777,0.7,1,1,0.791883946376579,0.747295114641476,"far from mean"
39,7,-0.636672314442069,0.136672314442069,0.609746198804806,0.48103607136264,0.738758637020777,0.7,1,1,0.73169417536636,0.742626082966018,"near mean"
39,8,-0.933135503405693,0.433135503405693,0.609746198804806,0.48103607136264,0.738758637020777,0.7,1,1,0.765380583753984,0.71631915549501,"middle"
39,9,0.0555309119859038,0.555530911985904,0.609746198804806,0.48103607136264,0.738758637020777,0.7,1,1,0.752622193198389,0.725601734045255,"middle"
39,10,-0.30984856904899,0.19015143095101,0.609746198804806,0.48103607136264,0.738758637020777,0.7,1,1,0.74234268170143,0.712149937226263,"near mean"
39,11,-1.28920960965103,0.789209609651031,0.609746198804806,0.48103607136264,0.738758637020777,0.7,0,0,0.793329319469356,0.753096263890618,"far from mean"
39,12,-0.202550648287696,0.297449351712304,0.609746198804806,0.48103607136264,0.738758637020777,0.7,1,1,0.726889861943415,0.680962582729811,"near mean"
40,1,-0.458085841847506,0.0419141581524938,0.666649663794294,0.534637098392952,0.798945004487545,0.7,1,1,0.823014700856475,0.766470677063346,"near mean"
40,2,0.452233116058246,0.952233116058246,0.666649663794294,0.534637098392952,0.798945004487545,0.7,1,1,0.811922969117183,0.861333793644905,"far from mean"
40,3,0.0786947567112029,0.578694756711203,0.666649663794294,0.534637098392952,0.798945004487545,0.7,1,1,0.800220814224085,0.815058718719736,"middle"
40,4,-1.53095359830377,1.03095359830377,0.666649663794294,0.534637098392952,0.798945004487545,0.7,1,1,0.849237702623562,0.808820916177079,"far from mean"
40,5,-0.87209954410443,0.37209954410443,0.666649663794294,0.534637098392952,0.798945004487545,0.7,1,1,0.791798215859212,0.817048147916684,"middle"
40,6,-0.609569832788072,0.109569832788072,0.666649663794294,0.534637098392952,0.798945004487545,0.7,1,1,0.791505398428521,0.758518515915028,"near mean"
40,7,-0.703241116934939,0.203241116934939,0.666649663794294,0.534637098392952,0.798945004487545,0.7,1,1,0.804441959769837,0.793680561836943,"near mean"
40,8,0.112893895067663,0.612893895067663,0.666649663794294,0.534637098392952,0.798945004487545,0.7,1,1,0.76742459995215,0.775341630487946,"middle"
40,9,-0.529140271184055,0.0291402711840549,0.666649663794294,0.534637098392952,0.798945004487545,0.7,1,1,0.768680013638047,0.666840989992108,"near mean"
40,10,0.316108001509407,0.816108001509407,0.666649663794294,0.534637098392952,0.798945004487545,0.7,1,1,0.804997513774744,0.765250701120877,"far from mean"
40,11,-1.23118932733231,0.731189327332308,0.666649663794294,0.534637098392952,0.798945004487545,0.7,1,1,0.824541713875809,0.78871945776364,"middle"
40,12,-1.02565023685144,0.525650236851435,0.666649663794294,0.534637098392952,0.798945004487545,0.7,0,0,0.787380062410504,0.781538770217725,"middle"
41,1,-0.829080514658709,0.329080514658709,0.60532730272429,0.471661682315981,0.739338174064656,0.7,1,1,0.55141386428871,0.535620448805662,"middle"
41,2,-0.69544176691827,0.19544176691827,0.60532730272429,0.471661682315981,0.739338174064656,0.7,1,1,0.545926110050374,0.584912815616631,"near mean"
41,3,-0.526635737296005,0.0266357372960054,0.60532730272429,0.471661682315981,0.739338174064656,0.7,1,1,0.53817444785723,0.520014702267132,"near mean"
41,4,-0.718038244152362,0.218038244152362,0.60532730272429,0.471661682315981,0.739338174064656,0.7,1,1,0.529253926917531,0.4965247924199,"near mean"
41,5,-0.436022145733019,0.0639778542669813,0.60532730272429,0.471661682315981,0.739338174064656,0.7,1,1,0.546977037428658,0.524504758549565,"near mean"
41,6,-0.395116357668091,0.104883642331909,0.60532730272429,0.471661682315981,0.739338174064656,0.7,1,1,0.553553912808033,0.536867785810059,"near mean"
41,7,-0.794100538203274,0.294100538203274,0.60532730272429,0.471661682315981,0.739338174064656,0.7,1,1,0.53518475488589,0.53182451432003,"near mean"
41,8,-0.0837121842420852,0.416287815757915,0.60532730272429,0.471661682315981,0.739338174064656,0.7,1,1,0.580657348375057,0.567803079908,"middle"
41,9,-0.294988425668114,0.205011574331886,0.60532730272429,0.471661682315981,0.739338174064656,0.7,0,0,0.538219389243608,0.524445016831321,"near mean"
41,10,-0.355072030330122,0.144927969669878,0.60532730272429,0.471661682315981,0.739338174064656,0.7,1,1,0.528195437090519,0.525386192924949,"near mean"
41,11,-0.714473969409616,0.214473969409616,0.60532730272429,0.471661682315981,0.739338174064656,0.7,1,1,0.528057459379156,0.490835853809967,"near mean"
41,12,-0.157318085720333,0.342681914279667,0.60532730272429,0.471661682315981,0.739338174064656,0.7,1,0,0.552499690052464,0.531899662560285,"middle"
42,1,-0.298892223365322,0.201107776634678,0.673313502703297,0.54207763849448,0.804894928764594,0.7,1,1,0.744547262251438,0.749791314111093,"near mean"
42,2,-0.0553102884517036,0.444689711548296,0.673313502703297,0.54207763849448,0.804894928764594,0.7,1,1,0.762041832606793,0.73570695760993,"middle"
42,3,-0.911106653373216,0.411106653373216,0.673313502703297,0.54207763849448,0.804894928764594,0.7,1,1,0.742624080037248,0.689974639486161,"middle"
42,4,-0.262456905058575,0.237543094941425,0.673313502703297,0.54207763849448,0.804894928764594,0.7,1,1,0.800116490077606,0.765273619090362,"near mean"
42,5,-0.0545976788973695,0.445402321102631,0.673313502703297,0.54207763849448,0.804894928764594,0.7,1,1,0.75142703739136,0.773422737778597,"middle"
42,6,0.082483366045919,0.582483366045919,0.673313502703297,0.54207763849448,0.804894928764594,0.7,1,1,0.781220446000682,0.759916086587328,"middle"
42,7,-0.48513334252015,0.0148666574798505,0.673313502703297,0.54207763849448,0.804894928764594,0.7,1,1,0.749110743514867,0.668120932027403,"near mean"
42,8,-0.424831609320675,0.0751683906793251,0.673313502703297,0.54207763849448,0.804894928764594,0.7,1,1,0.772216362954607,0.743696070045393,"near mean"
42,9,-1.43795176419638,0.93795176419638,0.673313502703297,0.54207763849448,0.804894928764594,0.7,1,1,0.841830567921856,0.851775604356205,"far from mean"
42,10,-1.23763025179191,0.737630251791913,0.673313502703297,0.54207763849448,0.804894928764594,0.7,1,1,0.855545917693016,0.814444435814037,"middle"
42,11,-0.805124768217731,0.305124768217731,0.673313502703297,0.54207763849448,0.804894928764594,0.7,1,1,0.809617018291829,0.812561211063212,"near mean"
42,12,-0.109447880852885,0.390552119147115,0.673313502703297,0.54207763849448,0.804894928764594,0.7,1,1,0.729425138039683,0.756811408345578,"middle"
43,1,-0.968541680812709,0.468541680812709,0.547752374273172,0.420457719535007,0.675337979230959,0.7,1,1,0.799544652552213,0.797273333033346,"middle"
43,2,-1.14477229468417,0.644772294684165,0.547752374273172,0.420457719535007,0.675337979230959,0.7,1,1,0.841719064831316,0.804679948910212,"middle"
43,3,-0.0369533799831466,0.463046620016853,0.547752374273172,0.420457719535007,0.675337979230959,0.7,1,1,0.775457804866977,0.784527912023591,"middle"
43,4,-0.250232667819934,0.249767332180066,0.547752374273172,0.420457719535007,0.675337979230959,0.7,1,1,0.783669457894712,0.763607764399593,"near mean"
43,5,-1.77315209674014,1.27315209674014,0.547752374273172,0.420457719535007,0.675337979230959,0.7,1,1,0.873196874898667,0.871183057135781,"far from mean"
43,6,-0.537457359917663,0.0374573599176633,0.547752374273172,0.420457719535007,0.675337979230959,0.7,1,1,0.793968971748644,0.877793162732853,"near mean"
43,7,-0.242856453121771,0.257143546878229,0.547752374273172,0.420457719535007,0.675337979230959,0.7,1,1,0.775205390746497,0.78323924685927,"near mean"
43,8,-1.4418851145956,0.941885114595605,0.547752374273172,0.420457719535007,0.675337979230959,0.7,1,1,0.883852195758163,0.932424928535721,"far from mean"
43,9,0.0269018834682602,0.52690188346826,0.547752374273172,0.420457719535007,0.675337979230959,0.7,1,1,0.800173707179293,0.802799395815095,"middle"
43,10,0.0364746604693386,0.536474660469339,0.547752374273172,0.420457719535007,0.675337979230959,0.7,1,1,0.790293982191317,0.758512207264038,"middle"
43,11,-0.581726094201092,0.0817260942010917,0.547752374273172,0.420457719535007,0.675337979230959,0.7,1,1,0.7855161281502,0.764652427285999,"near mean"
43,12,0.914200597938623,1.41420059793862,0.547752374273172,0.420457719535007,0.675337979230959,0.7,1,1,0.799782472029825,0.848139388136574,"far from mean"
44,1,-1.00448526361719,0.504485263617195,0.66603093504898,0.532697632607476,0.799696876059159,0.7,1,1,0.848339386564988,0.860882289770252,"middle"
44,2,-1.11683114590163,0.616831145901627,0.66603093504898,0.532697632607476,0.799696876059159,0.7,1,1,0.868024724178738,0.896404238277882,"middle"
44,3,0.441149681347073,0.941149681347073,0.66603093504898,0.532697632607476,0.799696876059159,0.7,1,1,0.813359829874467,0.826396095000983,"far from mean"
44,4,-0.660475840915378,0.160475840915378,0.66603093504898,0.532697632607476,0.799696876059159,0.7,1,1,0.822694556263746,0.842944111169188,"near mean"
44,5,-0.806617356335093,0.306617356335093,0.66603093504898,0.532697632607476,0.799696876059159,0.7,1,1,0.80377970542753,0.790566647656624,"near mean"
44,6,-1.51065573236981,1.01065573236981,0.66603093504898,0.532697632607476,0.799696876059159,0.7,1,1,0.902680604207235,0.855444533547812,"far from mean"
44,7,-0.0379982187811849,0.462001781218815,0.66603093504898,0.532697632607476,0.799696876059159,0.7,1,1,0.798598183451302,0.807408648871686,"middle"
44,8,-0.472328491318591,0.0276715086814088,0.66603093504898,0.532697632607476,0.799696876059159,0.7,1,1,0.78861038640954,0.812205129268379,"near mean"
44,9,0.393171629614982,0.893171629614982,0.66603093504898,0.532697632607476,0.799696876059159,0.7,1,1,0.805932748958056,0.823440442463838,"far from mean"
44,10,0.0529484322633378,0.552948432263338,0.66603093504898,0.532697632607476,0.799696876059159,0.7,1,1,0.779584132307932,0.761491812765887,"middle"
44,11,-0.911222655456847,0.411222655456847,0.66603093504898,0.532697632607476,0.799696876059159,0.7,1,1,0.813301593397892,0.807901856063413,"middle"
44,12,-0.36665503852967,0.13334496147033,0.66603093504898,0.532697632607476,0.799696876059159,0.7,1,1,0.799549823222983,0.780985028294927,"near mean"
45,1,-0.045231147702373,0.454768852297627,0.772679622064644,0.638221844491641,0.907523277246715,0.7,1,1,0.789453338445718,0.807411118275379,"middle"
45,2,-0.159017865160425,0.340982134839575,0.772679622064644,0.638221844491641,0.907523277246715,0.7,1,1,0.800142331539,0.86018211943106,"middle"
45,3,0.66777636230377,1.16777636230377,0.772679622064644,0.638221844491641,0.907523277246715,0.7,1,1,0.815982238938481,0.796542339597746,"far from mean"
45,4,-0.038387779294576,0.461612220705424,0.772679622064644,0.638221844491641,0.907523277246715,0.7,1,1,0.830409952297752,0.805394783060147,"middle"
45,5,0.954328461331796,1.4543284613318,0.772679622064644,0.638221844491641,0.907523277246715,0.7,1,1,0.825326684985986,0.842300537479378,"far from mean"
45,6,-0.723301205999628,0.223301205999628,0.772679622064644,0.638221844491641,0.907523277246715,0.7,1,1,0.787531158153094,0.791961864450945,"near mean"
45,7,-1.6831527748784,1.1831527748784,0.772679622064644,0.638221844491641,0.907523277246715,0.7,1,1,0.901994298584799,0.940997515734228,"far from mean"
45,8,-1.44438984929581,0.944389849295811,0.772679622064644,0.638221844491641,0.907523277246715,0.7,1,1,0.84357786149018,0.840668683708338,"far from mean"
45,9,-0.304340171684756,0.195659828315244,0.772679622064644,0.638221844491641,0.907523277246715,0.7,1,1,0.800759884830253,0.758908381541575,"near mean"
45,10,-1.14835781689244,0.64835781689244,0.772679622064644,0.638221844491641,0.907523277246715,0.7,1,1,0.876982944998138,0.897582787191135,"middle"
45,11,-1.37531843124131,0.875318431241312,0.772679622064644,0.638221844491641,0.907523277246715,0.7,1,1,0.872969531465265,0.817576487536816,"far from mean"
45,12,-0.700607781485841,0.200607781485841,0.772679622064644,0.638221844491641,0.907523277246715,0.7,1,1,0.803062011544269,0.784124268061502,"near mean"
46,1,-0.944174156860483,0.444174156860483,0.676069359721188,0.538774439848582,0.813602642689217,0.7,1,1,0.865856738174628,0.880504777702665,"middle"
46,2,-0.140352424396828,0.359647575603172,0.676069359721188,0.538774439848582,0.813602642689217,0.7,1,1,0.824232168694681,0.772096193072341,"middle"
46,3,-1.21705567492888,0.717055674928881,0.676069359721188,0.538774439848582,0.813602642689217,0.7,0,1,0.833771171625538,0.78898984384648,"middle"
46,4,0.198388283271363,0.698388283271363,0.676069359721188,0.538774439848582,0.813602642689217,0.7,1,1,0.825679883678247,0.829258147075017,"middle"
46,5,-1.79210423592692,1.29210423592692,0.676069359721188,0.538774439848582,0.813602642689217,0.7,1,1,0.958804367643735,0.98006980853071,"far from mean"
46,6,0.0342300402303681,0.534230040230368,0.676069359721188,0.538774439848582,0.813602642689217,0.7,1,1,0.827433028370609,0.835943939418912,"middle"
46,7,-0.359464509873487,0.140535490126513,0.676069359721188,0.538774439848582,0.813602642689217,0.7,1,1,0.826774645634414,0.853976690048676,"near mean"
46,8,-1.28723607245705,0.78723607245705,0.676069359721188,0.538774439848582,0.813602642689217,0.7,1,1,0.926271257578747,0.870424009287845,"far from mean"
46,9,-2.13129491838041,1.63129491838041,0.676069359721188,0.538774439848582,0.813602642689217,0.7,1,1,1.2008286095322,1.22726075406501,"far from mean"
46,10,-0.603347245100053,0.103347245100053,0.676069359721188,0.538774439848582,0.813602642689217,0.7,1,1,0.825175122109056,0.796240044854888,"near mean"
46,11,1.4515087334454,1.9515087334454,0.676069359721188,0.538774439848582,0.813602642689217,0.7,0,1,0.873139381669718,0.888289998687456,"far from mean"
46,12,0.79090218097699,1.29090218097699,0.676069359721188,0.538774439848582,0.813602642689217,0.7,1,1,0.86722229549212,0.846846634991925,"far from mean"
47,1,-0.210324106443495,0.289675893556505,0.719970991502143,0.583764991219308,0.856476272232042,0.7,1,1,0.785763892110749,0.768270015661604,"near mean"
47,2,-1.37019428882684,0.870194288826843,0.719970991502143,0.583764991219308,0.856476272232042,0.7,1,1,0.886159397343511,0.906066974611947,"far from mean"
47,3,-0.491547639891405,0.00845236010859482,0.719970991502143,0.583764991219308,0.856476272232042,0.7,1,1,0.815434406328525,0.793008001154772,"near mean"
47,4,-0.0263800788618397,0.47361992113816,0.719970991502143,0.583764991219308,0.856476272232042,0.7,1,0,0.777148390202875,0.720873137503302,"middle"
47,5,0.420395447527617,0.920395447527617,0.719970991502143,0.583764991219308,0.856476272232042,0.7,0,0,0.81428376479491,0.797116070932429,"far from mean"
47,6,-0.468904374638402,0.0310956253615975,0.719970991502143,0.583764991219308,0.856476272232042,0.7,1,1,0.771704526302156,0.748799924695365,"near mean"
47,7,-2.06671862782348,1.56671862782348,0.719970991502143,0.583764991219308,0.856476272232042,0.7,1,1,1.00426950406288,0.98009647855934,"far from mean"
47,8,-0.624360921809311,0.124360921809311,0.719970991502143,0.583764991219308,0.856476272232042,0.7,1,1,0.814286878302015,0.820676730316733,"near mean"
47,9,1.02746461824802,1.52746461824802,0.719970991502143,0.583764991219308,0.856476272232042,0.7,0,0,0.840423996507854,0.83217403196085,"far from mean"
47,10,-0.534505678960366,0.0345056789603658,0.719970991502143,0.583764991219308,0.856476272232042,0.7,1,1,0.766850367767892,0.704672784469681,"near mean"
47,11,0.85660645627583,1.35660645627583,0.719970991502143,0.583764991219308,0.856476272232042,0.7,1,1,0.800204983823897,0.781022165603644,"far from mean"
47,12,-2.51153080479632,2.01153080479632,0.719970991502143,0.583764991219308,0.856476272232042,0.7,1,1,1.12850278474092,1.22430298241084,"far from mean"
48,1,0.611622032952334,1.11162203295233,0.782027563843459,0.642698072869814,0.921912060153382,0.7,1,1,0.79394744124538,0.762241670532132,"far from mean"
48,2,-0.324862646384093,0.175137353615907,0.782027563843459,0.642698072869814,0.921912060153382,0.7,1,1,0.816246848722451,0.792372538072002,"near mean"
48,3,-1.0067742999688,0.5067742999688,0.782027563843459,0.642698072869814,0.921912060153382,0.7,1,1,0.859256814639557,0.877798155977716,"middle"
48,4,0.998454299828904,1.4984542998289,0.782027563843459,0.642698072869814,0.921912060153382,0.7,1,0,0.818177925959803,0.772381702900231,"far from mean"
48,5,-1.45863674488352,0.958636744883518,0.782027563843459,0.642698072869814,0.921912060153382,0.7,1,1,0.879059110235445,0.880518707347396,"far from mean"
48,6,-0.233544353436502,0.266455646563498,0.782027563843459,0.642698072869814,0.921912060153382,0.7,1,1,0.815766721635638,0.863955306897825,"near mean"
48,7,-0.102996265983783,0.397003734016217,0.782027563843459,0.642698072869814,0.921912060153382,0.7,1,1,0.793305871374531,0.791640966845933,"middle"
48,8,-0.656112376496848,0.156112376496848,0.782027563843459,0.642698072869814,0.921912060153382,0.7,1,1,0.836938480671612,0.781375354141886,"near mean"
48,9,-0.887234524243975,0.387234524243975,0.782027563843459,0.642698072869814,0.921912060153382,0.7,1,1,0.800644726814163,0.746168439090549,"middle"
48,10,-1.73993760580583,1.23993760580583,0.782027563843459,0.642698072869814,0.921912060153382,0.7,1,1,0.937192635625844,0.981899006197799,"far from mean"
48,11,0.257021378227622,0.757021378227622,0.782027563843459,0.642698072869814,0.921912060153382,0.7,1,1,0.78311314143034,0.800871345268826,"far from mean"
48,12,-1.45699889380551,0.956998893805511,0.782027563843459,0.642698072869814,0.921912060153382,0.7,1,1,0.903981871495991,0.897539309660629,"far from mean"
49,1,-0.286105264168189,0.213894735831811,0.614061010511657,0.485242521593817,0.743271315518838,0.7,1,1,0.777604056612019,0.767500259994204,"near mean"
49,2,0.72120346906325,1.22120346906325,0.614061010511657,0.485242521593817,0.743271315518838,0.7,0,0,0.77857475109672,0.812110433723177,"far from mean"
49,3,-0.445419775583589,0.0545802244164107,0.614061010511657,0.485242521593817,0.743271315518838,0.7,1,1,0.830710647630327,0.852806775171325,"near mean"
49,4,-0.692184838655672,0.192184838655672,0.614061010511657,0.485242521593817,0.743271315518838,0.7,1,1,0.770794530336791,0.713365590303212,"near mean"
49,5,-1.17559425529029,0.675594255290288,0.614061010511657,0.485242521593817,0.743271315518838,0.7,0,0,0.785885130103632,0.795508711558435,"middle"
49,6,-0.332929858199703,0.167070141800297,0.614061010511657,0.485242521593817,0.743271315518838,0.7,1,1,0.787497758354258,0.800886651578494,"near mean"
49,7,-0.948713038363225,0.448713038363225,0.614061010511657,0.485242521593817,0.743271315518838,0.7,0,0,0.779039308081852,0.74149175323771,"middle"
49,8,-0.364777289150327,0.135222710849673,0.614061010511657,0.485242521593817,0.743271315518838,0.7,1,1,0.752079106945522,0.702837798301648,"near mean"
49,9,-2.28871114616535,1.78871114616535,0.614061010511657,0.485242521593817,0.743271315518838,0.7,1,1,1.06061285624686,1.21114708790189,"far from mean"
49,10,-0.661181747477889,0.161181747477889,0.614061010511657,0.485242521593817,0.743271315518838,0.7,1,1,0.772011518231189,0.73145458149645,"near mean"
49,11,-1.12312826128769,0.623128261287694,0.614061010511657,0.485242521593817,0.743271315518838,0.7,1,1,0.855966581601898,0.89229964480261,"middle"
49,12,1.59754200527868,2.09754200527868,0.614061010511657,0.485242521593817,0.743271315518838,0.7,1,0,0.855185609118943,0.839045031405211,"far from mean"
50,1,-0.98552235136382,0.48552235136382,0.632736501315135,0.500905401412179,0.764977127002218,0.7,1,1,0.792657308940117,0.774291371014647,"middle"
50,2,-0.746580712361575,0.246580712361575,0.632736501315135,0.500905401412179,0.764977127002218,0.7,1,1,0.740934369431099,0.744994037573474,"near mean"
50,3,-0.803107774622714,0.303107774622714,0.632736501315135,0.500905401412179,0.764977127002218,0.7,1,1,0.806866338361418,0.826379794512657,"near mean"
50,4,-0.142995231254995,0.357004768745005,0.632736501315135,0.500905401412179,0.764977127002218,0.7,1,1,0.798613289363115,0.766884194081343,"middle"
50,5,0.0661789744746974,0.566178974474697,0.632736501315135,0.500905401412179,0.764977127002218,0.7,1,1,0.73930062707636,0.69993614641287,"middle"
50,6,-0.604352898890219,0.104352898890219,0.632736501315135,0.500905401412179,0.764977127002218,0.7,1,1,0.77082643074358,0.807987893323941,"near mean"
50,7,0.391417896692785,0.891417896692785,0.632736501315135,0.500905401412179,0.764977127002218,0.7,1,1,0.770855279222697,0.744986301058898,"far from mean"
50,8,-0.636906808423687,0.136906808423687,0.632736501315135,0.500905401412179,0.764977127002218,0.7,1,1,0.75530032768053,0.763095097845381,"near mean"
50,9,0.496200672017192,0.996200672017192,0.632736501315135,0.500905401412179,0.764977127002218,0.7,1,1,0.800697278869373,0.765244821148955,"far from mean"
50,10,-2.19895284717677,1.69895284717677,0.632736501315135,0.500905401412179,0.764977127002218,0.7,1,1,0.938012419112317,0.991286997265843,"far from mean"
50,11,-0.974357698043459,0.474357698043459,0.632736501315135,0.500905401412179,0.764977127002218,0.7,1,1,0.755179803453492,0.742186321754806,"middle"
50,12,0.13897877895256,0.63897877895256,0.632736501315135,0.500905401412179,0.764977127002218,0.7,1,1,0.752766876481464,0.675118427348207,"middle"
51,1,0.756705783585168,1.25670578358517,0.545892779864544,0.409175666025421,0.682973555707839,0.7,1,1,0.852193403017051,0.872859115781515,"far from mean"
51,2,-0.654835781367072,0.154835781367072,0.545892779864544,0.409175666025421,0.682973555707839,0.7,1,1,0.886260973907553,0.837479369396098,"near mean"
51,3,0.494946426966531,0.994946426966531,0.545892779864544,0.409175666025421,0.682973555707839,0.7,1,1,0.830566498689682,0.753662159335336,"far from mean"
51,4,-2.0658416681518,1.5658416681518,0.545892779864544,0.409175666025421,0.682973555707839,0.7,1,1,1.10365576934193,1.11734963608572,"far from mean"
51,5,-1.86775439037785,1.36775439037785,0.545892779864544,0.409175666025421,0.682973555707839,0.7,1,1,1.06037897654667,1.07048374243268,"far from mean"
51,6,-0.58315688250054,0.0831568825005403,0.545892779864544,0.409175666025421,0.682973555707839,0.7,1,1,0.771554360868377,0.742647258705765,"near mean"
51,7,-0.862250678196747,0.362250678196747,0.545892779864544,0.409175666025421,0.682973555707839,0.7,1,1,0.826921035885953,0.814391001357889,"middle"
51,8,-0.80731978531344,0.30731978531344,0.545892779864544,0.409175666025421,0.682973555707839,0.7,1,1,0.871217016142943,0.859108016039621,"near mean"
51,9,0.974391241845963,1.47439124184596,0.545892779864544,0.409175666025421,0.682973555707839,0.7,1,1,0.860438850482354,0.846801290641325,"far from mean"
51,10,-1.14197465476662,0.641974654766619,0.545892779864544,0.409175666025421,0.682973555707839,0.7,1,1,0.87046374549869,0.778646750864535,"middle"
51,11,0.484878404614957,0.984878404614957,0.545892779864544,0.409175666025421,0.682973555707839,0.7,1,1,0.832602238619091,0.759159381384471,"far from mean"
51,12,-0.727788016338548,0.227788016338548,0.545892779864544,0.409175666025421,0.682973555707839,0.7,1,1,0.783300790295886,0.676734574804519,"near mean"
52,1,-1.13545250836542,0.635452508365421,0.834742379526533,0.693819902821053,0.976035086118782,0.7,1,1,0.857405028437925,0.874081600612609,"middle"
52,2,-0.0882305859331028,0.411769414066897,0.834742379526533,0.693819902821053,0.976035086118782,0.7,1,1,0.743176610224232,0.68785777032721,"middle"
52,3,0.789688961755875,1.28968896175588,0.834742379526533,0.693819902821053,0.976035086118782,0.7,1,1,0.79191849264862,0.749189069721116,"far from mean"
52,4,-0.132435869521657,0.367564130478343,0.834742379526533,0.693819902821053,0.976035086118782,0.7,1,1,0.821640413105567,0.809962891532755,"middle"
52,5,-1.49308451006398,0.993084510063975,0.834742379526533,0.693819902821053,0.976035086118782,0.7,1,1,0.895291182057847,0.933689589346112,"far from mean"
52,6,-0.692487600138742,0.192487600138742,0.834742379526533,0.693819902821053,0.976035086118782,0.7,1,1,0.831422201961225,0.835782462426559,"near mean"
52,7,-0.906574287474946,0.406574287474946,0.834742379526533,0.693819902821053,0.976035086118782,0.7,1,1,0.802045429792518,0.77286174784217,"middle"
52,8,-1.71021486381733,1.21021486381733,0.834742379526533,0.693819902821053,0.976035086118782,0.7,1,1,0.940272916137071,0.952253951790492,"far from mean"
52,9,-0.507618499548503,0.00761849954850297,0.834742379526533,0.693819902821053,0.976035086118782,0.7,1,1,0.756783399423377,0.758675212584533,"near mean"
52,10,-0.0894207703507566,0.410579229649243,0.834742379526533,0.693819902821053,0.976035086118782,0.7,1,1,0.802805542183858,0.832380082187778,"middle"
52,11,-0.110094349095903,0.389905650904097,0.834742379526533,0.693819902821053,0.976035086118782,0.7,1,1,0.812815583554414,0.793720347988052,"middle"
52,12,0.0759248825544583,0.575924882554458,0.834742379526533,0.693819902821053,0.976035086118782,0.7,1,1,0.798754256751534,0.740411731554245,"middle"
53,1,-0.514156840954554,0.0141568409545542,0.607156471635579,0.475304398827201,0.73926976704236,0.7,1,1,0.811470880151655,0.86547203510994,"near mean"
53,2,-1.06817211701294,0.568172117012935,0.607156471635579,0.475304398827201,0.73926976704236,0.7,1,1,0.802935100638466,0.773053063993256,"middle"
53,3,-1.32789720008571,0.827897200085714,0.607156471635579,0.475304398827201,0.73926976704236,0.7,1,1,0.80754688701289,0.794751236969686,"far from mean"
53,4,-0.685758373617167,0.185758373617167,0.607156471635579,0.475304398827201,0.73926976704236,0.7,1,1,0.763493577244724,0.71484414819695,"near mean"
53,5,-0.654648439867519,0.154648439867519,0.607156471635579,0.475304398827201,0.73926976704236,0.7,0,0,0.810736371236606,0.817415079032008,"near mean"
53,6,-1.12541178954841,0.625411789548405,0.607156471635579,0.475304398827201,0.73926976704236,0.7,1,1,0.77419969044019,0.812763634693737,"middle"
53,7,-0.251193974008833,0.248806025991167,0.607156471635579,0.475304398827201,0.73926976704236,0.7,1,1,0.817685674048781,0.852048871206603,"near mean"
53,8,1.03254319863628,1.53254319863628,0.607156471635579,0.475304398827201,0.73926976704236,0.7,1,1,0.811022516896578,0.817581785274282,"far from mean"
53,9,-0.571622973616987,0.0716229736169868,0.607156471635579,0.475304398827201,0.73926976704236,0.7,0,0,0.776685585571688,0.739825588094463,"near mean"
53,10,0.888787465980865,1.38878746598086,0.607156471635579,0.475304398827201,0.73926976704236,0.7,1,1,0.813494517369438,0.77637627815939,"far from mean"
53,11,-1.19814721251697,0.698147212516967,0.607156471635579,0.475304398827201,0.73926976704236,0.7,1,1,0.850368263169045,0.874869289410166,"middle"
53,12,-0.524321743388058,0.0243217433880584,0.607156471635579,0.475304398827201,0.73926976704236,0.7,1,1,0.813096919993709,0.821494806533996,"near mean"
54,1,-1.54846714977789,1.04846714977789,0.61688450996708,0.489791699357089,0.744329731122666,0.7,1,1,0.993253040136472,0.995099623713728,"far from mean"
54,2,-0.744536004439733,0.244536004439733,0.61688450996708,0.489791699357089,0.744329731122666,0.7,1,1,0.795751242383932,0.760897831431824,"near mean"
54,3,-0.033925145510484,0.466074854489516,0.61688450996708,0.489791699357089,0.744329731122666,0.7,1,1,0.751643817987131,0.795525608990012,"middle"
54,4,-0.818118038426777,0.318118038426777,0.61688450996708,0.489791699357089,0.744329731122666,0.7,1,1,0.787523866420368,0.714871282465812,"near mean"
54,5,-1.38813432954895,0.888134329548948,0.61688450996708,0.489791699357089,0.744329731122666,0.7,1,1,0.876123126112768,0.797721725620084,"far from mean"
54,6,-0.173664417766479,0.326335582233521,0.61688450996708,0.489791699357089,0.744329731122666,0.7,1,1,0.758799242175433,0.73257154451678,"middle"
54,7,-0.26683303255324,0.23316696744676,0.61688450996708,0.489791699357089,0.744329731122666,0.7,1,1,0.760713019869036,0.745822648306894,"near mean"
54,8,1.2781813374018,1.7781813374018,0.61688450996708,0.489791699357089,0.744329731122666,0.7,0,0,0.815062513431852,0.752090773240903,"far from mean"
54,9,-0.0344633015479752,0.465536698452025,0.61688450996708,0.489791699357089,0.744329731122666,0.7,1,1,0.742000325421948,0.743366119680289,"middle"
54,10,-1.0290617077806,0.529061707780604,0.61688450996708,0.489791699357089,0.744329731122666,0.7,0,0,0.829222484269015,0.797375811889682,"middle"
54,11,-0.471474810664859,0.0285251893351406,0.61688450996708,0.489791699357089,0.744329731122666,0.7,1,1,0.751579931929176,0.722383300096548,"near mean"
54,12,-0.769503399384809,0.269503399384809,0.61688450996708,0.489791699357089,0.744329731122666,0.7,1,1,0.829095740663761,0.894877097567677,"near mean"
55,1,0.0572977964730809,0.557297796473081,0.624053202148683,0.49666567201455,0.751707587606162,0.7,1,1,0.787610950663442,0.784515632220169,"middle"
55,2,-0.25747305550921,0.24252694449079,0.624053202148683,0.49666567201455,0.751707587606162,0.7,1,1,0.767960515941822,0.772852432547398,"near mean"
55,3,0.213423324431659,0.713423324431659,0.624053202148683,0.49666567201455,0.751707587606162,0.7,1,1,0.77762641202459,0.817486040689339,"middle"
55,4,-0.0910450561461536,0.408954943853846,0.624053202148683,0.49666567201455,0.751707587606162,0.7,1,1,0.768488456952368,0.74291961370691,"middle"
55,5,-2.81165910016489,2.31165910016489,0.624053202148683,0.49666567201455,0.751707587606162,0.7,0,0,1.02551697951065,1.03179942239823,"far from mean"
55,6,0.592488429433022,1.09248842943302,0.624053202148683,0.49666567201455,0.751707587606162,0.7,1,1,0.806165453685512,0.792668771752643,"far from mean"
55,7,-1.01593623601578,0.515936236015776,0.624053202148683,0.49666567201455,0.751707587606162,0.7,1,1,0.78136141471369,0.780280570320341,"middle"
55,8,-0.0740867910350201,0.42591320896498,0.624053202148683,0.49666567201455,0.751707587606162,0.7,1,1,0.766733237095117,0.795736749379451,"middle"
55,9,-0.415120709101343,0.0848792908986566,0.624053202148683,0.49666567201455,0.751707587606162,0.7,1,1,0.776427250791781,0.7674045495956,"near mean"
55,10,-0.504857222448548,0.00485722244854779,0.624053202148683,0.49666567201455,0.751707587606162,0.7,1,1,0.748653212767563,0.700586368405039,"near mean"
55,11,-0.941681616200244,0.441681616200244,0.624053202148683,0.49666567201455,0.751707587606162,0.7,1,1,0.816108139081042,0.783142323790485,"middle"
55,12,-0.751349763716576,0.251349763716576,0.624053202148683,0.49666567201455,0.751707587606162,0.7,1,1,0.766879936628013,0.775222441893104,"near mean"
56,1,0.276167503254316,0.776167503254316,0.751704438286505,0.611438454543503,0.892369835398312,0.7,1,1,0.8118915184677,0.819123063629071,"far from mean"
56,2,-0.595294593410526,0.0952945934105262,0.751704438286505,0.611438454543503,0.892369835398312,0.7,1,1,0.774835622294473,0.790355026714165,"near mean"
56,3,-0.162119988848461,0.337880011151539,0.751704438286505,0.611438454543503,0.892369835398312,0.7,1,1,0.807957615111618,0.828361186223898,"middle"
56,4,-1.35884038167293,0.858840381672931,0.751704438286505,0.611438454543503,0.892369835398312,0.7,1,1,0.915564258170513,0.903874687782387,"far from mean"
56,5,-1.08564349273446,0.585643492734462,0.751704438286505,0.611438454543503,0.892369835398312,0.7,1,1,0.798599479471057,0.747632248071269,"middle"
56,6,0.897739870015094,1.39773987001509,0.751704438286505,0.611438454543503,0.892369835398312,0.7,0,0,0.826855462949476,0.777176269013825,"far from mean"
56,7,-0.110878066874484,0.389121933125516,0.751704438286505,0.611438454543503,0.892369835398312,0.7,1,1,0.791926307445971,0.738727963027483,"middle"
56,8,-1.14825161378436,0.648251613784355,0.751704438286505,0.611438454543503,0.892369835398312,0.7,1,1,0.929419830724533,0.960658955271075,"middle"
56,9,-0.264680051050836,0.235319948949164,0.751704438286505,0.611438454543503,0.892369835398312,0.7,1,1,0.784825408749208,0.768235111700041,"near mean"
56,10,-0.459148092114101,0.040851907885899,0.751704438286505,0.611438454543503,0.892369835398312,0.7,1,1,0.831743985057243,0.844285833848282,"near mean"
56,11,-1.19432982320111,0.694329823201109,0.751704438286505,0.611438454543503,0.892369835398312,0.7,1,1,0.958252835795078,0.980256860550253,"middle"
56,12,-0.794721269578146,0.294721269578146,0.751704438286505,0.611438454543503,0.892369835398312,0.7,1,1,0.824866061623952,0.827365243837503,"near mean"
57,1,-0.421809339005257,0.0781906609947431,0.63549971672982,0.498473073509108,0.772831796440535,0.7,0,0,0.797506482670377,0.756713043188883,"near mean"
57,2,-1.3021029361798,0.802102936179799,0.63549971672982,0.498473073509108,0.772831796440535,0.7,1,1,0.983773874744846,1.07100953929366,"far from mean"
57,3,0.683901012113564,1.18390101211356,0.63549971672982,0.498473073509108,0.772831796440535,0.7,1,1,0.817647912388193,0.816747663166225,"far from mean"
57,4,0.973097130208103,1.4730971302081,0.63549971672982,0.498473073509108,0.772831796440535,0.7,1,0,0.832942712440357,0.808867857452405,"far from mean"
57,5,-1.62240971861208,1.12240971861208,0.63549971672982,0.498473073509108,0.772831796440535,0.7,1,1,0.844761142738328,0.876485105911409,"far from mean"
57,6,-0.936653602881331,0.436653602881331,0.63549971672982,0.498473073509108,0.772831796440535,0.7,1,1,0.818806659858767,0.820051417427275,"middle"
57,7,-1.7583721716108,1.2583721716108,0.63549971672982,0.498473073509108,0.772831796440535,0.7,1,1,0.940597186388087,0.992585268755162,"far from mean"
57,8,-0.679115822461694,0.179115822461694,0.63549971672982,0.498473073509108,0.772831796440535,0.7,1,1,0.786100490654054,0.741476948776349,"near mean"
57,9,0.72673427570589,1.22673427570589,0.63549971672982,0.498473073509108,0.772831796440535,0.7,1,1,0.821784766636022,0.847501309475055,"far from mean"
57,10,-0.437430696225564,0.0625693037744358,0.63549971672982,0.498473073509108,0.772831796440535,0.7,1,1,0.876849296773151,0.865175683445348,"near mean"
57,11,-0.885179556139049,0.385179556139049,0.63549971672982,0.498473073509108,0.772831796440535,0.7,1,1,0.82604357990393,0.834413701970421,"middle"
57,12,-0.340658574911979,0.159341425088021,0.63549971672982,0.498473073509108,0.772831796440535,0.7,1,1,0.841525985648101,0.816270648253803,"near mean"
58,1,0.566595853790905,1.06659585379091,0.617823557220596,0.485785178606482,0.750201746713616,0.7,1,1,0.815144257305707,0.849222894608687,"far from mean"
58,2,-1.64931485546576,1.14931485546576,0.617823557220596,0.485785178606482,0.750201746713616,0.7,1,1,0.859305132900603,0.925051399042682,"far from mean"
58,3,-1.58497721845066,1.08497721845066,0.617823557220596,0.485785178606482,0.750201746713616,0.7,1,1,0.860032079879783,0.861064241254896,"far from mean"
58,4,-1.17782034592911,0.677820345929111,0.617823557220596,0.485785178606482,0.750201746713616,0.7,1,1,0.845564353472987,0.86551826572087,"middle"
58,5,0.0372692422234622,0.537269242223462,0.617823557220596,0.485785178606482,0.750201746713616,0.7,1,1,0.813719972993025,0.807894962763913,"middle"
58,6,0.122768850192057,0.622768850192057,0.617823557220596,0.485785178606482,0.750201746713616,0.7,1,1,0.815901022730337,0.787374153007438,"middle"
58,7,0.222485266969429,0.722485266969429,0.617823557220596,0.485785178606482,0.750201746713616,0.7,1,1,0.822640711222516,0.823759557037967,"middle"
58,8,-0.0903191366872546,0.409680863312745,0.617823557220596,0.485785178606482,0.750201746713616,0.7,0,0,0.804339341628974,0.800795663985062,"middle"
58,9,-0.423229106682068,0.0767708933179323,0.617823557220596,0.485785178606482,0.750201746713616,0.7,1,1,0.819381105707628,0.856224304000607,"near mean"
58,10,-1.56854818357153,1.06854818357153,0.617823557220596,0.485785178606482,0.750201746713616,0.7,1,1,0.929566541186021,0.95637032917177,"far from mean"
58,11,-0.606755114781559,0.106755114781559,0.617823557220596,0.485785178606482,0.750201746713616,0.7,1,1,0.796521158035028,0.789020116409972,"near mean"
58,12,0.151844748392095,0.651844748392095,0.617823557220596,0.485785178606482,0.750201746713616,0.7,1,1,0.818197222594565,0.816455219008331,"middle"
59,1,-0.552322505731842,0.0523225057318425,0.624034557959439,0.500816460510606,0.747424897807181,0.7,1,1,0.744715943807719,0.738594860542051,"near mean"
59,2,-0.204768273361833,0.295231726638167,0.624034557959439,0.500816460510606,0.747424897807181,0.7,1,1,0.737969568911557,0.702272805233366,"near mean"
59,3,-0.931870755399271,0.431870755399271,0.624034557959439,0.500816460510606,0.747424897807181,0.7,1,1,0.761794066718037,0.700558308475293,"middle"
59,4,-1.04497899931845,0.544978999318447,0.624034557959439,0.500816460510606,0.747424897807181,0.7,1,1,0.76189379940456,0.754120053336108,"middle"
59,5,0.652085750439019,1.15208575043902,0.624034557959439,0.500816460510606,0.747424897807181,0.7,1,1,0.754184451787035,0.734164811270321,"far from mean"
59,6,-0.192693997545524,0.307306002454476,0.624034557959439,0.500816460510606,0.747424897807181,0.7,1,1,0.734397387370257,0.781522473630675,"near mean"
59,7,-1.17165544505932,0.671655445059322,0.624034557959439,0.500816460510606,0.747424897807181,0.7,1,1,0.767317259926319,0.785758025032182,"middle"
59,8,-0.774901080113266,0.274901080113266,0.624034557959439,0.500816460510606,0.747424897807181,0.7,1,1,0.778867180918962,0.763644156174103,"near mean"
59,9,0.346407904734379,0.846407904734379,0.624034557959439,0.500816460510606,0.747424897807181,0.7,1,1,0.735545011053213,0.71894169512914,"far from mean"
59,10,-0.325537383281602,0.174462616718398,0.624034557959439,0.500816460510606,0.747424897807181,0.7,1,1,0.748189482782053,0.756444525934121,"near mean"
59,11,-0.552339541671323,0.0523395416713229,0.624034557959439,0.500816460510606,0.747424897807181,0.7,1,1,0.739253841366178,0.671013459938917,"near mean"
59,12,-1.24742567369097,0.747425673690967,0.624034557959439,0.500816460510606,0.747424897807181,0.7,1,1,0.788609537695164,0.734881135659563,"middle"
60,1,-0.37841939522054,0.12158060477946,0.759566861119375,0.625226368660205,0.894250325475122,0.7,1,1,0.784934617494173,0.752873495017977,"near mean"
60,2,-0.234511954743911,0.265488045256089,0.759566861119375,0.625226368660205,0.894250325475122,0.7,1,1,0.764692392956584,0.777988283363484,"near mean"
60,3,-0.868637297139335,0.368637297139335,0.759566861119375,0.625226368660205,0.894250325475122,0.7,1,1,0.824470770421764,0.851353269644448,"middle"
60,4,-0.733570495077229,0.233570495077229,0.759566861119375,0.625226368660205,0.894250325475122,0.7,1,1,0.794774837119103,0.820156955420824,"near mean"
60,5,0.842407334094392,1.34240733409439,0.759566861119375,0.625226368660205,0.894250325475122,0.7,1,1,0.819739993578533,0.794856006266521,"far from mean"
60,6,-0.699091176252542,0.199091176252543,0.759566861119375,0.625226368660205,0.894250325475122,0.7,1,1,0.843613754358742,0.860677940615422,"near mean"
60,7,-0.0527081471099149,0.447291852890085,0.759566861119375,0.625226368660205,0.894250325475122,0.7,0,0,0.765977647915977,0.746260938015185,"middle"
60,8,-1.46917027155688,0.969170271556876,0.759566861119375,0.625226368660205,0.894250325475122,0.7,1,1,0.88227277681665,0.857380541033144,"far from mean"
60,9,-0.426595592804147,0.0734044071958532,0.759566861119375,0.625226368660205,0.894250325475122,0.7,1,1,0.766633593395628,0.769801533341767,"near mean"
60,10,-1.12016906556072,0.620169065560723,0.759566861119375,0.625226368660205,0.894250325475122,0.7,1,1,0.817152812679221,0.864444269244722,"middle"
60,11,-0.147237866559956,0.352762133440044,0.759566861119375,0.625226368660205,0.894250325475122,0.7,1,1,0.78606801180839,0.844550867099006,"middle"
60,12,-0.712296072069218,0.212296072069218,0.759566861119375,0.625226368660205,0.894250325475122,0.7,1,1,0.778646396570847,0.78064998362696,"near mean"
61,1,0.0599826306009651,0.559982630600965,0.663016963232558,0.530152158827508,0.796354740536966,0.7,1,1,0.758225946113429,0.739423377775349,"middle"
61,2,-0.944394052285276,0.444394052285276,0.663016963232558,0.530152158827508,0.796354740536966,0.7,1,1,0.82335089433262,0.758905830192645,"middle"
61,3,-1.06172406013167,0.561724060131674,0.663016963232558,0.530152158827508,0.796354740536966,0.7,1,1,0.846745720648925,0.944761438562323,"middle"
61,4,-0.19774615579775,0.30225384420225,0.663016963232558,0.530152158827508,0.796354740536966,0.7,1,1,0.751248122932569,0.67006166707028,"near mean"
61,5,-1.18032314377618,0.680323143776177,0.663016963232558,0.530152158827508,0.796354740536966,0.7,1,1,0.888484874915496,0.829693765765072,"middle"
61,6,-1.28177294939973,0.781772949399726,0.663016963232558,0.530152158827508,0.796354740536966,0.7,1,1,0.853432421244921,0.83116046577063,"far from mean"
61,7,0.743416648786402,1.2434166487864,0.663016963232558,0.530152158827508,0.796354740536966,0.7,1,1,0.790273791808422,0.778916602037029,"far from mean"
61,8,-0.467991876936417,0.0320081230635831,0.663016963232558,0.530152158827508,0.796354740536966,0.7,0,0,0.790742414205461,0.814000411874036,"near mean"
61,9,0.270772468627903,0.770772468627903,0.663016963232558,0.530152158827508,0.796354740536966,0.7,1,1,0.749566977300152,0.777181686030373,"far from mean"
61,10,-0.538718408803815,0.0387184088038149,0.663016963232558,0.530152158827508,0.796354740536966,0.7,1,1,0.764224250933405,0.72518911444326,"near mean"
61,11,-0.892754755172562,0.392754755172562,0.663016963232558,0.530152158827508,0.796354740536966,0.7,1,1,0.871198830103149,0.840246845355082,"middle"
61,12,-0.508746345711872,0.00874634571187252,0.663016963232558,0.530152158827508,0.796354740536966,0.7,1,1,0.757457085945582,0.711683015740102,"near mean"
62,1,-1.67118737301638,1.17118737301638,0.603735375989448,0.471473299367276,0.736266515050915,0.7,1,1,0.842275202784613,0.860237205434502,"far from mean"
62,2,-0.924529998998806,0.424529998998806,0.603735375989448,0.471473299367276,0.736266515050915,0.7,0,0,0.778923182842936,0.782626406022133,"middle"
62,3,0.171913456771786,0.671913456771786,0.603735375989448,0.471473299367276,0.736266515050915,0.7,1,1,0.803124521208475,0.749040636019648,"middle"
62,4,0.129626780926026,0.629626780926026,0.603735375989448,0.471473299367276,0.736266515050915,0.7,1,1,0.771790119536587,0.760339558480426,"middle"
62,5,-0.878084107562836,0.378084107562836,0.603735375989448,0.471473299367276,0.736266515050915,0.7,1,0,0.741043451354453,0.689657433319256,"middle"
62,6,0.348397699109791,0.848397699109791,0.603735375989448,0.471473299367276,0.736266515050915,0.7,1,1,0.764161649217832,0.748145991311838,"far from mean"
62,7,-0.200714733812591,0.299285266187409,0.603735375989448,0.471473299367276,0.736266515050915,0.7,1,1,0.796244420290722,0.753642267685928,"near mean"
62,8,-1.26769651595052,0.767696515950522,0.603735375989448,0.471473299367276,0.736266515050915,0.7,1,1,0.824829710704518,0.867478256291466,"far from mean"
62,9,-0.267836792976295,0.232163207023705,0.603735375989448,0.471473299367276,0.736266515050915,0.7,1,1,0.754196796549621,0.73807384497051,"near mean"
62,10,-1.29409182949757,0.794091829497571,0.603735375989448,0.471473299367276,0.736266515050915,0.7,1,0,0.762039454882808,0.746505106370111,"far from mean"
62,11,-0.279845055492484,0.220154944507516,0.603735375989448,0.471473299367276,0.736266515050915,0.7,1,1,0.753966135881038,0.761405399527934,"near mean"
62,12,0.134048470499886,0.634048470499886,0.603735375989448,0.471473299367276,0.736266515050915,0.7,1,1,0.763181307635294,0.749813057506425,"middle"
63,1,-0.756047095108508,0.256047095108508,0.483610481896839,0.357606243748682,0.609843167709777,0.7,1,1,0.77660197037177,0.788298440990575,"near mean"
63,2,-0.0170266074509527,0.482973392549047,0.483610481896839,0.357606243748682,0.609843167709777,0.7,1,1,0.781798646037026,0.773415223775791,"middle"
63,3,0.636739031837738,1.13673903183774,0.483610481896839,0.357606243748682,0.609843167709777,0.7,1,1,0.813383534488148,0.826019598267762,"far from mean"
63,4,-1.06142463289197,0.561424632891971,0.483610481896839,0.357606243748682,0.609843167709777,0.7,1,1,0.784664801688439,0.790544643399894,"middle"
63,5,-1.19155664171209,0.691556641712094,0.483610481896839,0.357606243748682,0.609843167709777,0.7,1,1,0.842031150039446,0.829367067857215,"middle"
63,6,0.498352697534114,0.998352697534114,0.483610481896839,0.357606243748682,0.609843167709777,0.7,1,1,0.815751650599962,0.774542641691964,"far from mean"
63,7,-0.883793379597964,0.383793379597964,0.483610481896839,0.357606243748682,0.609843167709777,0.7,1,1,0.834907181580816,0.773925604027952,"middle"
63,8,-0.384697493839886,0.115302506160114,0.483610481896839,0.357606243748682,0.609843167709777,0.7,1,1,0.782744441486168,0.743029249888071,"near mean"
63,9,-0.681460010706741,0.181460010706741,0.483610481896839,0.357606243748682,0.609843167709777,0.7,1,1,0.778610411394585,0.791306822351918,"near mean"
63,10,0.415042552468347,0.915042552468347,0.483610481896839,0.357606243748682,0.609843167709777,0.7,1,1,0.797753363939196,0.775576120979668,"far from mean"
63,11,-0.506623502078394,0.00662350207839402,0.483610481896839,0.357606243748682,0.609843167709777,0.7,1,1,0.78568853994624,0.764330684126736,"near mean"
63,12,-2.06750491845369,1.56750491845369,0.483610481896839,0.357606243748682,0.609843167709777,0.7,1,1,0.977500028376134,0.97447168023354,"far from mean"
64,1,-0.421729950114575,0.078270049885425,0.721473714099219,0.588854862376389,0.854380890311781,0.7,1,1,0.586159061503206,0.597582463995467,"near mean"
64,2,-0.676037923130305,0.176037923130305,0.721473714099219,0.588854862376389,0.854380890311781,0.7,1,1,0.608983204954081,0.602410790416291,"near mean"
64,3,-0.31328225830899,0.18671774169101,0.721473714099219,0.588854862376389,0.854380890311781,0.7,1,1,0.59236341398166,0.615221246205716,"near mean"
64,4,-0.770907368650237,0.270907368650237,0.721473714099219,0.588854862376389,0.854380890311781,0.7,1,1,0.597802202603791,0.533188815515764,"near mean"
64,5,0.0410019722434704,0.54100197224347,0.721473714099219,0.588854862376389,0.854380890311781,0.7,0,0,0.58986794449346,0.613284685969979,"middle"
64,6,-0.261964304349834,0.238035695650166,0.721473714099219,0.588854862376389,0.854380890311781,0.7,1,1,0.597115352204845,0.599296783721134,"near mean"
64,7,-0.421020452460808,0.0789795475391915,0.721473714099219,0.588854862376389,0.854380890311781,0.7,1,1,0.582325823398045,0.62588204516895,"near mean"
64,8,-0.43419145770518,0.0658085422948198,0.721473714099219,0.588854862376389,0.854380890311781,0.7,1,1,0.587592030529742,0.578981577825681,"near mean"
64,9,-0.964359034460403,0.464359034460403,0.721473714099219,0.588854862376389,0.854380890311781,0.7,1,1,0.612180460306996,0.595573795317789,"middle"
64,10,-0.655988709957744,0.155988709957745,0.721473714099219,0.588854862376389,0.854380890311781,0.7,1,1,0.595843912086412,0.527288439695532,"near mean"
64,11,0.142269746910027,0.642269746910027,0.721473714099219,0.588854862376389,0.854380890311781,0.7,0,0,0.61351956375118,0.600060145737805,"middle"
64,12,-1.26379026001542,0.763790260015419,0.721473714099219,0.588854862376389,0.854380890311781,0.7,0,0,0.597749173209768,0.569058955933251,"far from mean"
65,1,0.638490351790152,1.13849035179015,0.679484324659877,0.538579926092092,0.820857074917032,0.7,0,0,0.829933807618249,0.803797464613328,"far from mean"
65,2,-1.76668106050976,1.26668106050976,0.679484324659877,0.538579926092092,0.820857074917032,0.7,1,1,1.02132978898852,1.02844349635315,"far from mean"
65,3,-0.299410765167118,0.200589234832882,0.679484324659877,0.538579926092092,0.820857074917032,0.7,1,1,0.795089933844731,0.775330459509644,"near mean"
65,4,0.625965699368106,1.12596569936811,0.679484324659877,0.538579926092092,0.820857074917032,0.7,1,1,0.837243387280575,0.774798828701096,"far from mean"
65,5,-1.41059390552648,0.910593905526479,0.679484324659877,0.538579926092092,0.820857074917032,0.7,1,1,0.854388055740881,0.865740339895712,"far from mean"
65,6,-2.03835405630734,1.53835405630734,0.679484324659877,0.538579926092092,0.820857074917032,0.7,1,1,1.05554473004327,1.05104145298064,"far from mean"
65,7,-0.994406267714569,0.494406267714569,0.679484324659877,0.538579926092092,0.820857074917032,0.7,1,1,0.817163008117556,0.775722586063184,"middle"
65,8,0.327455731731921,0.827455731731921,0.679484324659877,0.538579926092092,0.820857074917032,0.7,1,1,0.793977935148559,0.772850020383617,"far from mean"
65,9,-0.613356779139663,0.113356779139663,0.679484324659877,0.538579926092092,0.820857074917032,0.7,1,1,0.792598826673709,0.745282968880774,"near mean"
65,10,-0.0665027053529642,0.433497294647036,0.679484324659877,0.538579926092092,0.820857074917032,0.7,1,1,0.827225010750466,0.77742536063177,"middle"
65,11,-0.755846025732596,0.255846025732596,0.679484324659877,0.538579926092092,0.820857074917032,0.7,1,1,0.782266492922966,0.730341232104386,"near mean"
65,12,0.353239782560314,0.853239782560314,0.679484324659877,0.538579926092092,0.820857074917032,0.7,1,1,0.846629843682106,0.822952628153852,"far from mean"
66,1,-1.1134713413298,0.613471341329799,0.71279930015635,0.575861512014177,0.850128169422083,0.7,1,1,0.840116312947692,0.855145354432466,"middle"
66,2,-0.163234155317545,0.336765844682455,0.71279930015635,0.575861512014177,0.850128169422083,0.7,1,1,0.779511794200375,0.771506834646295,"middle"
66,3,-0.649408956578549,0.149408956578549,0.71279930015635,0.575861512014177,0.850128169422083,0.7,1,1,0.8426674059024,0.913220211522083,"near mean"
66,4,-1.33762975723857,0.837629757238573,0.71279930015635,0.575861512014177,0.850128169422083,0.7,1,1,0.930134056722572,0.9230209206256,"far from mean"
66,5,-0.440952786151253,0.0590472138487466,0.71279930015635,0.575861512014177,0.850128169422083,0.7,1,1,0.819071181082015,0.815309251103141,"near mean"
66,6,-0.414120966540296,0.085879033459704,0.71279930015635,0.575861512014177,0.850128169422083,0.7,1,1,0.841090932841597,0.855583786897973,"near mean"
66,7,-0.464756648767979,0.0352433512320211,0.71279930015635,0.575861512014177,0.850128169422083,0.7,1,1,0.80000240208578,0.744557738345284,"near mean"
66,8,0.134463446714162,0.634463446714162,0.71279930015635,0.575861512014177,0.850128169422083,0.7,0,0,0.768771365701211,0.754738718256943,"middle"
66,9,1.03509314874447,1.53509314874447,0.71279930015635,0.575861512014177,0.850128169422083,0.7,1,1,0.833176181895336,0.758516948642528,"far from mean"
66,10,-1.29443541370422,0.794435413704219,0.71279930015635,0.575861512014177,0.850128169422083,0.7,1,1,0.916135482399376,0.955857060518698,"far from mean"
66,11,0.137461449314506,0.637461449314506,0.71279930015635,0.575861512014177,0.850128169422083,0.7,1,1,0.783551563823724,0.767019197505739,"middle"
66,12,-1.42900801914492,0.929008019144923,0.71279930015635,0.575861512014177,0.850128169422083,0.7,1,1,0.905591587608469,0.937048433208211,"far from mean"
67,1,-1.24443829892187,0.744438298921872,0.520769558184756,0.390754175975732,0.651037904005688,0.7,0,0,0.778869359276057,0.730735711748355,"middle"
67,2,-1.82914525084211,1.32914525084211,0.520769558184756,0.390754175975732,0.651037904005688,0.7,1,1,0.871569784651239,0.880262297240244,"far from mean"
67,3,-0.845957772937416,0.345957772937416,0.520769558184756,0.390754175975732,0.651037904005688,0.7,1,1,0.791029821775311,0.739439630588589,"middle"
67,4,-0.461937543849835,0.038062456150165,0.520769558184756,0.390754175975732,0.651037904005688,0.7,1,1,0.770049218645269,0.788958172252096,"near mean"
67,5,1.19883342653008,1.69883342653008,0.520769558184756,0.390754175975732,0.651037904005688,0.7,0,0,0.82165100740404,0.86921166471848,"far from mean"
67,6,-1.59063102702389,1.09063102702389,0.520769558184756,0.390754175975732,0.651037904005688,0.7,1,1,1.01486328153925,1.03819203471431,"far from mean"
67,7,-0.946618439385873,0.446618439385873,0.520769558184756,0.390754175975732,0.651037904005688,0.7,1,1,0.843277520328578,0.824189466612707,"middle"
67,8,-0.753431172806483,0.253431172806483,0.520769558184756,0.390754175975732,0.651037904005688,0.7,1,1,0.793450590966283,0.830257606918712,"near mean"
67,9,0.229763031985112,0.729763031985112,0.520769558184756,0.390754175975732,0.651037904005688,0.7,1,1,0.79610647884961,0.829139658503107,"middle"
67,10,0.626836503506014,1.12683650350601,0.520769558184756,0.390754175975732,0.651037904005688,0.7,1,1,0.808445554384988,0.826416802195486,"far from mean"
67,11,0.322740925498865,0.822740925498865,0.520769558184756,0.390754175975732,0.651037904005688,0.7,1,1,0.837402693198966,0.798832916388065,"far from mean"
67,12,-0.706014381752596,0.206014381752596,0.520769558184756,0.390754175975732,0.651037904005688,0.7,1,1,0.790610793981345,0.783454435672553,"near mean"
68,1,-2.35644914837538,1.85644914837538,0.755107581604142,0.619499124024324,0.891057227586174,0.7,1,1,1.16968441600869,1.26717060845631,"far from mean"
68,2,-0.444269864546371,0.055730135453629,0.755107581604142,0.619499124024324,0.891057227586174,0.7,1,1,0.806465191281322,0.779440476651156,"near mean"
68,3,-0.803744527495816,0.303744527495816,0.755107581604142,0.619499124024324,0.891057227586174,0.7,1,1,0.810573778470799,0.775686699168663,"near mean"
68,4,-1.91386120800428,1.41386120800428,0.755107581604142,0.619499124024324,0.891057227586174,0.7,1,1,0.982147061251891,1.04433244319202,"far from mean"
68,5,-0.204908441597608,0.295091558402392,0.755107581604142,0.619499124024324,0.891057227586174,0.7,1,1,0.797845822353523,0.778464459157385,"near mean"
68,6,-0.576862350882893,0.0768623508828934,0.755107581604142,0.619499124024324,0.891057227586174,0.7,1,1,0.802901405630946,0.738877292578359,"near mean"
68,7,0.0683107821780338,0.568310782178034,0.755107581604142,0.619499124024324,0.891057227586174,0.7,1,1,0.813763143048113,0.82208485125599,"middle"
68,8,-0.926799707474622,0.426799707474622,0.755107581604142,0.619499124024324,0.891057227586174,0.7,1,1,0.86034838673915,0.870684508114681,"middle"
68,9,0.385587502011062,0.885587502011062,0.755107581604142,0.619499124024324,0.891057227586174,0.7,1,1,0.804093729515201,0.717603859653237,"far from mean"
68,10,-0.539329998455174,0.0393299984551742,0.755107581604142,0.619499124024324,0.891057227586174,0.7,1,1,0.826423580024604,0.80958027173744,"near mean"
68,11,0.183997529669349,0.683997529669349,0.755107581604142,0.619499124024324,0.891057227586174,0.7,1,1,0.808080268442824,0.777243289977517,"middle"
68,12,1.1283294329737,1.6283294329737,0.755107581604142,0.619499124024324,0.891057227586174,0.7,0,0,0.82808863887531,0.875235237932494,"far from mean"
69,1,-0.671456197980182,0.171456197980182,0.581133211452382,0.445252163486353,0.717210142244561,0.7,1,1,0.844460232451975,0.848456739711271,"near mean"
69,2,0.160505011876142,0.660505011876142,0.581133211452382,0.445252163486353,0.717210142244561,0.7,1,1,0.811049710591843,0.812819830964692,"middle"
69,3,-0.0554727769588971,0.444527223041103,0.581133211452382,0.445252163486353,0.717210142244561,0.7,0,0,0.807985802942322,0.7638627488599,"middle"
69,4,-1.39019025026096,0.890190250260958,0.581133211452382,0.445252163486353,0.717210142244561,0.7,0,0,0.896158334679732,0.888484351112405,"far from mean"
69,5,-1.20204741333826,0.702047413338265,0.581133211452382,0.445252163486353,0.717210142244561,0.7,1,1,0.851096897707723,0.866698212513476,"middle"
69,6,-0.178080572392511,0.321919427607489,0.581133211452382,0.445252163486353,0.717210142244561,0.7,0,0,0.822953135239088,0.829898791518186,"near mean"
69,7,-1.33565159473186,0.835651594731859,0.581133211452382,0.445252163486353,0.717210142244561,0.7,1,1,0.888676733278064,0.855617684649079,"far from mean"
69,8,-2.17777647844798,1.67777647844798,0.581133211452382,0.445252163486353,0.717210142244561,0.7,1,1,1.02914136089612,1.01142595999599,"far from mean"
69,9,1.04674117901194,1.54674117901194,0.581133211452382,0.445252163486353,0.717210142244561,0.7,1,1,0.857509197109333,0.851811991639041,"far from mean"
69,10,-0.0529197529122929,0.447080247087707,0.581133211452382,0.445252163486353,0.717210142244561,0.7,1,1,0.825747050584368,0.788917277912199,"middle"
69,11,-1.27186586566014,0.771865865660143,0.581133211452382,0.445252163486353,0.717210142244561,0.7,1,1,0.857108974016507,0.829149307931565,"far from mean"
69,12,1.128214711795,1.628214711795,0.581133211452382,0.445252163486353,0.717210142244561,0.7,0,0,0.846180301780787,0.850806705247547,"far from mean"
70,1,0.973551526174827,1.47355152617483,0.510075707100101,0.369119126200245,0.65122165231691,0.7,1,1,0.850162379310846,0.833883655921399,"far from mean"
70,2,-0.576910497196023,0.0769104971960227,0.510075707100101,0.369119126200245,0.65122165231691,0.7,1,1,0.837497906659224,0.837279194069641,"near mean"
70,3,-2.29797085735249,1.79797085735249,0.510075707100101,0.369119126200245,0.65122165231691,0.7,1,1,1.24153322166851,1.22783207325377,"far from mean"
70,4,-0.0687685006187159,0.431231499381284,0.510075707100101,0.369119126200245,0.65122165231691,0.7,1,1,0.820824548871464,0.785226198961506,"middle"
70,5,-0.578742685994567,0.0787426859945669,0.510075707100101,0.369119126200245,0.65122165231691,0.7,1,1,0.847725734908092,0.864510172953754,"near mean"
70,6,-0.686798457041635,0.186798457041635,0.510075707100101,0.369119126200245,0.65122165231691,0.7,1,1,0.8308444128027,0.831806154464243,"near mean"
70,7,-0.238052928403046,0.261947071596954,0.510075707100101,0.369119126200245,0.65122165231691,0.7,1,1,0.790608898245514,0.776798023564393,"near mean"
70,8,0.0947188323000689,0.594718832300069,0.510075707100101,0.369119126200245,0.65122165231691,0.7,1,1,0.835804185311185,0.838460782012357,"middle"
70,9,1.7217079789297,2.2217079789297,0.510075707100101,0.369119126200245,0.65122165231691,0.7,1,1,0.904594759068231,0.930246413749583,"far from mean"
70,10,-1.64176765340144,1.14176765340144,0.510075707100101,0.369119126200245,0.65122165231691,0.7,1,1,0.944175941821586,0.918506960128633,"far from mean"
70,11,-2.36523195778953,1.86523195778953,0.510075707100101,0.369119126200245,0.65122165231691,0.7,1,1,1.27619063908121,1.3644700995099,"far from mean"
70,12,-0.335734799607145,0.164265200392855,0.510075707100101,0.369119126200245,0.65122165231691,0.7,1,1,0.809278966446538,0.766808212289299,"near mean"
71,1,-0.898083527094509,0.398083527094509,0.612255973457115,0.484577334363051,0.740255282297456,0.7,1,1,0.78832309824376,0.74067384037295,"middle"
71,2,-0.858102465155059,0.358102465155059,0.612255973457115,0.484577334363051,0.740255282297456,0.7,1,1,0.755467474796003,0.73311489184935,"middle"
71,3,-0.429547420970336,0.0704525790296636,0.612255973457115,0.484577334363051,0.740255282297456,0.7,1,1,0.743995209276048,0.741078959013932,"near mean"
71,4,-1.85134906172633,1.35134906172633,0.612255973457115,0.484577334363051,0.740255282297456,0.7,0,1,0.837873185345642,0.864242577954315,"far from mean"
71,5,0.517420314603007,1.01742031460301,0.612255973457115,0.484577334363051,0.740255282297456,0.7,0,0,0.76374083395502,0.693394735835117,"far from mean"
71,6,-0.820620052428874,0.320620052428874,0.612255973457115,0.484577334363051,0.740255282297456,0.7,1,1,0.776440203818028,0.811357671350297,"near mean"
71,7,-0.614903054278225,0.114903054278225,0.612255973457115,0.484577334363051,0.740255282297456,0.7,1,1,0.824795788818056,0.806043052625965,"near mean"
71,8,0.559033836751088,1.05903383675109,0.612255973457115,0.484577334363051,0.740255282297456,0.7,0,0,0.765698016291693,0.765667526822288,"far from mean"
71,9,-1.61738289549647,1.11738289549647,0.612255973457115,0.484577334363051,0.740255282297456,0.7,0,0,0.845685503483086,0.829975564263976,"far from mean"
71,10,0.796627784449241,1.29662778444924,0.612255973457115,0.484577334363051,0.740255282297456,0.7,1,1,0.816544739410362,0.73059331678923,"far from mean"
71,11,-0.709511248829513,0.209511248829513,0.612255973457115,0.484577334363051,0.740255282297456,0.7,1,1,0.776143278989419,0.759548056296745,"near mean"
71,12,-0.0735822098240227,0.426417790175977,0.612255973457115,0.484577334363051,0.740255282297456,0.7,1,1,0.756680669715572,0.755018959801844,"middle"
72,1,-0.900770033441113,0.400770033441113,0.595254905949479,0.464045923070663,0.726894978737927,0.7,1,1,0.786636401342409,0.750838686251308,"middle"
72,2,-0.196856577126013,0.303143422873987,0.595254905949479,0.464045923070663,0.726894978737927,0.7,1,1,0.751996331110444,0.711010209946155,"near mean"
72,3,-1.27829068346117,0.778290683461171,0.595254905949479,0.464045923070663,0.726894978737927,0.7,1,1,0.929145102507572,0.956067843728938,"far from mean"
72,4,-0.947825054226775,0.447825054226775,0.595254905949479,0.464045923070663,0.726894978737927,0.7,1,1,0.787402753785232,0.774575824317562,"middle"
72,5,-1.11350769181857,0.613507691818566,0.595254905949479,0.464045923070663,0.726894978737927,0.7,0,0,0.74495364487065,0.736316003141869,"middle"
72,6,-1.0011866991691,0.501186699169105,0.595254905949479,0.464045923070663,0.726894978737927,0.7,1,1,0.86058766755758,0.880757599229069,"middle"
72,7,0.611518026381906,1.11151802638191,0.595254905949479,0.464045923070663,0.726894978737927,0.7,1,1,0.784695386005793,0.825506532489354,"far from mean"
72,8,0.417437888449164,0.917437888449164,0.595254905949479,0.464045923070663,0.726894978737927,0.7,1,1,0.791807212117684,0.816330053740076,"far from mean"
72,9,-0.608730867401335,0.108730867401335,0.595254905949479,0.464045923070663,0.726894978737927,0.7,1,1,0.759903456586119,0.731580098860778,"near mean"
72,10,0.00416490701236394,0.504164907012364,0.595254905949479,0.464045923070663,0.726894978737927,0.7,1,1,0.775294998915675,0.746653362260189,"middle"
72,11,-0.18857139402487,0.31142860597513,0.595254905949479,0.464045923070663,0.726894978737927,0.7,1,1,0.757833248362986,0.735841514254855,"near mean"
72,12,-0.797381821174487,0.297381821174487,0.595254905949479,0.464045923070663,0.726894978737927,0.7,1,1,0.817370975689113,0.800661974175146,"near mean"
73,1,-1.82907260850368,1.32907260850368,0.594198963640521,0.46049092297076,0.728176173987555,0.7,1,1,0.964417443513136,1.01755977326059,"far from mean"
73,2,-0.715293569793579,0.215293569793579,0.594198963640521,0.46049092297076,0.728176173987555,0.7,1,1,0.813510990714565,0.798873806678619,"near mean"
73,3,1.09556500221382,1.59556500221382,0.594198963640521,0.46049092297076,0.728176173987555,0.7,1,1,0.86413811368639,0.872810503000028,"far from mean"
73,4,-0.724507451249637,0.224507451249637,0.594198963640521,0.46049092297076,0.728176173987555,0.7,0,0,0.858949658979345,0.914377688494324,"near mean"
73,5,-0.787714834315938,0.287714834315938,0.594198963640521,0.46049092297076,0.728176173987555,0.7,1,1,0.837865957060627,0.836253584667298,"near mean"
73,6,0.739445166996131,1.23944516699613,0.594198963640521,0.46049092297076,0.728176173987555,0.7,1,1,0.84248993455731,0.864521258616763,"far from mean"
73,7,0.0806298280841331,0.580629828084133,0.594198963640521,0.46049092297076,0.728176173987555,0.7,1,1,0.819686354108239,0.830030979945585,"middle"
73,8,-0.323137465812084,0.176862534187916,0.594198963640521,0.46049092297076,0.728176173987555,0.7,0,0,0.81821301423973,0.782542477773038,"near mean"
73,9,-1.94742437328394,1.44742437328394,0.594198963640521,0.46049092297076,0.728176173987555,0.7,1,1,0.93672092223239,0.972484877357291,"far from mean"
73,10,-0.90099344025913,0.40099344025913,0.594198963640521,0.46049092297076,0.728176173987555,0.7,1,1,0.812615429718923,0.756840735224688,"middle"
73,11,0.19775747836422,0.69775747836422,0.594198963640521,0.46049092297076,0.728176173987555,0.7,1,1,0.846334844431859,0.823452330225033,"middle"
73,12,-0.88525373244031,0.38525373244031,0.594198963640521,0.46049092297076,0.728176173987555,0.7,1,1,0.826626424832389,0.749687327831635,"middle"
74,1,-0.0977604883248969,0.402239511675103,0.610839887429344,0.48103914009971,0.740884299444125,0.7,1,1,0.74996590046155,0.760704815809542,"middle"
74,2,-0.63087161980964,0.130871619809641,0.610839887429344,0.48103914009971,0.740884299444125,0.7,1,1,0.802538586747253,0.808262435941924,"near mean"
74,3,-0.453541406702011,0.0464585932979889,0.610839887429344,0.48103914009971,0.740884299444125,0.7,1,1,0.782767081082424,0.803681826779934,"near mean"
74,4,0.485346573389749,0.985346573389749,0.610839887429344,0.48103914009971,0.740884299444125,0.7,1,1,0.783854366126643,0.768752678048271,"far from mean"
74,5,-1.84145677303057,1.34145677303057,0.610839887429344,0.48103914009971,0.740884299444125,0.7,1,1,0.95352480118221,0.976997532874866,"far from mean"
74,6,-0.93609813625324,0.43609813625324,0.610839887429344,0.48103914009971,0.740884299444125,0.7,1,1,0.814676894892936,0.733358026943649,"middle"
74,7,-0.863435509659654,0.363435509659653,0.610839887429344,0.48103914009971,0.740884299444125,0.7,1,1,0.842729142293217,0.832705672944555,"middle"
74,8,0.285271963672543,0.785271963672543,0.610839887429344,0.48103914009971,0.740884299444125,0.7,1,1,0.776675670453437,0.760164268163637,"far from mean"
74,9,-0.0875736682165522,0.412426331783448,0.610839887429344,0.48103914009971,0.740884299444125,0.7,1,1,0.777067501676765,0.738999477156042,"middle"
74,10,0.0752126374509151,0.575212637450915,0.610839887429344,0.48103914009971,0.740884299444125,0.7,1,1,0.790048273743016,0.760931583033088,"middle"
74,11,-1.9513266352351,1.4513266352351,0.610839887429344,0.48103914009971,0.740884299444125,0.7,1,1,0.973761554820102,0.963473438960452,"far from mean"
74,12,0.0162330627184596,0.51623306271846,0.610839887429344,0.48103914009971,0.740884299444125,0.7,1,1,0.78749863258375,0.78490676353007,"middle"
75,1,-0.709938559512488,0.209938559512488,0.635640061194631,0.511460376091505,0.760016726632346,0.7,1,1,0.778790063240488,0.709471194407872,"near mean"
75,2,0.625213100543807,1.12521310054381,0.635640061194631,0.511460376091505,0.760016726632346,0.7,1,1,0.776927583743143,0.756338350654045,"far from mean"
75,3,-1.61390592209224,1.11390592209224,0.635640061194631,0.511460376091505,0.760016726632346,0.7,0,0,0.805099828911716,0.859821154710055,"far from mean"
75,4,-0.388383432723761,0.111616567276239,0.635640061194631,0.511460376091505,0.760016726632346,0.7,1,1,0.760444574233659,0.758437620232986,"near mean"
75,5,-0.471341387828265,0.0286586121717351,0.635640061194631,0.511460376091505,0.760016726632346,0.7,1,1,0.763216620108776,0.723084947729643,"near mean"
75,6,-0.596788448030101,0.0967884480301012,0.635640061194631,0.511460376091505,0.760016726632346,0.7,1,1,0.774087771143549,0.789499923773276,"near mean"
75,7,0.344615545425371,0.844615545425371,0.635640061194631,0.511460376091505,0.760016726632346,0.7,1,1,0.765623143121797,0.747252848257749,"far from mean"
75,8,-0.195806182995313,0.304193817004687,0.635640061194631,0.511460376091505,0.760016726632346,0.7,1,1,0.750467415760639,0.795081386151697,"near mean"
75,9,-0.096001536964835,0.403998463035165,0.635640061194631,0.511460376091505,0.760016726632346,0.7,1,1,0.774886944052308,0.786189688513547,"middle"
75,10,0.531325392782598,1.0313253927826,0.635640061194631,0.511460376091505,0.760016726632346,0.7,0,0,0.772430614579128,0.78353315084363,"far from mean"
75,11,-1.54114667507362,1.04114667507362,0.635640061194631,0.511460376091505,0.760016726632346,0.7,1,1,0.836636479046362,0.828916681532945,"far from mean"
75,12,-1.88784189353115,1.38784189353115,0.635640061194631,0.511460376091505,0.760016726632346,0.7,0,0,0.850568633001006,0.843896345586531,"far from mean"
76,1,-0.791404208496802,0.291404208496802,0.667856414256045,0.535898670785883,0.800090880456421,0.7,1,1,0.763670205547562,0.746907916378732,"near mean"
76,2,-0.627835369366366,0.127835369366366,0.667856414256045,0.535898670785883,0.800090880456421,0.7,1,1,0.84107362551074,0.840566924875146,"near mean"
76,3,0.306986454942821,0.806986454942821,0.667856414256045,0.535898670785883,0.800090880456421,0.7,1,1,0.80205881569528,0.778319459401888,"far from mean"
76,4,-0.437941637381733,0.0620583626182671,0.667856414256045,0.535898670785883,0.800090880456421,0.7,1,1,0.764223810618257,0.769444135046176,"near mean"
76,5,-1.1971464457152,0.6971464457152,0.667856414256045,0.535898670785883,0.800090880456421,0.7,1,1,0.824392237656928,0.831154589311871,"middle"
76,6,0.268844932301545,0.768844932301545,0.667856414256045,0.535898670785883,0.800090880456421,0.7,1,1,0.775159943746951,0.770779553008542,"far from mean"
76,7,0.556076246860525,1.05607624686053,0.667856414256045,0.535898670785883,0.800090880456421,0.7,0,0,0.794176936473514,0.767774116977869,"far from mean"
76,8,0.1818657066856,0.6818657066856,0.667856414256045,0.535898670785883,0.800090880456421,0.7,1,1,0.773413123825481,0.807422888310621,"middle"
76,9,0.116049990599659,0.616049990599659,0.667856414256045,0.535898670785883,0.800090880456421,0.7,1,1,0.765169813574184,0.712227305508163,"middle"
76,10,-2.57112554447996,2.07112554447996,0.667856414256045,0.535898670785883,0.800090880456421,0.7,1,1,1.04115399892296,1.08165818667821,"far from mean"
76,11,-0.210854762549444,0.289145237450556,0.667856414256045,0.535898670785883,0.800090880456421,0.7,1,1,0.756043163132739,0.747250678840352,"near mean"
76,12,-1.59351536340065,1.09351536340065,0.667856414256045,0.535898670785883,0.800090880456421,0.7,1,1,0.922636556735114,0.880235903940802,"far from mean"
77,1,-0.264945137016177,0.235054862983823,0.499472383159267,0.368087262784804,0.631043166566727,0.7,1,1,0.79198339958825,0.840656541615609,"near mean"
77,2,0.312306861472844,0.812306861472844,0.499472383159267,0.368087262784804,0.631043166566727,0.7,1,1,0.794602721661022,0.738706938776245,"far from mean"
77,3,-1.0372966821262,0.537296682126203,0.499472383159267,0.368087262784804,0.631043166566727,0.7,1,1,0.820015531068645,0.786887900954414,"middle"
77,4,0.307796778564983,0.807796778564983,0.499472383159267,0.368087262784804,0.631043166566727,0.7,1,1,0.796494094072655,0.74242483253086,"far from mean"
77,5,-2.2183439676376,1.7183439676376,0.499472383159267,0.368087262784804,0.631043166566727,0.7,1,1,0.977532761867486,1.02493574008308,"far from mean"
77,6,-0.592978077116565,0.0929780771165654,0.499472383159267,0.368087262784804,0.631043166566727,0.7,1,1,0.813301109092396,0.819627861139598,"near mean"
77,7,1.5013545518508,2.0013545518508,0.499472383159267,0.368087262784804,0.631043166566727,0.7,0,0,0.852237125832795,0.874488588473579,"far from mean"
77,8,-1.72054720900778,1.22054720900778,0.499472383159267,0.368087262784804,0.631043166566727,0.7,1,1,0.919572504050632,0.9288886785732,"far from mean"
77,9,-0.806548948606533,0.306548948606533,0.499472383159267,0.368087262784804,0.631043166566727,0.7,1,1,0.810543848422437,0.779170008134072,"near mean"
77,10,-0.850176128123816,0.350176128123816,0.499472383159267,0.368087262784804,0.631043166566727,0.7,1,1,0.786921872809153,0.800125726184762,"middle"
77,11,-1.06291780147156,0.562917801471561,0.499472383159267,0.368087262784804,0.631043166566727,0.7,1,1,0.824607695284043,0.852111787423427,"middle"
77,12,0.432295759217609,0.932295759217609,0.499472383159267,0.368087262784804,0.631043166566727,0.7,1,1,0.825916477898102,0.807946003120212,"far from mean"
78,1,0.302155010092795,0.802155010092795,0.69920616685832,0.558556627956258,0.84010028062171,0.7,1,1,0.80481515106977,0.831286124671253,"far from mean"
78,2,0.120033733124988,0.620033733124988,0.69920616685832,0.558556627956258,0.84010028062171,0.7,1,1,0.825719261883874,0.803861206170035,"middle"
78,3,1.61589164697141,2.11589164697141,0.69920616685832,0.558556627956258,0.84010028062171,0.7,1,0,0.876332946451735,0.868439993838267,"far from mean"
78,4,-0.708467652868648,0.208467652868648,0.69920616685832,0.558556627956258,0.84010028062171,0.7,1,1,0.838077202029915,0.845017374265796,"near mean"
78,5,-1.48277951928548,0.982779519285482,0.69920616685832,0.558556627956258,0.84010028062171,0.7,1,1,0.88539665583985,0.91878388338999,"far from mean"
78,6,0.292377814275323,0.792377814275323,0.69920616685832,0.558556627956258,0.84010028062171,0.7,1,1,0.809518470499262,0.748397566243316,"far from mean"
78,7,-1.76625582401381,1.26625582401381,0.69920616685832,0.558556627956258,0.84010028062171,0.7,1,1,0.950309580309765,0.923548893763359,"far from mean"
78,8,-1.05613848809361,0.556138488093612,0.69920616685832,0.558556627956258,0.84010028062171,0.7,1,1,0.873335834314432,0.887554294996926,"middle"
78,9,-0.704367000075281,0.204367000075281,0.69920616685832,0.558556627956258,0.84010028062171,0.7,1,1,0.85342804998949,0.856839356683103,"near mean"
78,10,-2.078223643814,1.578223643814,0.69920616685832,0.558556627956258,0.84010028062171,0.7,1,1,1.15434130940881,1.23787867205492,"far from mean"
78,11,0.196757516816849,0.696757516816849,0.69920616685832,0.558556627956258,0.84010028062171,0.7,1,1,0.798089343953331,0.810678596439117,"middle"
78,12,-0.730983593130535,0.230983593130535,0.69920616685832,0.558556627956258,0.84010028062171,0.7,1,1,0.889689536383509,0.921448965411743,"near mean"
79,1,-1.35588746083629,0.85588746083629,0.660794994972227,0.532869485475451,0.789074825962234,0.7,1,1,0.828379052675347,0.784302246284675,"far from mean"
79,2,-0.709061894622284,0.209061894622284,0.660794994972227,0.532869485475451,0.789074825962234,0.7,1,1,0.763654326862785,0.81839821345366,"near mean"
79,3,0.130056395244023,0.630056395244023,0.660794994972227,0.532869485475451,0.789074825962234,0.7,0,0,0.772451454103448,0.752214536925973,"middle"
79,4,-0.154640501024032,0.345359498975968,0.660794994972227,0.532869485475451,0.789074825962234,0.7,1,1,0.763061949121608,0.750604831398189,"middle"
79,5,-0.963898911706672,0.463898911706672,0.660794994972227,0.532869485475451,0.789074825962234,0.7,1,1,0.826432358708333,0.759606713689659,"middle"
79,6,-0.547622638323592,0.0476226383235923,0.660794994972227,0.532869485475451,0.789074825962234,0.7,1,1,0.770506692444617,0.707866462132567,"near mean"
79,7,-1.0564273553338,0.556427355333798,0.660794994972227,0.532869485475451,0.789074825962234,0.7,1,1,0.801769397763615,0.797892930771097,"middle"
79,8,-0.572421031237299,0.0724210312372988,0.660794994972227,0.532869485475451,0.789074825962234,0.7,1,1,0.762502160534911,0.718693180391635,"near mean"
79,9,-0.624980985458082,0.124980985458082,0.660794994972227,0.532869485475451,0.789074825962234,0.7,1,1,0.798168916905774,0.763466210996601,"near mean"
79,10,-0.0882272808831381,0.411772719116862,0.660794994972227,0.532869485475451,0.789074825962234,0.7,1,1,0.755976722809712,0.714805740616948,"middle"
79,11,-0.112604885835163,0.387395114164837,0.660794994972227,0.532869485475451,0.789074825962234,0.7,1,1,0.775584435948804,0.75494706395382,"middle"
79,12,0.0557165500163281,0.555716550016328,0.660794994972227,0.532869485475451,0.789074825962234,0.7,1,1,0.766562792035812,0.824137117872237,"middle"
80,1,0.0968993039615991,0.596899303961599,0.806268769814807,0.664619233052788,0.948309469673802,0.7,1,1,0.820458287571634,0.829560822759391,"middle"
80,2,-1.21378541743025,0.713785417430247,0.806268769814807,0.664619233052788,0.948309469673802,0.7,1,1,0.917934901855977,0.92389758027947,"middle"
80,3,1.56983334725477,2.06983334725477,0.806268769814807,0.664619233052788,0.948309469673802,0.7,1,1,0.89656951304732,0.899901686379504,"far from mean"
80,4,-1.23932128240404,0.739321282404041,0.806268769814807,0.664619233052788,0.948309469673802,0.7,1,1,0.906561164308952,0.842104711182713,"middle"
80,5,-0.146208319055987,0.353791680944013,0.806268769814807,0.664619233052788,0.948309469673802,0.7,1,1,0.791203532361724,0.745209269166969,"middle"
80,6,-0.221548420024239,0.278451579975761,0.806268769814807,0.664619233052788,0.948309469673802,0.7,1,1,0.770887243304566,0.680944566717058,"near mean"
80,7,-1.4246137914692,0.924613791469196,0.806268769814807,0.664619233052788,0.948309469673802,0.7,1,1,0.922614901402028,0.895547945015592,"far from mean"
80,8,-0.182883866532208,0.317116133467792,0.806268769814807,0.664619233052788,0.948309469673802,0.7,1,1,0.776217414666983,0.792865905195416,"near mean"
80,9,-1.7133165542193,1.2133165542193,0.806268769814807,0.664619233052788,0.948309469673802,0.7,1,1,0.930072401352048,0.949696419570582,"far from mean"
80,10,0.00449451737911666,0.504494517379117,0.806268769814807,0.664619233052788,0.948309469673802,0.7,1,1,0.802514256176526,0.775796921376756,"middle"
80,11,-0.366248107383187,0.133751892616813,0.806268769814807,0.664619233052788,0.948309469673802,0.7,1,1,0.826131517442779,0.820694523412349,"near mean"
80,12,-1.16330141007708,0.663301410077076,0.806268769814807,0.664619233052788,0.948309469673802,0.7,1,1,0.920042539618281,0.910631206591223,"middle"
81,1,0.212606641634838,0.712606641634838,0.668936211429758,0.531110985403979,0.807118117422553,0.7,1,1,0.788389399442365,0.77234417086268,"middle"
81,2,-0.240677481567434,0.259322518432566,0.668936211429758,0.531110985403979,0.807118117422553,0.7,1,1,0.766380514604261,0.774817495067036,"near mean"
81,3,-0.572840648165983,0.0728406481659834,0.668936211429758,0.531110985403979,0.807118117422553,0.7,1,1,0.827387685355065,0.847697999020749,"near mean"
81,4,0.339030221513296,0.839030221513296,0.668936211429758,0.531110985403979,0.807118117422553,0.7,1,1,0.794525510416395,0.771879971706244,"far from mean"
81,5,-1.45930630618396,0.959306306183957,0.668936211429758,0.531110985403979,0.807118117422553,0.7,1,1,0.950868261216629,0.896529039753333,"far from mean"
81,6,-0.290365291226923,0.209634708773077,0.668936211429758,0.531110985403979,0.807118117422553,0.7,1,1,0.774553537163453,0.727386023154129,"near mean"
81,7,-0.302367684693768,0.197632315306232,0.668936211429758,0.531110985403979,0.807118117422553,0.7,1,1,0.783526822336011,0.812143396274762,"near mean"
81,8,-0.973702663378298,0.473702663378298,0.668936211429758,0.531110985403979,0.807118117422553,0.7,1,1,0.826141227633003,0.790971942061764,"middle"
81,9,0.124541994287873,0.624541994287873,0.668936211429758,0.531110985403979,0.807118117422553,0.7,1,1,0.798248892723984,0.761400206770291,"middle"
81,10,-0.527701125473538,0.0277011254735381,0.668936211429758,0.531110985403979,0.807118117422553,0.7,1,1,0.822724259161192,0.809907490463793,"near mean"
81,11,-2.28688536297337,1.78688536297337,0.668936211429758,0.531110985403979,0.807118117422553,0.7,1,1,1.1031778080262,1.17814851732767,"far from mean"
81,12,-0.0223322937727328,0.477667706227267,0.668936211429758,0.531110985403979,0.807118117422553,0.7,1,1,0.794727632951573,0.797452315021851,"middle"
82,1,0.0877033643339182,0.587703364333918,0.708845186473281,0.5688872985158,0.849203893503765,0.7,1,1,0.810444095524771,0.788511736243069,"middle"
82,2,-0.846729042594969,0.346729042594969,0.708845186473281,0.5688872985158,0.849203893503765,0.7,1,1,0.814398036108763,0.866297517885102,"middle"
82,3,-1.94833908861574,1.44833908861574,0.708845186473281,0.5688872985158,0.849203893503765,0.7,1,1,0.941846845770135,0.92329329530491,"far from mean"
82,4,-0.250036679665983,0.249963320334017,0.708845186473281,0.5688872985158,0.849203893503765,0.7,1,1,0.772914244670244,0.724414629763578,"near mean"
82,5,0.926531023687059,1.42653102368706,0.708845186473281,0.5688872985158,0.849203893503765,0.7,1,1,0.841846825495499,0.828428232526368,"far from mean"
82,6,-0.999846794778202,0.499846794778202,0.708845186473281,0.5688872985158,0.849203893503765,0.7,1,1,0.897596699129942,0.955503016756439,"middle"
82,7,-0.610578032522313,0.110578032522313,0.708845186473281,0.5688872985158,0.849203893503765,0.7,1,1,0.798422561334246,0.846322808854592,"near mean"
82,8,-0.177914984236447,0.322085015763553,0.708845186473281,0.5688872985158,0.849203893503765,0.7,1,1,0.833862429815889,0.888066112543423,"near mean"
82,9,-1.00192371990252,0.501923719902518,0.708845186473281,0.5688872985158,0.849203893503765,0.7,1,1,0.828820567763971,0.829803134343053,"middle"
82,10,-0.422067138160939,0.077932861839061,0.708845186473281,0.5688872985158,0.849203893503765,0.7,1,1,0.776046903868971,0.689203300162367,"near mean"
82,11,-0.964905706292147,0.464905706292147,0.708845186473281,0.5688872985158,0.849203893503765,0.7,1,1,0.837917288157172,0.869413395505725,"middle"
82,12,0.208106798748285,0.708106798748285,0.708845186473281,0.5688872985158,0.849203893503765,0.7,0,0,0.813537377381918,0.807041462309237,"middle"
83,1,-1.32411207734752,0.824112077347523,0.766362627874435,0.621826907780952,0.911383779066953,0.7,1,1,0.934507544140833,0.914408660674974,"far from mean"
83,2,-1.20399675967908,0.703996759679075,0.766362627874435,0.621826907780952,0.911383779066953,0.7,1,1,0.849798021278116,0.878286292091895,"middle"
83,3,-0.453141852821441,0.0468581471785589,0.766362627874435,0.621826907780952,0.911383779066953,0.7,1,1,0.894714669961428,0.910852574278235,"near mean"
83,4,0.723692491117792,1.22369249111779,0.766362627874435,0.621826907780952,0.911383779066953,0.7,1,1,0.853696599338398,0.852871200782097,"far from mean"
83,5,-1.23997143049056,0.739971430490556,0.766362627874435,0.621826907780952,0.911383779066953,0.7,1,1,0.932807490486725,0.959582240492837,"middle"
83,6,-0.64415697243894,0.14415697243894,0.766362627874435,0.621826907780952,0.911383779066953,0.7,1,1,0.815028543824739,0.808864524706284,"near mean"
83,7,0.742076356432129,1.24207635643213,0.766362627874435,0.621826907780952,0.911383779066953,0.7,1,1,0.856672433276565,0.864150210720989,"far from mean"
83,8,-0.142893922916471,0.357106077083529,0.766362627874435,0.621826907780952,0.911383779066953,0.7,1,1,0.825016670336344,0.804840241655481,"middle"
83,9,0.108099023325789,0.608099023325789,0.766362627874435,0.621826907780952,0.911383779066953,0.7,1,1,0.794668158483705,0.769309980073338,"middle"
83,10,-0.0280258445332847,0.471974155466715,0.766362627874435,0.621826907780952,0.911383779066953,0.7,1,1,0.835622109566625,0.791003738170485,"middle"
83,11,-1.81138394622956,1.31138394622956,0.766362627874435,0.621826907780952,0.911383779066953,0.7,1,1,0.959655548906816,0.993436431912172,"far from mean"
83,12,-0.726185064418858,0.226185064418858,0.766362627874435,0.621826907780952,0.911383779066953,0.7,1,1,0.87946588966117,0.850044122958718,"near mean"
84,1,0.38550853571573,0.88550853571573,0.48483016515531,0.358815903859326,0.611075784820529,0.7,1,1,0.771526353155227,0.793582415047547,"far from mean"
84,2,-0.998919369236906,0.498919369236906,0.48483016515531,0.358815903859326,0.611075784820529,0.7,1,1,0.825450649173428,0.860716914792211,"middle"
84,3,-0.984858966502926,0.484858966502926,0.48483016515531,0.358815903859326,0.611075784820529,0.7,1,1,0.799110101274078,0.862952247771257,"middle"
84,4,0.273298472413478,0.773298472413478,0.48483016515531,0.358815903859326,0.611075784820529,0.7,1,1,0.755089674555399,0.730560688563971,"far from mean"
84,5,-1.49508462599431,0.995084625994305,0.48483016515531,0.358815903859326,0.611075784820529,0.7,1,1,0.808360403864418,0.79529524638237,"far from mean"
84,6,-0.64352283709067,0.14352283709067,0.48483016515531,0.358815903859326,0.611075784820529,0.7,1,1,0.745576260009524,0.78221385674919,"near mean"
84,7,-0.454931176196555,0.045068823803445,0.48483016515531,0.358815903859326,0.611075784820529,0.7,1,1,0.747343883526727,0.730124581053786,"near mean"
84,8,-0.567802563420047,0.0678025634200466,0.48483016515531,0.358815903859326,0.611075784820529,0.7,1,1,0.804728884515789,0.824667145751458,"near mean"
84,9,0.778808238572495,1.27880823857249,0.48483016515531,0.358815903859326,0.611075784820529,0.7,0,0,0.768891615556947,0.731822083001677,"far from mean"
84,10,-1.88138252289631,1.38138252289631,0.48483016515531,0.358815903859326,0.611075784820529,0.7,1,1,0.903193441349532,0.971102240995558,"far from mean"
84,11,0.0871132397584665,0.587113239758467,0.48483016515531,0.358815903859326,0.611075784820529,0.7,0,0,0.765803779762638,0.743678500705011,"middle"
84,12,-0.498226425122453,0.00177357487754685,0.48483016515531,0.358815903859326,0.611075784820529,0.7,1,1,0.741470917991488,0.685299796354504,"near mean"
85,1,-0.228025032719995,0.271974967280005,0.752515631308995,0.614651209125553,0.890647638276845,0.7,0,0,0.863064251006788,0.880327479405835,"near mean"
85,2,-0.361351372924489,0.138648627075511,0.752515631308995,0.614651209125553,0.890647638276845,0.7,1,1,0.828560540246743,0.791173654314993,"near mean"
85,3,-1.18393272647103,0.683932726471029,0.752515631308995,0.614651209125553,0.890647638276845,0.7,1,1,0.915518941614879,0.963341365811884,"middle"
85,4,-2.11677563310123,1.61677563310123,0.752515631308995,0.614651209125553,0.890647638276845,0.7,1,1,1.08914644031681,1.04600080105893,"far from mean"
85,5,0.802735456859491,1.30273545685949,0.752515631308995,0.614651209125553,0.890647638276845,0.7,0,0,0.836264135102228,0.801307562470021,"far from mean"
85,6,0.434249140628885,0.934249140628885,0.752515631308995,0.614651209125553,0.890647638276845,0.7,1,1,0.80008903258306,0.758094327030392,"far from mean"
85,7,1.09246502936231,1.59246502936231,0.752515631308995,0.614651209125553,0.890647638276845,0.7,1,1,0.881827379772285,0.840665700168646,"far from mean"
85,8,-0.0961550142586955,0.403844985741304,0.752515631308995,0.614651209125553,0.890647638276845,0.7,1,1,0.784960722949626,0.676640821133797,"middle"
85,9,0.0987385464982639,0.598738546498264,0.752515631308995,0.614651209125553,0.890647638276845,0.7,1,1,0.780081498201552,0.720573327873221,"middle"
85,10,-1.1692352584256,0.669235258425603,0.752515631308995,0.614651209125553,0.890647638276845,0.7,1,1,0.960049303322764,0.939390132525792,"middle"
85,11,-1.06187293585991,0.561872935859912,0.752515631308995,0.614651209125553,0.890647638276845,0.7,1,1,0.842251866745132,0.843685852381353,"middle"
85,12,-2.210840199588,1.710840199588,0.752515631308995,0.614651209125553,0.890647638276845,0.7,1,1,1.09254898992906,1.16462174884245,"far from mean"
86,1,-1.02542294065268,0.525422940652677,0.670510352970269,0.539962271495129,0.801355639391339,0.7,1,1,0.759354868721899,0.81954349530444,"middle"
86,2,0.0780867929853866,0.578086792985387,0.670510352970269,0.539962271495129,0.801355639391339,0.7,1,0,0.768704537375091,0.719935461011536,"middle"
86,3,-0.596251336468608,0.0962513364686082,0.670510352970269,0.539962271495129,0.801355639391339,0.7,1,1,0.774304043699798,0.779213732578247,"near mean"
86,4,-0.797448817889979,0.297448817889979,0.670510352970269,0.539962271495129,0.801355639391339,0.7,1,1,0.746597023854273,0.739576715118403,"near mean"
86,5,0.191548494498668,0.691548494498668,0.670510352970269,0.539962271495129,0.801355639391339,0.7,1,1,0.783053269302816,0.791541846937885,"middle"
86,6,-0.18934702628082,0.31065297371918,0.670510352970269,0.539962271495129,0.801355639391339,0.7,1,1,0.737516726013773,0.675009515320324,"near mean"
86,7,-0.548517531747936,0.0485175317479365,0.670510352970269,0.539962271495129,0.801355639391339,0.7,1,1,0.752845902211526,0.73340878676564,"near mean"
86,8,-2.52969736269345,2.02969736269345,0.670510352970269,0.539962271495129,0.801355639391339,0.7,0,0,0.941302231817184,0.948957184008365,"far from mean"
86,9,-0.068938957179133,0.431061042820867,0.670510352970269,0.539962271495129,0.801355639391339,0.7,1,1,0.745488052437789,0.764602604369393,"middle"
86,10,0.28626344184044,0.78626344184044,0.670510352970269,0.539962271495129,0.801355639391339,0.7,1,1,0.776453042343956,0.793943826167903,"far from mean"
86,11,-0.436460930671905,0.0635390693280953,0.670510352970269,0.539962271495129,0.801355639391339,0.7,1,1,0.800171843613227,0.867583025489876,"near mean"
86,12,-0.363813825739992,0.136186174260008,0.670510352970269,0.539962271495129,0.801355639391339,0.7,1,1,0.78938586880032,0.786990335483831,"near mean"
87,1,-0.275453777511033,0.224546222488967,0.688106852638863,0.555725652218083,0.820905358038483,0.7,1,1,0.76756085254073,0.742934921595011,"near mean"
87,2,-0.929280623263051,0.429280623263051,0.688106852638863,0.555725652218083,0.820905358038483,0.7,1,1,0.829882486939468,0.860884142645693,"middle"
87,3,-1.39918818962225,0.899188189622249,0.688106852638863,0.555725652218083,0.820905358038483,0.7,1,1,0.859109820251811,0.897559882555429,"far from mean"
87,4,-1.14475788438917,0.644757884389171,0.688106852638863,0.555725652218083,0.820905358038483,0.7,1,1,0.823963711028543,0.865538639869387,"middle"
87,5,-0.0913968678964189,0.408603132103581,0.688106852638863,0.555725652218083,0.820905358038483,0.7,1,1,0.782071212884083,0.749800022672622,"middle"
87,6,-0.71457392276824,0.21457392276824,0.688106852638863,0.555725652218083,0.820905358038483,0.7,1,1,0.744216145375069,0.660133090540861,"near mean"
87,7,-0.655409886405874,0.155409886405874,0.688106852638863,0.555725652218083,0.820905358038483,0.7,1,1,0.750632592570663,0.691911339570825,"near mean"
87,8,-0.654889341052528,0.154889341052528,0.688106852638863,0.555725652218083,0.820905358038483,0.7,1,1,0.813533457159382,0.82450152724095,"near mean"
87,9,0.330209904870402,0.830209904870402,0.688106852638863,0.555725652218083,0.820905358038483,0.7,1,1,0.774007115675658,0.776472887489286,"far from mean"
87,10,-0.480465288380318,0.0195347116196818,0.688106852638863,0.555725652218083,0.820905358038483,0.7,1,1,0.792763608295711,0.774808782607,"near mean"
87,11,-0.412849560537587,0.0871504394624132,0.688106852638863,0.555725652218083,0.820905358038483,0.7,1,1,0.756601602105898,0.776324297406146,"near mean"
87,12,0.428055436956068,0.928055436956068,0.688106852638863,0.555725652218083,0.820905358038483,0.7,1,1,0.782906258312212,0.758065411246025,"far from mean"
88,1,-0.962766276403914,0.462766276403914,0.673648414203527,0.540575807721476,0.80712036708448,0.7,1,1,0.818737954132169,0.764942003677529,"middle"
88,2,-0.221114335996034,0.278885664003966,0.673648414203527,0.540575807721476,0.80712036708448,0.7,1,1,0.76286994667653,0.736506489672799,"near mean"
88,3,0.468017132447803,0.968017132447803,0.673648414203527,0.540575807721476,0.80712036708448,0.7,1,1,0.819019700486315,0.828653569255019,"far from mean"
88,4,-1.24375831782629,0.743758317826291,0.673648414203527,0.540575807721476,0.80712036708448,0.7,1,1,0.80506016943032,0.736306610523651,"middle"
88,5,-1.21596327202884,0.715963272028842,0.673648414203527,0.540575807721476,0.80712036708448,0.7,1,1,0.879129118949743,0.864322895288158,"middle"
88,6,-0.842324641500241,0.342324641500241,0.673648414203527,0.540575807721476,0.80712036708448,0.7,1,1,0.792541553058002,0.810229992596794,"middle"
88,7,-1.50545900565854,1.00545900565854,0.673648414203527,0.540575807721476,0.80712036708448,0.7,1,1,0.871710592253545,0.898323649106644,"far from mean"
88,8,0.168971229966543,0.668971229966543,0.673648414203527,0.540575807721476,0.80712036708448,0.7,1,1,0.780468851132859,0.799840648278646,"middle"
88,9,0.665560374687082,1.16556037468708,0.673648414203527,0.540575807721476,0.80712036708448,0.7,1,1,0.822833535844854,0.833265150335056,"far from mean"
88,10,-0.711125017741477,0.211125017741477,0.673648414203527,0.540575807721476,0.80712036708448,0.7,1,1,0.796073731064053,0.8119956039807,"near mean"
88,11,-0.131971798477025,0.368028201522975,0.673648414203527,0.540575807721476,0.80712036708448,0.7,1,1,0.78049768742536,0.72671028910565,"middle"
88,12,-0.46806607146906,0.0319339285309401,0.673648414203527,0.540575807721476,0.80712036708448,0.7,1,1,0.763404116459916,0.785209026783454,"near mean"
89,1,-0.457524921413849,0.0424750785861514,0.646365669824636,0.517075971360716,0.775838475365009,0.7,1,1,0.77838764349182,0.763309717949133,"near mean"
89,2,1.3962744244659,1.8962744244659,0.646365669824636,0.517075971360716,0.775838475365009,0.7,1,1,0.848603852124046,0.909200033478411,"far from mean"
89,3,-1.24762453058181,0.747624530581809,0.646365669824636,0.517075971360716,0.775838475365009,0.7,1,1,0.852255883114128,0.825817898588844,"middle"
89,4,0.911998927350792,1.41199892735079,0.646365669824636,0.517075971360716,0.775838475365009,0.7,1,0,0.814411369529952,0.738137528423326,"far from mean"
89,5,-0.914912543328219,0.414912543328219,0.646365669824636,0.517075971360716,0.775838475365009,0.7,1,1,0.772729150491071,0.771045231949063,"middle"
89,6,-0.348148491278686,0.151851508721314,0.646365669824636,0.517075971360716,0.775838475365009,0.7,1,1,0.792150458501764,0.793117583636675,"near mean"
89,7,-0.462945532098737,0.037054467901263,0.646365669824636,0.517075971360716,0.775838475365009,0.7,1,1,0.77328072531258,0.784917725814165,"near mean"
89,8,-1.60537707450615,1.10537707450615,0.646365669824636,0.517075971360716,0.775838475365009,0.7,1,1,0.857098899962405,0.816463605435884,"far from mean"
89,9,-0.0877079227920896,0.41229207720791,0.646365669824636,0.517075971360716,0.775838475365009,0.7,1,1,0.785691502851407,0.784937503018565,"middle"
89,10,-1.08223096529198,0.582230965291975,0.646365669824636,0.517075971360716,0.775838475365009,0.7,1,1,0.845070070388403,0.904785903567281,"middle"
89,11,-0.62741186032413,0.12741186032413,0.646365669824636,0.517075971360716,0.775838475365009,0.7,0,0,0.823560369318759,0.770811791033534,"near mean"
89,12,-1.47438951020105,0.974389510201053,0.646365669824636,0.517075971360716,0.775838475365009,0.7,1,1,0.881242703757319,0.879608335798577,"far from mean"
90,1,-0.118102382895788,0.381897617104212,0.627956620153101,0.499636379498913,0.756594236567691,0.7,1,1,0.745336450342267,0.729791917999963,"middle"
90,2,-1.39649561589352,0.896495615893525,0.627956620153101,0.499636379498913,0.756594236567691,0.7,1,1,0.821922228806772,0.785109639449893,"far from mean"
90,3,-0.788645291174134,0.288645291174134,0.627956620153101,0.499636379498913,0.756594236567691,0.7,0,0,0.742195874501256,0.736366267619837,"near mean"
90,4,-0.67186004993512,0.17186004993512,0.627956620153101,0.499636379498913,0.756594236567691,0.7,1,1,0.767855275048562,0.784829514964328,"near mean"
90,5,-0.799017354289215,0.299017354289215,0.627956620153101,0.499636379498913,0.756594236567691,0.7,1,1,0.761826186989297,0.748821402229198,"near mean"
90,6,-0.643528285574034,0.143528285574034,0.627956620153101,0.499636379498913,0.756594236567691,0.7,1,1,0.718722676106173,0.685941198933196,"near mean"
90,7,-1.28007001686677,0.780070016866774,0.627956620153101,0.499636379498913,0.756594236567691,0.7,0,0,0.763742334242456,0.731080574348041,"far from mean"
90,8,0.58951639405558,1.08951639405558,0.627956620153101,0.499636379498913,0.756594236567691,0.7,1,1,0.757162581320647,0.765945127824954,"far from mean"
90,9,-0.0686008437484487,0.431399156251551,0.627956620153101,0.499636379498913,0.756594236567691,0.7,1,1,0.7303659424342,0.672061190110068,"middle"
90,10,-0.11727027626219,0.38272972373781,0.627956620153101,0.499636379498913,0.756594236567691,0.7,1,1,0.712631237399743,0.695580387965602,"middle"
90,11,-0.205238461575954,0.294761538424046,0.627956620153101,0.499636379498913,0.756594236567691,0.7,1,1,0.751358936541643,0.753679253537824,"near mean"
90,12,-0.500687815840399,0.000687815840398565,0.627956620153101,0.499636379498913,0.756594236567691,0.7,1,1,0.74344850910343,0.726174775955622,"near mean"
91,1,-0.257068221005377,0.242931778994623,0.664907873580288,0.529163433393635,0.801062843787605,0.7,0,0,0.836881942686208,0.762699343189928,"near mean"
91,2,-0.0229805001849882,0.477019499815012,0.664907873580288,0.529163433393635,0.801062843787605,0.7,1,1,0.793339075579566,0.819330733636644,"middle"
91,3,-0.621489593374046,0.121489593374046,0.664907873580288,0.529163433393635,0.801062843787605,0.7,1,1,0.798923328075254,0.772641431859162,"near mean"
91,4,-0.773303548868935,0.273303548868935,0.664907873580288,0.529163433393635,0.801062843787605,0.7,1,1,0.806588519702825,0.794910038043945,"near mean"
91,5,-1.79234259395785,1.29234259395785,0.664907873580288,0.529163433393635,0.801062843787605,0.7,0,0,0.843548400238473,0.800926322344974,"far from mean"
91,6,0.262000995217297,0.762000995217297,0.664907873580288,0.529163433393635,0.801062843787605,0.7,1,1,0.795938274194461,0.789639242979134,"far from mean"
91,7,0.0500985786334591,0.550098578633459,0.664907873580288,0.529163433393635,0.801062843787605,0.7,1,1,0.812449102823247,0.720068683142438,"middle"
91,8,-0.364135488428286,0.135864511571714,0.664907873580288,0.529163433393635,0.801062843787605,0.7,1,1,0.800155429609277,0.852071723668942,"near mean"
91,9,-1.72420955561693,1.22420955561693,0.664907873580288,0.529163433393635,0.801062843787605,0.7,1,1,0.965548647135206,1.025309970641,"far from mean"
91,10,-0.18498978912455,0.31501021087545,0.664907873580288,0.529163433393635,0.801062843787605,0.7,1,1,0.799307597380037,0.796889289790255,"near mean"
91,11,-1.43029927682809,0.930299276828091,0.664907873580288,0.529163433393635,0.801062843787605,0.7,1,1,0.813913444538374,0.836490401651854,"far from mean"
91,12,0.858718993538298,1.3587189935383,0.664907873580288,0.529163433393635,0.801062843787605,0.7,0,0,0.812105120821601,0.817640353363504,"far from mean"
92,1,-0.386250955669282,0.113749044330718,0.625709128381459,0.493245057250491,0.758564400229468,0.7,1,1,0.768462907593006,0.670106422914288,"near mean"
92,2,-2.14626066927942,1.64626066927942,0.625709128381459,0.493245057250491,0.758564400229468,0.7,1,1,1.05325930123055,1.10698624851238,"far from mean"
92,3,-0.980320225402387,0.480320225402387,0.625709128381459,0.493245057250491,0.758564400229468,0.7,1,1,0.792945156677406,0.769027061467696,"middle"
92,4,-0.61248751232926,0.11248751232926,0.625709128381459,0.493245057250491,0.758564400229468,0.7,1,1,0.813259383269471,0.877807331897682,"near mean"
92,5,-0.392769451529344,0.107230548470656,0.625709128381459,0.493245057250491,0.758564400229468,0.7,1,1,0.745891060402389,0.712424950069581,"near mean"
92,6,-1.23739437831973,0.737394378319728,0.625709128381459,0.493245057250491,0.758564400229468,0.7,1,1,0.970414619050604,1.01291575089298,"middle"
92,7,-0.8035990124655,0.3035990124655,0.625709128381459,0.493245057250491,0.758564400229468,0.7,1,1,0.789866574780466,0.805610826947682,"near mean"
92,8,-0.519264566919784,0.0192645669197841,0.625709128381459,0.493245057250491,0.758564400229468,0.7,1,1,0.844147395227031,0.846371636116161,"near mean"
92,9,-0.0798497320705481,0.420150267929452,0.625709128381459,0.493245057250491,0.758564400229468,0.7,1,1,0.73427454306806,0.687505706964236,"middle"
92,10,0.20875073501536,0.70875073501536,0.625709128381459,0.493245057250491,0.758564400229468,0.7,0,0,0.75241367348859,0.744600053874769,"middle"
92,11,1.38806020357033,1.88806020357033,0.625709128381459,0.493245057250491,0.758564400229468,0.7,0,0,0.803738969462075,0.801151545222255,"far from mean"
92,12,-0.438614434600435,0.0613855653995649,0.625709128381459,0.493245057250491,0.758564400229468,0.7,1,1,0.767706650540792,0.714048305861275,"near mean"
93,1,0.668563674296422,1.16856367429642,0.680755415159857,0.542054639690617,0.819673562027367,0.7,1,1,0.872406680165553,0.832967668053762,"far from mean"
93,2,1.33655071882,1.83655071882,0.680755415159857,0.542054639690617,0.819673562027367,0.7,1,1,0.889381268252513,0.86495522609739,"far from mean"
93,3,-0.160044568416197,0.339955431583803,0.680755415159857,0.542054639690617,0.819673562027367,0.7,1,1,0.814417542121406,0.804230453582869,"middle"
93,4,-1.6771773644694,1.1771773644694,0.680755415159857,0.542054639690617,0.819673562027367,0.7,1,1,0.916863459356731,0.911098026096809,"far from mean"
93,5,-1.01110195596359,0.511101955963585,0.680755415159857,0.542054639690617,0.819673562027367,0.7,1,1,0.874080762458609,0.864578720917135,"middle"
93,6,-0.955410205880864,0.455410205880864,0.680755415159857,0.542054639690617,0.819673562027367,0.7,1,1,0.873004060344789,0.876585975186417,"middle"
93,7,0.1557416778982,0.6557416778982,0.680755415159857,0.542054639690617,0.819673562027367,0.7,1,1,0.820856099152138,0.760348719269414,"middle"
93,8,-0.891249455721172,0.391249455721172,0.680755415159857,0.542054639690617,0.819673562027367,0.7,1,1,0.916160820899236,0.959173560254523,"middle"
93,9,-2.07170255941191,1.57170255941191,0.680755415159857,0.542054639690617,0.819673562027367,0.7,1,1,1.07360844871489,1.10476892053585,"far from mean"
93,10,-0.0252819234051299,0.47471807659487,0.680755415159857,0.542054639690617,0.819673562027367,0.7,1,1,0.813152532542462,0.748212743472202,"middle"
93,11,-0.349853339504968,0.150146660495032,0.680755415159857,0.542054639690617,0.819673562027367,0.7,1,1,0.832602832248366,0.886696789414868,"near mean"
93,12,-1.0190346982414,0.519034698241403,0.680755415159857,0.542054639690617,0.819673562027367,0.7,1,1,0.876394536658895,0.861160331857493,"middle"
94,1,1.01965328409746,1.51965328409746,0.728196804689481,0.58435124134696,0.872481742973163,0.7,0,0,0.842618711218942,0.84253477782661,"far from mean"
94,2,-1.08338149982405,0.583381499824047,0.728196804689481,0.58435124134696,0.872481742973163,0.7,0,0,0.815885498476231,0.798551104304789,"middle"
94,3,-0.401509951580192,0.0984900484198077,0.728196804689481,0.58435124134696,0.872481742973163,0.7,1,1,0.842720948017007,0.826781996200404,"near mean"
94,4,-1.57261041480737,1.07261041480737,0.728196804689481,0.58435124134696,0.872481742973163,0.7,1,1,1.04082872891568,1.07018854876717,"far from mean"
94,5,1.5403227959967,2.0403227959967,0.728196804689481,0.58435124134696,0.872481742973163,0.7,1,1,0.893631227734034,0.838098897520817,"far from mean"
94,6,-1.26066502879941,0.760665028799408,0.728196804689481,0.58435124134696,0.872481742973163,0.7,1,1,0.880308339158771,0.867291573347775,"far from mean"
94,7,0.281629744990538,0.781629744990538,0.728196804689481,0.58435124134696,0.872481742973163,0.7,1,1,0.833642389966435,0.75770406127386,"far from mean"
94,8,-1.69644119760641,1.19644119760641,0.728196804689481,0.58435124134696,0.872481742973163,0.7,1,1,0.999739638773028,1.07941756890341,"far from mean"
94,9,-1.31517684801553,0.815176848015533,0.728196804689481,0.58435124134696,0.872481742973163,0.7,1,1,0.972456741949525,1.03720912323831,"far from mean"
94,10,-0.911221145061525,0.411221145061525,0.728196804689481,0.58435124134696,0.872481742973163,0.7,1,1,0.906041893261448,0.896020594562113,"middle"
94,11,-1.15846677422557,0.65846677422557,0.728196804689481,0.58435124134696,0.872481742973163,0.7,1,1,0.90771982068969,0.842216933944467,"middle"
94,12,0.557867034835362,1.05786703483536,0.728196804689481,0.58435124134696,0.872481742973163,0.7,1,1,0.850614417238823,0.849862254148932,"far from mean"
95,1,0.420567076774543,0.920567076774543,0.642583286491403,0.511094109481089,0.774455631565726,0.7,1,1,0.796784543908416,0.870874906331355,"far from mean"
95,2,-1.18077862712356,0.680778627123561,0.642583286491403,0.511094109481089,0.774455631565726,0.7,0,0,0.776845168039062,0.694558050532406,"middle"
95,3,-0.516331324970783,0.0163313249707829,0.642583286491403,0.511094109481089,0.774455631565726,0.7,1,1,0.762033064245035,0.765362246329591,"near mean"
95,4,-1.31697372432646,0.816973724326464,0.642583286491403,0.511094109481089,0.774455631565726,0.7,1,1,0.861049222296969,0.828128108140711,"far from mean"
95,5,-0.677940154336747,0.177940154336747,0.642583286491403,0.511094109481089,0.774455631565726,0.7,1,1,0.783578204415598,0.769746580924701,"near mean"
95,6,-1.15945125323934,0.659451253239337,0.642583286491403,0.511094109481089,0.774455631565726,0.7,1,1,0.856602668755714,0.929395295249563,"middle"
95,7,-0.568617995017492,0.0686179950174922,0.642583286491403,0.511094109481089,0.774455631565726,0.7,1,1,0.863672123050861,0.817880521058337,"near mean"
95,8,0.903484845314336,1.40348484531434,0.642583286491403,0.511094109481089,0.774455631565726,0.7,0,0,0.797987162715102,0.772262872409216,"far from mean"
95,9,-1.18872657239492,0.688726572394922,0.642583286491403,0.511094109481089,0.774455631565726,0.7,1,1,0.785921265557987,0.803847647685359,"middle"
95,10,-0.562461087683229,0.0624610876832294,0.642583286491403,0.511094109481089,0.774455631565726,0.7,1,1,0.758132592041044,0.741013425795432,"near mean"
95,11,1.07009032602607,1.57009032602607,0.642583286491403,0.511094109481089,0.774455631565726,0.7,1,1,0.822464397070515,0.822232950617462,"far from mean"
95,12,-1.22286150902241,0.722861509022411,0.642583286491403,0.511094109481089,0.774455631565726,0.7,1,1,0.817355330428167,0.854375792900989,"middle"
96,1,-0.851742870351569,0.351742870351569,0.687501906845237,0.556408866763677,0.818949297585319,0.7,1,1,0.794237132917026,0.764524947011655,"middle"
96,2,-0.46169260490547,0.0383073950945296,0.687501906845237,0.556408866763677,0.818949297585319,0.7,1,1,0.783646681910383,0.721417568378223,"near mean"
96,3,-0.28780650203846,0.21219349796154,0.687501906845237,0.556408866763677,0.818949297585319,0.7,1,1,0.799458569833075,0.720701070005368,"near mean"
96,4,-1.90464477786792,1.40464477786792,0.687501906845237,0.556408866763677,0.818949297585319,0.7,1,1,0.942357217770237,0.98634671165872,"far from mean"
96,5,-1.42496173858153,0.924961738581526,0.687501906845237,0.556408866763677,0.818949297585319,0.7,1,1,0.862855583738406,0.850479691591465,"far from mean"
96,6,0.767010916139556,1.26701091613956,0.687501906845237,0.556408866763677,0.818949297585319,0.7,1,1,0.812599903187398,0.800829442397126,"far from mean"
96,7,0.9401517692776,1.4401517692776,0.687501906845237,0.556408866763677,0.818949297585319,0.7,1,1,0.813622597167252,0.748874726177468,"far from mean"
96,8,0.429090785951379,0.929090785951379,0.687501906845237,0.556408866763677,0.818949297585319,0.7,1,1,0.788995597495119,0.734930714914352,"far from mean"
96,9,-0.493033636575853,0.00696636342414669,0.687501906845237,0.556408866763677,0.818949297585319,0.7,1,1,0.780388230185751,0.781683676242699,"near mean"
96,10,-1.63558114675351,1.13558114675351,0.687501906845237,0.556408866763677,0.818949297585319,0.7,1,1,0.956632766914144,0.938202680025673,"far from mean"
96,11,-1.07547605933638,0.575476059336383,0.687501906845237,0.556408866763677,0.818949297585319,0.7,1,1,0.848330445014271,0.777036106572901,"middle"
96,12,-0.00131413495783672,0.498685865042163,0.687501906845237,0.556408866763677,0.818949297585319,0.7,0,0,0.778417450226429,0.777186923205121,"middle"
97,1,0.332394976604317,0.832394976604317,0.753699449363627,0.615822083504286,0.891944685260725,0.7,1,1,0.823397305597902,0.799551026960443,"far from mean"
97,2,0.228099946374233,0.728099946374233,0.753699449363627,0.615822083504286,0.891944685260725,0.7,1,1,0.800868927695263,0.760538174784526,"middle"
97,3,-0.616061571481313,0.116061571481313,0.753699449363627,0.615822083504286,0.891944685260725,0.7,1,1,0.805970274176219,0.820730488862683,"near mean"
97,4,-1.46988259408671,0.969882594086712,0.753699449363627,0.615822083504286,0.891944685260725,0.7,1,1,0.942968100326453,0.931049617465184,"far from mean"
97,5,-0.208421718369654,0.291578281630346,0.753699449363627,0.615822083504286,0.891944685260725,0.7,1,1,0.809964398063061,0.790998459462394,"near mean"
97,6,-0.695547314999661,0.195547314999661,0.753699449363627,0.615822083504286,0.891944685260725,0.7,1,1,0.838972475622273,0.807291620884665,"near mean"
97,7,-0.854586385410791,0.354586385410791,0.753699449363627,0.615822083504286,0.891944685260725,0.7,1,1,0.788506100375594,0.766480157434487,"middle"
97,8,-1.15780267582557,0.657802675825574,0.753699449363627,0.615822083504286,0.891944685260725,0.7,1,1,0.930405834642749,0.970835472101012,"middle"
97,9,0.538097987355627,1.03809798735563,0.753699449363627,0.615822083504286,0.891944685260725,0.7,1,1,0.817978638630904,0.847136324937451,"far from mean"
97,10,-1.82247173805777,1.32247173805777,0.753699449363627,0.615822083504286,0.891944685260725,0.7,1,1,0.923668150447199,0.922686076744752,"far from mean"
97,11,-0.112945690892258,0.387054309107742,0.753699449363627,0.615822083504286,0.891944685260725,0.7,1,1,0.788435715280712,0.752005635041901,"middle"
97,12,-0.160873221210446,0.339126778789554,0.753699449363627,0.615822083504286,0.891944685260725,0.7,1,1,0.798494826011587,0.789478917147887,"middle"
98,1,1.14295292099288,1.64295292099288,0.58944452443088,0.460174249128267,0.718884292989546,0.7,1,1,0.842964200183697,0.812262297171423,"far from mean"
98,2,-0.927809791097789,0.427809791097789,0.58944452443088,0.460174249128267,0.718884292989546,0.7,1,1,0.808668588940844,0.870136985944897,"middle"
98,3,1.31100953413575,1.81100953413575,0.58944452443088,0.460174249128267,0.718884292989546,0.7,1,1,0.852810754748991,0.840236252482812,"far from mean"
98,4,-0.928616401500395,0.428616401500395,0.58944452443088,0.460174249128267,0.718884292989546,0.7,1,0,0.787049789134946,0.739883725924814,"middle"
98,5,-0.713775923308205,0.213775923308205,0.58944452443088,0.460174249128267,0.718884292989546,0.7,1,1,0.789716328847525,0.794967102593164,"near mean"
98,6,0.0516901442925174,0.551690144292517,0.58944452443088,0.460174249128267,0.718884292989546,0.7,1,1,0.7883404364373,0.777871701325075,"middle"
98,7,-0.958170904659379,0.458170904659379,0.58944452443088,0.460174249128267,0.718884292989546,0.7,1,1,0.826162921630238,0.846975099081918,"middle"
98,8,-1.99874951642477,1.49874951642477,0.58944452443088,0.460174249128267,0.718884292989546,0.7,1,1,0.908281856153552,0.817909168596394,"far from mean"
98,9,-1.90679020222325,1.40679020222325,0.58944452443088,0.460174249128267,0.718884292989546,0.7,1,1,0.918553464395074,0.906721560070549,"far from mean"
98,10,-0.523401735148472,0.0234017351484718,0.58944452443088,0.460174249128267,0.718884292989546,0.7,1,1,0.781530637473143,0.708657427089478,"near mean"
98,11,-1.01547888206396,0.515478882063964,0.58944452443088,0.460174249128267,0.718884292989546,0.7,1,1,0.807386964729304,0.861594495558053,"middle"
98,12,0.467140757005083,0.967140757005083,0.58944452443088,0.460174249128267,0.718884292989546,0.7,1,1,0.800845870798698,0.740846404159672,"far from mean"
99,1,0.228984581134884,0.728984581134884,0.79501208835562,0.657887276644304,0.932351560450871,0.7,1,1,0.809327448033035,0.843456072479094,"middle"
99,2,-0.463174350675048,0.0368256493249523,0.79501208835562,0.657887276644304,0.932351560450871,0.7,1,1,0.800807314672158,0.810915052535541,"near mean"
99,3,-0.541213923699531,0.0412139236995313,0.79501208835562,0.657887276644304,0.932351560450871,0.7,1,1,0.798140204176478,0.84027563941392,"near mean"
99,4,-1.11372628205227,0.613726282052272,0.79501208835562,0.657887276644304,0.932351560450871,0.7,1,1,0.875864303700372,0.858488605329937,"middle"
99,5,-1.34871761557894,0.848717615578936,0.79501208835562,0.657887276644304,0.932351560450871,0.7,1,1,0.8315567443228,0.857220664834191,"far from mean"
99,6,-0.594642416325836,0.0946424163258364,0.79501208835562,0.657887276644304,0.932351560450871,0.7,1,1,0.815745436838172,0.810548199896278,"near mean"
99,7,-0.543002559167177,0.043002559167177,0.79501208835562,0.657887276644304,0.932351560450871,0.7,1,1,0.815306257875038,0.796846377553504,"near mean"
99,8,-1.3308005875751,0.830800587575096,0.79501208835562,0.657887276644304,0.932351560450871,0.7,1,1,0.807324448542327,0.882380652873875,"far from mean"
99,9,0.161826511071034,0.661826511071034,0.79501208835562,0.657887276644304,0.932351560450871,0.7,1,1,0.794585037336509,0.748472316862107,"middle"
99,10,0.401215454654564,0.901215454654564,0.79501208835562,0.657887276644304,0.932351560450871,0.7,1,1,0.80369671556129,0.732053743975297,"far from mean"
99,11,0.37767131021433,0.87767131021433,0.79501208835562,0.657887276644304,0.932351560450871,0.7,1,1,0.805402283620293,0.743466053834876,"far from mean"
99,12,-1.23442012200092,0.734420122000915,0.79501208835562,0.657887276644304,0.932351560450871,0.7,1,1,0.87244504852536,0.831695547012126,"middle"
100,1,-1.85464756468913,1.35464756468913,0.701870458195602,0.562934626635287,0.841005821419719,0.7,1,1,1.06604141004615,1.07143927991405,"far from mean"
100,2,-1.40872007854605,0.90872007854605,0.701870458195602,0.562934626635287,0.841005821419719,0.7,1,1,0.883667251465323,0.841634729522569,"far from mean"
100,3,0.377833664075128,0.877833664075128,0.701870458195602,0.562934626635287,0.841005821419719,0.7,1,1,0.842168570887671,0.836454167284738,"far from mean"
100,4,-1.06744285483864,0.567442854838644,0.701870458195602,0.562934626635287,0.841005821419719,0.7,1,1,0.833393065776105,0.793908306961122,"middle"
100,5,-0.785021703582069,0.285021703582069,0.701870458195602,0.562934626635287,0.841005821419719,0.7,1,1,0.86105415040922,0.864811435272948,"near mean"
100,6,1.46241462009284,1.96241462009284,0.701870458195602,0.562934626635287,0.841005821419719,0.7,0,0,0.884833181462299,0.924674614965656,"far from mean"
100,7,-1.40895742116568,0.908957421165678,0.701870458195602,0.562934626635287,0.841005821419719,0.7,0,0,0.853343816298065,0.817232720478512,"far from mean"
100,8,1.04450465801597,1.54450465801597,0.701870458195602,0.562934626635287,0.841005821419719,0.7,1,1,0.889371794026649,0.920901085630669,"far from mean"
100,9,-0.10689041556811,0.39310958443189,0.701870458195602,0.562934626635287,0.841005821419719,0.7,1,0,0.840408809178886,0.858996739462709,"middle"
100,10,0.489083554356132,0.989083554356132,0.701870458195602,0.562934626635287,0.841005821419719,0.7,1,1,0.871914027697463,0.841620502776494,"far from mean"
100,11,-2.13998901968617,1.63998901968617,0.701870458195602,0.562934626635287,0.841005821419719,0.7,1,1,1.01311331860594,0.962837848053328,"far from mean"
100,12,-0.602167438464225,0.102167438464225,0.701870458195602,0.562934626635287,0.841005821419719,0.7,1,1,0.838086391084764,0.817385364536966,"near mean"
101,1,-1.01361551760737,0.513615517607365,0.620551549921373,0.49046579796557,0.750940115397201,0.7,0,0,0.762991287490422,0.763894411432771,"middle"
101,2,0.871259553237669,1.37125955323767,0.620551549921373,0.49046579796557,0.750940115397201,0.7,1,1,0.785018941097756,0.810495000324979,"far from mean"
101,3,0.218231411577967,0.718231411577967,0.620551549921373,0.49046579796557,0.750940115397201,0.7,1,1,0.762993010564941,0.715188100730232,"middle"
101,4,-0.787986659446027,0.287986659446027,0.620551549921373,0.49046579796557,0.750940115397201,0.7,1,1,0.745662002999959,0.779795567456189,"near mean"
101,5,-0.34137852409438,0.15862147590562,0.620551549921373,0.49046579796557,0.750940115397201,0.7,1,1,0.805679123797923,0.801367427996041,"near mean"
101,6,-0.290908187670521,0.209091812329479,0.620551549921373,0.49046579796557,0.750940115397201,0.7,1,1,0.739092868875511,0.700267028278026,"near mean"
101,7,-1.06466375086699,0.564663750866988,0.620551549921373,0.49046579796557,0.750940115397201,0.7,1,1,0.778704137014299,0.797830219645519,"middle"
101,8,-1.0071185305139,0.507118530513898,0.620551549921373,0.49046579796557,0.750940115397201,0.7,1,1,0.771397034202559,0.759054107343749,"middle"
101,9,-0.749679593179606,0.249679593179606,0.620551549921373,0.49046579796557,0.750940115397201,0.7,1,1,0.740007937866618,0.754018695296187,"near mean"
101,10,-0.725791936904303,0.225791936904303,0.620551549921373,0.49046579796557,0.750940115397201,0.7,1,1,0.783199295573238,0.723898144973209,"near mean"
101,11,-0.121484720627472,0.378515279372528,0.620551549921373,0.49046579796557,0.750940115397201,0.7,1,1,0.732232185308739,0.718660147822589,"middle"
101,12,-0.986863543905078,0.486863543905078,0.620551549921373,0.49046579796557,0.750940115397201,0.7,1,1,0.867693340665869,0.916002116309847,"middle"
102,1,1.09935651121517,1.59935651121517,0.614196687068939,0.483283006994442,0.745389273052784,0.7,1,1,0.855255832875844,0.890349408723758,"far from mean"
102,2,-0.921964319635661,0.421964319635661,0.614196687068939,0.483283006994442,0.745389273052784,0.7,1,1,0.79532227103515,0.801981333606229,"middle"
102,3,-0.450640377489971,0.0493596225100292,0.614196687068939,0.483283006994442,0.745389273052784,0.7,1,1,0.791703147706929,0.829812690407268,"near mean"
102,4,-1.05176892822664,0.551768928226636,0.614196687068939,0.483283006994442,0.745389273052784,0.7,1,1,0.843591537758246,0.846436476170846,"middle"
102,5,0.134264074616318,0.634264074616318,0.614196687068939,0.483283006994442,0.745389273052784,0.7,1,1,0.846520707278749,0.85942941486198,"middle"
102,6,0.175077133330109,0.675077133330109,0.614196687068939,0.483283006994442,0.745389273052784,0.7,1,1,0.776886701675924,0.721954161263958,"middle"
102,7,-0.830838145211384,0.330838145211384,0.614196687068939,0.483283006994442,0.745389273052784,0.7,1,1,0.860930175765371,0.837837514265715,"middle"
102,8,-1.2659195025006,0.765919502500595,0.614196687068939,0.483283006994442,0.745389273052784,0.7,0,0,0.831985929236881,0.856168125602597,"far from mean"
102,9,-0.443994933272104,0.0560050667278962,0.614196687068939,0.483283006994442,0.745389273052784,0.7,1,1,0.786660858511384,0.756899100540573,"near mean"
102,10,-1.80624712979317,1.30624712979317,0.614196687068939,0.483283006994442,0.745389273052784,0.7,1,1,0.905145610530665,0.909624597232962,"far from mean"
102,11,0.0620366293258674,0.562036629325867,0.614196687068939,0.483283006994442,0.745389273052784,0.7,1,1,0.801547949875556,0.811039406835517,"middle"
102,12,-0.699361012357947,0.199361012357947,0.614196687068939,0.483283006994442,0.745389273052784,0.7,1,1,0.787584060157769,0.783750522131819,"near mean"
103,1,0.425377994240764,0.925377994240764,0.708607682396464,0.575621336100871,0.84182620801995,0.7,1,1,0.800974882324365,0.828192584877027,"far from mean"
103,2,-1.94660298143338,1.44660298143338,0.708607682396464,0.575621336100871,0.84182620801995,0.7,1,1,1.0387668534358,1.04605649007225,"far from mean"
103,3,-0.117804215878556,0.382195784121444,0.708607682396464,0.575621336100871,0.84182620801995,0.7,1,1,0.809825237986543,0.798203046989634,"middle"
103,4,1.58084317117767,2.08084317117767,0.708607682396464,0.575621336100871,0.84182620801995,0.7,0,0,0.870343820614974,0.899750720553545,"far from mean"
103,5,-0.375275306373247,0.124724693626753,0.708607682396464,0.575621336100871,0.84182620801995,0.7,1,1,0.79593921902347,0.810307763793767,"near mean"
103,6,-1.36976975434018,0.869769754340177,0.708607682396464,0.575621336100871,0.84182620801995,0.7,1,1,0.825828553485419,0.807945458279932,"far from mean"
103,7,-1.67114647543011,1.17114647543011,0.708607682396464,0.575621336100871,0.84182620801995,0.7,1,1,0.909606150454662,0.891432423546144,"far from mean"
103,8,0.233868398128511,0.733868398128511,0.708607682396464,0.575621336100871,0.84182620801995,0.7,1,1,0.800663754225813,0.758498422728891,"middle"
103,9,-0.772199779479189,0.272199779479189,0.708607682396464,0.575621336100871,0.84182620801995,0.7,1,1,0.826869893963955,0.834402173639981,"near mean"
103,10,-0.936524029139408,0.436524029139408,0.708607682396464,0.575621336100871,0.84182620801995,0.7,1,1,0.811367531271387,0.784416447452594,"middle"
103,11,-1.18034468697518,0.680344686975175,0.708607682396464,0.575621336100871,0.84182620801995,0.7,1,1,0.859517046978378,0.839695604824562,"middle"
103,12,0.129577665502298,0.629577665502298,0.708607682396464,0.575621336100871,0.84182620801995,0.7,1,1,0.808941725593918,0.783081976119768,"middle"
104,1,-0.793331279512578,0.293331279512578,0.721099048475423,0.582715983157882,0.85991520646744,0.7,1,1,0.862987073975291,0.915214886098586,"near mean"
104,2,-1.37037698864437,0.870376988644371,0.721099048475423,0.582715983157882,0.85991520646744,0.7,1,1,0.894208587245199,0.948182652355855,"far from mean"
104,3,-0.945118936547859,0.445118936547859,0.721099048475423,0.582715983157882,0.85991520646744,0.7,1,1,0.865843903029446,0.856279519706592,"middle"
104,4,-1.28217755507988,0.782177555079875,0.721099048475423,0.582715983157882,0.85991520646744,0.7,1,1,0.854810465397045,0.896415718772618,"far from mean"
104,5,-1.69843620455329,1.19843620455329,0.721099048475423,0.582715983157882,0.85991520646744,0.7,1,1,0.913622142337336,0.908958615010908,"far from mean"
104,6,0.96155061462164,1.46155061462164,0.721099048475423,0.582715983157882,0.85991520646744,0.7,1,1,0.812030428614366,0.770222002280309,"far from mean"
104,7,-0.288406615699042,0.211593384300958,0.721099048475423,0.582715983157882,0.85991520646744,0.7,1,1,0.779245832900163,0.806587728174286,"near mean"
104,8,-0.142436424387751,0.357563575612249,0.721099048475423,0.582715983157882,0.85991520646744,0.7,1,1,0.786257063730285,0.802089403596167,"middle"
104,9,-0.462850253701347,0.0371497462986528,0.721099048475423,0.582715983157882,0.85991520646744,0.7,1,1,0.833517300880431,0.876155321481114,"near mean"
104,10,0.390082464752642,0.890082464752642,0.721099048475423,0.582715983157882,0.85991520646744,0.7,0,0,0.778548527056098,0.751609037438356,"far from mean"
104,11,-0.541831825943884,0.041831825943884,0.721099048475423,0.582715983157882,0.85991520646744,0.7,1,1,0.770817064678033,0.741774089561282,"near mean"
104,12,0.173333004695713,0.673333004695713,0.721099048475423,0.582715983157882,0.85991520646744,0.7,1,1,0.827208575462272,0.782320531569242,"middle"
105,1,0.506061858880924,1.00606185888092,0.701059499184966,0.572545257765117,0.829815669165806,0.7,0,0,0.74204025129976,0.766029483875556,"far from mean"
105,2,0.0521841100586236,0.552184110058624,0.701059499184966,0.572545257765117,0.829815669165806,0.7,0,0,0.740522776101003,0.718039789602721,"middle"
105,3,-0.713171140142569,0.213171140142569,0.701059499184966,0.572545257765117,0.829815669165806,0.7,1,1,0.778002455437849,0.751487565452231,"near mean"
105,4,-0.861717968025578,0.361717968025578,0.701059499184966,0.572545257765117,0.829815669165806,0.7,1,1,0.740191455899523,0.755015532184652,"middle"
105,5,-0.814846754094039,0.314846754094039,0.701059499184966,0.572545257765117,0.829815669165806,0.7,1,1,0.731421632473475,0.728104324113278,"near mean"
105,6,-0.943859421031238,0.443859421031238,0.701059499184966,0.572545257765117,0.829815669165806,0.7,1,1,0.743124616336955,0.732770278526273,"middle"
105,7,-0.405493989624558,0.0945060103754418,0.701059499184966,0.572545257765117,0.829815669165806,0.7,1,1,0.746603634507965,0.701554467002477,"near mean"
105,8,-0.5936473539414,0.0936473539413999,0.701059499184966,0.572545257765117,0.829815669165806,0.7,1,1,0.748626982618122,0.723577444767764,"near mean"
105,9,-1.25681914779819,0.756819147798188,0.701059499184966,0.572545257765117,0.829815669165806,0.7,1,1,0.818822717583521,0.849134085094516,"far from mean"
105,10,-0.297324608328225,0.202675391671775,0.701059499184966,0.572545257765117,0.829815669165806,0.7,0,0,0.734935485607032,0.726521825915754,"near mean"
105,11,-0.834170272800171,0.334170272800171,0.701059499184966,0.572545257765117,0.829815669165806,0.7,1,1,0.795916007477617,0.747263522831114,"middle"
105,12,0.162804686846418,0.662804686846418,0.701059499184966,0.572545257765117,0.829815669165806,0.7,1,1,0.740814291150601,0.731047555434709,"middle"
106,1,-1.07692697590231,0.576926975902315,0.784792658091749,0.645844958610073,0.924131380412401,0.7,1,1,0.853104455825949,0.823434035284607,"middle"
106,2,-2.2395801113079,1.7395801113079,0.784792658091749,0.645844958610073,0.924131380412401,0.7,1,1,1.09736981630435,1.0671995924326,"far from mean"
106,3,1.25837940043095,1.75837940043095,0.784792658091749,0.645844958610073,0.924131380412401,0.7,0,0,0.858764704012487,0.852740061129621,"far from mean"
106,4,-0.281753444233476,0.218246555766524,0.784792658091749,0.645844958610073,0.924131380412401,0.7,1,1,0.803913747296073,0.758489398902353,"near mean"
106,5,0.0624272268471751,0.562427226847175,0.784792658091749,0.645844958610073,0.924131380412401,0.7,1,1,0.829439723740256,0.783715744866068,"middle"
106,6,-0.390222904498644,0.109777095501356,0.784792658091749,0.645844958610073,0.924131380412401,0.7,1,1,0.809065723998661,0.801018392033072,"near mean"
106,7,-1.73974738652983,1.23974738652983,0.784792658091749,0.645844958610073,0.924131380412401,0.7,1,1,0.903605616017978,0.896612208285697,"far from mean"
106,8,1.45878353348089,1.95878353348089,0.784792658091749,0.645844958610073,0.924131380412401,0.7,1,1,0.867859629097187,0.878915646639368,"far from mean"
106,9,-0.903582045549972,0.403582045549972,0.784792658091749,0.645844958610073,0.924131380412401,0.7,1,1,0.82646330914773,0.818629535882602,"middle"
106,10,-0.418795204743268,0.0812047952567323,0.784792658091749,0.645844958610073,0.924131380412401,0.7,1,1,0.823242957043171,0.877340658950517,"near mean"
106,11,-0.583975544330655,0.0839755443306547,0.784792658091749,0.645844958610073,0.924131380412401,0.7,1,1,0.819082272765189,0.798861607170815,"near mean"
106,12,-1.14500654366296,0.645006543662955,0.784792658091749,0.645844958610073,0.924131380412401,0.7,1,1,0.878346860006531,0.91056098635942,"middle"
107,1,-1.34338321111976,0.843383211119762,0.690485193149397,0.553939135620184,0.827443096467298,0.7,1,1,0.848579362464471,0.850548359147749,"far from mean"
107,2,0.470838793531077,0.970838793531077,0.690485193149397,0.553939135620184,0.827443096467298,0.7,1,1,0.80348634647096,0.808197671196298,"far from mean"
107,3,-0.312748192517524,0.187251807482476,0.690485193149397,0.553939135620184,0.827443096467298,0.7,1,1,0.750260252317381,0.752112323411421,"near mean"
107,4,-1.13816963988099,0.638169639880994,0.690485193149397,0.553939135620184,0.827443096467298,0.7,0,0,0.800182199414039,0.780034276209248,"middle"
107,5,-1.63878850124272,1.13878850124272,0.690485193149397,0.553939135620184,0.827443096467298,0.7,1,1,0.944370264385091,0.963802986447393,"far from mean"
107,6,0.146469970938389,0.646469970938389,0.690485193149397,0.553939135620184,0.827443096467298,0.7,1,1,0.784891649375693,0.757712848604023,"middle"
107,7,-0.80286829019128,0.30286829019128,0.690485193149397,0.553939135620184,0.827443096467298,0.7,1,1,0.822719187421149,0.785985484312295,"near mean"
107,8,-0.212090884729448,0.287909115270552,0.690485193149397,0.553939135620184,0.827443096467298,0.7,0,0,0.820252938507582,0.846148820246353,"near mean"
107,9,-0.0446691196571776,0.455330880342822,0.690485193149397,0.553939135620184,0.827443096467298,0.7,1,1,0.766098713420095,0.738534042987442,"middle"
107,10,0.177754904778357,0.677754904778357,0.690485193149397,0.553939135620184,0.827443096467298,0.7,1,1,0.774732978069843,0.742190456500558,"middle"
107,11,-0.19431603286349,0.30568396713651,0.690485193149397,0.553939135620184,0.827443096467298,0.7,1,1,0.784582379637628,0.824858860773903,"near mean"
107,12,-1.10802979704543,0.608029797045425,0.690485193149397,0.553939135620184,0.827443096467298,0.7,1,1,0.896919296647523,0.897273173003879,"middle"
108,1,0.401255252988878,0.901255252988878,0.599568279623447,0.467468711684318,0.731954591367564,0.7,0,0,0.814481592204541,0.777594388339264,"far from mean"
108,2,-0.135603072915973,0.364396927084027,0.599568279623447,0.467468711684318,0.731954591367564,0.7,1,1,0.762983438729838,0.745278032957815,"middle"
108,3,-1.10619605706713,0.606196057067126,0.599568279623447,0.467468711684318,0.731954591367564,0.7,1,1,0.785461014161339,0.747405036553709,"middle"
108,4,-0.672529164277862,0.172529164277862,0.599568279623447,0.467468711684318,0.731954591367564,0.7,1,1,0.814214851701494,0.828159417823554,"near mean"
108,5,-1.46863402631039,0.968634026310385,0.599568279623447,0.467468711684318,0.731954591367564,0.7,1,1,0.830586105268672,0.825679960957855,"far from mean"
108,6,-1.91059776228264,1.41059776228264,0.599568279623447,0.467468711684318,0.731954591367564,0.7,1,0,0.902312557610328,0.891091145680097,"far from mean"
108,7,-0.509342777653184,0.00934277765318353,0.599568279623447,0.467468711684318,0.731954591367564,0.7,1,1,0.773917699412603,0.763687023930043,"near mean"
108,8,0.317633505313118,0.817633505313118,0.599568279623447,0.467468711684318,0.731954591367564,0.7,1,1,0.764476181893805,0.833619916086635,"far from mean"
108,9,-0.640196099060687,0.140196099060687,0.599568279623447,0.467468711684318,0.731954591367564,0.7,1,1,0.765216967885985,0.819712140316187,"near mean"
108,10,-0.099158636765064,0.400841363234936,0.599568279623447,0.467468711684318,0.731954591367564,0.7,1,1,0.782331570579262,0.734380541338292,"middle"
108,11,-1.25057724449915,0.750577244499153,0.599568279623447,0.467468711684318,0.731954591367564,0.7,1,1,0.839995455572784,0.834714119353708,"middle"
108,12,1.07394608253008,1.57394608253008,0.599568279623447,0.467468711684318,0.731954591367564,0.7,0,0,0.791185420739578,0.789441926785153,"far from mean"
109,1,-1.07141909084688,0.571419090846879,0.636780909739569,0.503422541535694,0.770514225177096,0.7,1,1,0.890871211039248,0.912458111891727,"middle"
109,2,-0.567113424136148,0.0671134241361479,0.636780909739569,0.503422541535694,0.770514225177096,0.7,1,1,0.801644973338676,0.771987076998682,"near mean"
109,3,-0.63845493384975,0.13845493384975,0.636780909739569,0.503422541535694,0.770514225177096,0.7,1,1,0.762861530268544,0.758721824823646,"near mean"
109,4,-0.779926114397701,0.279926114397701,0.636780909739569,0.503422541535694,0.770514225177096,0.7,1,1,0.782070501785875,0.801146726376505,"near mean"
109,5,-0.513946665698491,0.0139466656984911,0.636780909739569,0.503422541535694,0.770514225177096,0.7,1,1,0.806149065194275,0.79151806155827,"near mean"
109,6,-1.38628116514639,0.886281165146394,0.636780909739569,0.503422541535694,0.770514225177096,0.7,1,1,0.98561070700279,0.995506990002608,"far from mean"
109,7,0.343577020031847,0.843577020031847,0.636780909739569,0.503422541535694,0.770514225177096,0.7,1,1,0.799021624288605,0.735743080424,"far from mean"
109,8,0.113348431176104,0.613348431176104,0.636780909739569,0.503422541535694,0.770514225177096,0.7,1,1,0.797586574808724,0.781332615254533,"middle"
109,9,-1.5196460161652,1.0196460161652,0.636780909739569,0.503422541535694,0.770514225177096,0.7,1,1,0.862507604824233,0.870234116659077,"far from mean"
109,10,-1.40221369205905,0.902213692059048,0.636780909739569,0.503422541535694,0.770514225177096,0.7,1,1,0.920503497856694,0.955109216762965,"far from mean"
109,11,0.466937762952554,0.966937762952554,0.636780909739569,0.503422541535694,0.770514225177096,0.7,1,1,0.822843706345793,0.8506590706168,"far from mean"
109,12,0.955137888139108,1.45513788813911,0.636780909739569,0.503422541535694,0.770514225177096,0.7,1,1,0.845566567714018,0.856047278462496,"far from mean"
110,1,-0.183611620979403,0.316388379020597,0.672471171082983,0.535063312091086,0.810203578525228,0.7,1,1,0.846067589954133,0.840541575075352,"near mean"
110,2,-1.81765461672586,1.31765461672586,0.672471171082983,0.535063312091086,0.810203578525228,0.7,1,1,0.999678782274228,1.08619017561911,"far from mean"
110,3,-0.235893874980733,0.264106125019267,0.672471171082983,0.535063312091086,0.810203578525228,0.7,1,1,0.800355897700399,0.769303149677761,"near mean"
110,4,-2.43202014629965,1.93202014629965,0.672471171082983,0.535063312091086,0.810203578525228,0.7,1,1,1.09374189240286,1.12824461776649,"far from mean"
110,5,-0.43427390632876,0.0657260936712399,0.672471171082983,0.535063312091086,0.810203578525228,0.7,1,1,0.833244625858608,0.815494909919813,"near mean"
110,6,-0.53543600120511,0.0354360012051104,0.672471171082983,0.535063312091086,0.810203578525228,0.7,1,1,0.815579517704229,0.768572379027496,"near mean"
110,7,1.16952149873521,1.66952149873521,0.672471171082983,0.535063312091086,0.810203578525228,0.7,1,1,0.858805216348328,0.951780184802172,"far from mean"
110,8,-0.324371775191435,0.175628224808565,0.672471171082983,0.535063312091086,0.810203578525228,0.7,1,1,0.76526932459205,0.721734108397184,"near mean"
110,9,-0.00786440761173313,0.492135592388267,0.672471171082983,0.535063312091086,0.810203578525228,0.7,1,1,0.752749467406469,0.711262339771728,"middle"
110,10,-0.141536463816257,0.358463536183743,0.672471171082983,0.535063312091086,0.810203578525228,0.7,1,1,0.794759607137397,0.769762737819983,"middle"
110,11,-1.10025277123346,0.600252771233459,0.672471171082983,0.535063312091086,0.810203578525228,0.7,1,1,0.833309113669568,0.829376610121926,"middle"
110,12,0.0433940856371975,0.543394085637197,0.672471171082983,0.535063312091086,0.810203578525228,0.7,1,0,0.792482360029318,0.727908715235743,"middle"
111,1,-0.464452316967045,0.0355476830329549,0.622829937589845,0.489761221166574,0.756209649419438,0.7,1,1,0.782471370264787,0.726440046107424,"near mean"
111,2,-0.20726092684402,0.29273907315598,0.622829937589845,0.489761221166574,0.756209649419438,0.7,1,1,0.788261097018648,0.804606059764247,"near mean"
111,3,-0.157006766435686,0.342993233564314,0.622829937589845,0.489761221166574,0.756209649419438,0.7,1,1,0.796380359657036,0.797147267358066,"middle"
111,4,0.384978021586314,0.884978021586314,0.622829937589845,0.489761221166574,0.756209649419438,0.7,1,1,0.819597278078491,0.812967939982594,"far from mean"
111,5,-0.185841214126223,0.314158785873777,0.622829937589845,0.489761221166574,0.756209649419438,0.7,1,1,0.786736479685826,0.750118871654343,"near mean"
111,6,0.630388888285176,1.13038888828518,0.622829937589845,0.489761221166574,0.756209649419438,0.7,1,1,0.816357982988545,0.7991125072434,"far from mean"
111,7,-1.34906728801815,0.849067288018148,0.622829937589845,0.489761221166574,0.756209649419438,0.7,1,1,0.840011238128896,0.783814379153642,"far from mean"
111,8,-0.65937443526959,0.15937443526959,0.622829937589845,0.489761221166574,0.756209649419438,0.7,1,1,0.816556999580422,0.750725902540072,"near mean"
111,9,-1.74730543966641,1.24730543966641,0.622829937589845,0.489761221166574,0.756209649419438,0.7,1,1,0.885762755217756,0.886575792000987,"far from mean"
111,10,-0.741271225275552,0.241271225275552,0.622829937589845,0.489761221166574,0.756209649419438,0.7,1,1,0.785841756787879,0.744712568121807,"near mean"
111,11,-1.44975584728621,0.949755847286214,0.622829937589845,0.489761221166574,0.756209649419438,0.7,1,1,0.875338430275026,0.829685803526379,"far from mean"
111,12,-0.0540314499825991,0.445968550017401,0.622829937589845,0.489761221166574,0.756209649419438,0.7,1,1,0.822188123780162,0.821001624470692,"middle"
112,1,-0.798282475633264,0.298282475633264,0.649460834722993,0.509162875008501,0.79012577557159,0.7,1,1,0.78550212737247,0.727269452421714,"near mean"
112,2,-1.89058437129466,1.39058437129466,0.649460834722993,0.509162875008501,0.79012577557159,0.7,1,1,0.943815232114371,0.880882033573732,"far from mean"
112,3,-0.180195093743168,0.319804906256832,0.649460834722993,0.509162875008501,0.79012577557159,0.7,1,1,0.828028936815949,0.837716880300359,"near mean"
112,4,0.110932566043367,0.610932566043367,0.649460834722993,0.509162875008501,0.79012577557159,0.7,1,1,0.83739844102565,0.79924606644719,"middle"
112,5,-2.2787004670646,1.7787004670646,0.649460834722993,0.509162875008501,0.79012577557159,0.7,1,1,1.28548574466719,1.35528231107074,"far from mean"
112,6,-0.379178546681371,0.120821453318629,0.649460834722993,0.509162875008501,0.79012577557159,0.7,1,1,0.816160522140389,0.764866952867845,"near mean"
112,7,-1.14930590342427,0.64930590342427,0.649460834722993,0.509162875008501,0.79012577557159,0.7,1,1,0.820290108657193,0.753725106162809,"middle"
112,8,-0.807652050051296,0.307652050051296,0.649460834722993,0.509162875008501,0.79012577557159,0.7,1,1,0.904199043802277,0.903384110960116,"near mean"
112,9,0.0705349629073203,0.57053496290732,0.649460834722993,0.509162875008501,0.79012577557159,0.7,1,1,0.789199148539502,0.766158318662618,"middle"
112,10,0.950726629603566,1.45072662960357,0.649460834722993,0.509162875008501,0.79012577557159,0.7,1,1,0.848038296664883,0.825240685566051,"far from mean"
112,11,-0.0186576803256632,0.481342319674337,0.649460834722993,0.509162875008501,0.79012577557159,0.7,1,1,0.843572308521994,0.83387130680046,"middle"
112,12,0.370362429664033,0.870362429664033,0.649460834722993,0.509162875008501,0.79012577557159,0.7,1,1,0.851695203987279,0.88248993621416,"far from mean"
113,1,0.194422550022189,0.694422550022189,0.637876567986158,0.504336572509013,0.77177019474732,0.7,1,1,0.764689361216136,0.736549168250138,"middle"
113,2,-0.349108068034682,0.150891931965318,0.637876567986158,0.504336572509013,0.77177019474732,0.7,1,1,0.759511546760292,0.789985098066489,"near mean"
113,3,0.838152767354436,1.33815276735444,0.637876567986158,0.504336572509013,0.77177019474732,0.7,1,1,0.807237129915746,0.704621138512588,"far from mean"
113,4,-1.2676836579454,0.767683657945397,0.637876567986158,0.504336572509013,0.77177019474732,0.7,1,1,0.793657243494701,0.726946443179563,"far from mean"
113,5,-1.33408635732151,0.834086357321512,0.637876567986158,0.504336572509013,0.77177019474732,0.7,1,1,0.843582413907149,0.817793831244742,"far from mean"
113,6,-0.809780475088237,0.309780475088237,0.637876567986158,0.504336572509013,0.77177019474732,0.7,1,1,0.786505170813996,0.761448001395124,"near mean"
113,7,-1.67590168870946,1.17590168870946,0.637876567986158,0.504336572509013,0.77177019474732,0.7,1,1,0.854584567167082,0.816329440323042,"far from mean"
113,8,0.556152420290928,1.05615242029093,0.637876567986158,0.504336572509013,0.77177019474732,0.7,1,1,0.795588782142097,0.790203434884484,"far from mean"
113,9,0.680329116421539,1.18032911642154,0.637876567986158,0.504336572509013,0.77177019474732,0.7,1,1,0.798735747716469,0.81700504402168,"far from mean"
113,10,-0.383152148103586,0.116847851896414,0.637876567986158,0.504336572509013,0.77177019474732,0.7,1,1,0.809999849000523,0.821029433245944,"near mean"
113,11,-1.02629857433088,0.526298574330876,0.637876567986158,0.504336572509013,0.77177019474732,0.7,1,1,0.801242465993682,0.813181853981826,"middle"
113,12,-1.42304588455534,0.923045884555338,0.637876567986158,0.504336572509013,0.77177019474732,0.7,1,1,0.885888581279118,0.908304916335457,"far from mean"
114,1,0.112474047953838,0.612474047953838,0.702764865400679,0.566888500004823,0.838885111632191,0.7,1,1,0.827058648417517,0.851007631524165,"middle"
114,2,-1.041870799747,0.541870799747,0.702764865400679,0.566888500004823,0.838885111632191,0.7,1,1,0.876620437716972,0.842218426413087,"middle"
114,3,-0.385343597018403,0.114656402981597,0.702764865400679,0.566888500004823,0.838885111632191,0.7,1,1,0.777592485183586,0.740718527930271,"near mean"
114,4,-1.40014132889837,0.900141328898372,0.702764865400679,0.566888500004823,0.838885111632191,0.7,1,1,0.899118260859587,0.913422412641155,"far from mean"
114,5,-2.01459307814191,1.51459307814191,0.702764865400679,0.566888500004823,0.838885111632191,0.7,0,0,0.859598924786898,0.848400719481711,"far from mean"
114,6,-0.453059577283028,0.0469404227169721,0.702764865400679,0.566888500004823,0.838885111632191,0.7,1,1,0.752965185174048,0.700800976627767,"near mean"
114,7,0.357924537773551,0.857924537773551,0.702764865400679,0.566888500004823,0.838885111632191,0.7,1,1,0.800103595937119,0.775385456705736,"far from mean"
114,8,-0.773811013144382,0.273811013144382,0.702764865400679,0.566888500004823,0.838885111632191,0.7,1,1,0.751556704493125,0.730989771922442,"near mean"
114,9,-1.54766945576103,1.04766945576103,0.702764865400679,0.566888500004823,0.838885111632191,0.7,1,1,0.916532210849086,0.898068817708782,"far from mean"
114,10,-0.326578478197316,0.173421521802684,0.702764865400679,0.566888500004823,0.838885111632191,0.7,1,1,0.833548301524215,0.796670741309926,"near mean"
114,11,0.461071035556862,0.961071035556862,0.702764865400679,0.566888500004823,0.838885111632191,0.7,1,1,0.801278999846792,0.750656331032021,"far from mean"
114,12,1.01159770690719,1.51159770690719,0.702764865400679,0.566888500004823,0.838885111632191,0.7,0,0,0.805112309414053,0.76589848425017,"far from mean"
115,1,-0.224921350064763,0.275078649935237,0.597557698457409,0.466616456071504,0.728753608033504,0.7,1,1,0.781578939166911,0.773004187192422,"near mean"
115,2,-0.718352727256805,0.218352727256805,0.597557698457409,0.466616456071504,0.728753608033504,0.7,1,1,0.77285011149869,0.763945601397098,"near mean"
115,3,-0.511170395463541,0.011170395463541,0.597557698457409,0.466616456071504,0.728753608033504,0.7,1,1,0.751179035528057,0.756011489642044,"near mean"
115,4,-0.44910563579682,0.05089436420318,0.597557698457409,0.466616456071504,0.728753608033504,0.7,1,1,0.747126813169168,0.672669826870009,"near mean"
115,5,-1.06749084362148,0.567490843621479,0.597557698457409,0.466616456071504,0.728753608033504,0.7,1,1,0.83433435505053,0.837281034301773,"middle"
115,6,-0.429877896253946,0.0701221037460537,0.597557698457409,0.466616456071504,0.728753608033504,0.7,1,1,0.809894430015842,0.763843759057295,"near mean"
115,7,-2.21041966927057,1.71041966927057,0.597557698457409,0.466616456071504,0.728753608033504,0.7,1,1,1.03485975612527,1.03562234373018,"far from mean"
115,8,-0.741903877173581,0.241903877173581,0.597557698457409,0.466616456071504,0.728753608033504,0.7,1,1,0.777998262786561,0.765114337337782,"near mean"
115,9,-0.215316473078296,0.284683526921704,0.597557698457409,0.466616456071504,0.728753608033504,0.7,1,1,0.751347172614572,0.783938450247992,"near mean"
115,10,0.4249422630315,0.9249422630315,0.597557698457409,0.466616456071504,0.728753608033504,0.7,1,1,0.806490032694195,0.808672369160994,"far from mean"
115,11,0.712482185376095,1.2124821853761,0.597557698457409,0.466616456071504,0.728753608033504,0.7,1,1,0.785824452152249,0.833402909113955,"far from mean"
115,12,-0.568865580427791,0.0688655804277915,0.597557698457409,0.466616456071504,0.728753608033504,0.7,1,1,0.778077997013483,0.707639901752343,"near mean"
116,1,-0.115269860215471,0.384730139784529,0.565518527587649,0.434668435368874,0.696707488991409,0.7,1,1,0.756624501252887,0.767537466164821,"middle"
116,2,-1.40877701383937,0.908777013839373,0.565518527587649,0.434668435368874,0.696707488991409,0.7,1,1,0.821935221912033,0.761792935026551,"far from mean"
116,3,-0.720296811794406,0.220296811794406,0.565518527587649,0.434668435368874,0.696707488991409,0.7,1,1,0.800498399906927,0.801917506080862,"near mean"
116,4,-0.629742360415075,0.129742360415075,0.565518527587649,0.434668435368874,0.696707488991409,0.7,1,1,0.790525511891938,0.835378656702731,"near mean"
116,5,0.417491556065784,0.917491556065784,0.565518527587649,0.434668435368874,0.696707488991409,0.7,1,1,0.814213948964238,0.856825590076053,"far from mean"
116,6,-1.60543403881169,1.10543403881169,0.565518527587649,0.434668435368874,0.696707488991409,0.7,1,1,0.911714071735209,0.966652382792495,"far from mean"
116,7,-0.699080904004143,0.199080904004143,0.565518527587649,0.434668435368874,0.696707488991409,0.7,1,1,0.790878285838805,0.710360876266406,"near mean"
116,8,-0.47188966496134,0.0281103350386602,0.565518527587649,0.434668435368874,0.696707488991409,0.7,1,1,0.85468024908561,0.834143513059019,"near mean"
116,9,-0.558578030185479,0.0585780301854794,0.565518527587649,0.434668435368874,0.696707488991409,0.7,1,1,0.789383702144908,0.724759409348135,"near mean"
116,10,0.711556696302566,1.21155669630257,0.565518527587649,0.434668435368874,0.696707488991409,0.7,1,1,0.792196278948303,0.808093058286918,"far from mean"
116,11,-0.0422719504298908,0.457728049570109,0.565518527587649,0.434668435368874,0.696707488991409,0.7,1,1,0.741001731623317,0.71093030097456,"middle"
116,12,-0.877707617711485,0.377707617711485,0.565518527587649,0.434668435368874,0.696707488991409,0.7,1,1,0.774149671138018,0.709110015212333,"middle"
117,1,-0.0355435585058571,0.464456441494143,0.602944137842059,0.456595895226034,0.749610190180714,0.7,1,1,0.813365742188245,0.857935047085738,"middle"
117,2,0.764246658162337,1.26424665816234,0.602944137842059,0.456595895226034,0.749610190180714,0.7,0,0,0.83594042431497,0.784613314400045,"far from mean"
117,3,0.0108188430907197,0.51081884309072,0.602944137842059,0.456595895226034,0.749610190180714,0.7,1,1,0.8258485320133,0.833270829084799,"middle"
117,4,0.0193473499229284,0.519347349922928,0.602944137842059,0.456595895226034,0.749610190180714,0.7,1,1,0.812485738736942,0.794988699064697,"middle"
117,5,-0.382644340182684,0.117355659817316,0.602944137842059,0.456595895226034,0.749610190180714,0.7,1,1,0.814330180199166,0.794674076866798,"near mean"
117,6,-1.44379885702111,0.943798857021111,0.602944137842059,0.456595895226034,0.749610190180714,0.7,1,1,0.890535875989252,0.858847488577094,"far from mean"
117,7,-0.0389083188322903,0.46109168116771,0.602944137842059,0.456595895226034,0.749610190180714,0.7,1,1,0.850610309268114,0.863699606747786,"middle"
117,8,-2.39254206092874,1.89254206092874,0.602944137842059,0.456595895226034,0.749610190180714,0.7,1,1,1.12194436554008,1.1745321461702,"far from mean"
117,9,-0.981802682513077,0.481802682513078,0.602944137842059,0.456595895226034,0.749610190180714,0.7,1,1,0.880179520902802,0.848229906994747,"middle"
117,10,-0.169870108431761,0.330129891568239,0.602944137842059,0.456595895226034,0.749610190180714,0.7,1,1,0.792767955565797,0.751095751977979,"middle"
117,11,-0.876324560545831,0.37632456054583,0.602944137842059,0.456595895226034,0.749610190180714,0.7,1,1,0.900553973129141,0.928179240966421,"middle"
117,12,-0.472978364214634,0.0270216357853664,0.602944137842059,0.456595895226034,0.749610190180714,0.7,1,1,0.872794291639488,0.848068605207128,"near mean"
118,1,-0.423209549451553,0.076790450548447,0.535202590057706,0.404438754189801,0.666233122740225,0.7,1,1,0.835206286478419,0.919606621496122,"near mean"
118,2,-1.12683096416598,0.626830964165982,0.535202590057706,0.404438754189801,0.666233122740225,0.7,1,1,0.860201883899558,0.869726658801483,"middle"
118,3,-1.98706001009999,1.48706001009999,0.535202590057706,0.404438754189801,0.666233122740225,0.7,1,1,1.06693441662855,1.04251050880657,"far from mean"
118,4,-1.42401652795357,0.92401652795357,0.535202590057706,0.404438754189801,0.666233122740225,0.7,1,1,0.850009346443891,0.831767158244509,"far from mean"
118,5,-0.843329491401994,0.343329491401994,0.535202590057706,0.404438754189801,0.666233122740225,0.7,1,1,0.815973535154345,0.775042502554767,"middle"
118,6,1.63084887866924,2.13084887866924,0.535202590057706,0.404438754189801,0.666233122740225,0.7,0,0,0.85419552495012,0.824256192747524,"far from mean"
118,7,-0.913436693888273,0.413436693888273,0.535202590057706,0.404438754189801,0.666233122740225,0.7,1,1,0.817515596884099,0.719914530945217,"middle"
118,8,-0.247788844308055,0.252211155691945,0.535202590057706,0.404438754189801,0.666233122740225,0.7,1,1,0.811211488630601,0.80750075004972,"near mean"
118,9,-1.12137553898657,0.621375538986569,0.535202590057706,0.404438754189801,0.666233122740225,0.7,1,1,0.860554777778853,0.84721433893097,"middle"
118,10,0.738850923738682,1.23885092373868,0.535202590057706,0.404438754189801,0.666233122740225,0.7,1,1,0.83605481236104,0.910819272851838,"far from mean"
118,11,0.353469172559439,0.853469172559439,0.535202590057706,0.404438754189801,0.666233122740225,0.7,1,1,0.797190668854795,0.810606400808712,"far from mean"
118,12,-0.636121354711379,0.136121354711379,0.535202590057706,0.404438754189801,0.666233122740225,0.7,0,0,0.767048116346236,0.722225764408708,"near mean"
119,1,-0.340705782917833,0.159294217082167,0.606049439988035,0.473561478794978,0.738805633196747,0.7,1,1,0.774345652042606,0.774858599016815,"near mean"
119,2,-1.37808732001532,0.878087320015324,0.606049439988035,0.473561478794978,0.738805633196747,0.7,1,1,0.805311912808222,0.7767124082298,"far from mean"
119,3,-0.399301965949467,0.100698034050533,0.606049439988035,0.473561478794978,0.738805633196747,0.7,1,1,0.787666415647003,0.792219133478101,"near mean"
119,4,-1.50773100783539,1.00773100783539,0.606049439988035,0.473561478794978,0.738805633196747,0.7,1,1,0.864105573667569,0.899210732466694,"far from mean"
119,5,0.98881005584105,1.48881005584105,0.606049439988035,0.473561478794978,0.738805633196747,0.7,1,1,0.854741950979669,0.842910988144504,"far from mean"
119,6,0.460233896571948,0.960233896571948,0.606049439988035,0.473561478794978,0.738805633196747,0.7,1,1,0.819700875881264,0.816579536250746,"far from mean"
119,7,-0.840604715167268,0.340604715167268,0.606049439988035,0.473561478794978,0.738805633196747,0.7,1,1,0.813893061502888,0.778299095303756,"middle"
119,8,-2.25806735602054,1.75806735602054,0.606049439988035,0.473561478794978,0.738805633196747,0.7,1,1,0.977939808022968,0.989942735718254,"far from mean"
119,9,0.563189044036508,1.06318904403651,0.606049439988035,0.473561478794978,0.738805633196747,0.7,1,1,0.82990136224871,0.854242704723937,"far from mean"
119,10,-0.164865700095925,0.335134299904075,0.606049439988035,0.473561478794978,0.738805633196747,0.7,1,1,0.786573080154854,0.793676107642748,"middle"
119,11,-0.569156636303227,0.0691566363032272,0.606049439988035,0.473561478794978,0.738805633196747,0.7,1,1,0.860182153584269,0.849199883828063,"near mean"
119,12,-0.553712512144531,0.0537125121445305,0.606049439988035,0.473561478794978,0.738805633196747,0.7,1,1,0.823529951673528,0.797369243479947,"near mean"
120,1,-0.0401128977929129,0.459887102207087,0.775538361821743,0.63618190900415,0.915315326053042,0.7,1,1,0.745260436500213,0.741967847514579,"middle"
120,2,-0.699064393739523,0.199064393739523,0.775538361821743,0.63618190900415,0.915315326053042,0.7,1,1,0.759922973429744,0.744820554933954,"near mean"
120,3,-1.27557430739321,0.775574307393206,0.775538361821743,0.63618190900415,0.915315326053042,0.7,1,1,0.805157204657486,0.827273323536092,"far from mean"
120,4,-0.341944154047124,0.158055845952876,0.775538361821743,0.63618190900415,0.915315326053042,0.7,1,1,0.778279835300736,0.782781158089222,"near mean"
120,5,-0.823881720000164,0.323881720000164,0.775538361821743,0.63618190900415,0.915315326053042,0.7,1,1,0.797377703034841,0.773532402356764,"near mean"
120,6,-0.378575480905248,0.121424519094752,0.775538361821743,0.63618190900415,0.915315326053042,0.7,1,1,0.767016132069068,0.797805520804705,"near mean"
120,7,0.00334989938609631,0.503349899386096,0.775538361821743,0.63618190900415,0.915315326053042,0.7,1,1,0.754040197864409,0.755288333036307,"middle"
120,8,0.357317624004871,0.857317624004871,0.775538361821743,0.63618190900415,0.915315326053042,0.7,1,1,0.773564751619463,0.770552815062157,"far from mean"
120,9,0.365955968181409,0.865955968181409,0.775538361821743,0.63618190900415,0.915315326053042,0.7,1,1,0.767215702810921,0.77699087315841,"far from mean"
120,10,-1.02087853387433,0.520878533874331,0.775538361821743,0.63618190900415,0.915315326053042,0.7,1,1,0.81471793894278,0.816080316680636,"middle"
120,11,-1.30440638415857,0.804406384158572,0.775538361821743,0.63618190900415,0.915315326053042,0.7,1,1,0.81622015445833,0.743370064697759,"far from mean"
120,12,-0.842185619661297,0.342185619661297,0.775538361821743,0.63618190900415,0.915315326053042,0.7,1,1,0.760709346024535,0.75771201373977,"middle"
121,1,-0.575703815253782,0.0757038152537823,0.743840045985023,0.604880402626853,0.88317782340934,0.7,1,1,0.813531817438413,0.790562884762743,"near mean"
121,2,-0.0951958476939863,0.404804152306014,0.743840045985023,0.604880402626853,0.88317782340934,0.7,1,1,0.797893321772179,0.761540093564768,"middle"
121,3,-2.10673405201183,1.60673405201183,0.743840045985023,0.604880402626853,0.88317782340934,0.7,1,1,1.0795205263011,1.08460325380999,"far from mean"
121,4,-0.460640931788597,0.0393590682114029,0.743840045985023,0.604880402626853,0.88317782340934,0.7,1,1,0.792452313808089,0.765112304431771,"near mean"
121,5,-1.58732995404379,1.08732995404379,0.743840045985023,0.604880402626853,0.88317782340934,0.7,1,1,1.03573878190616,1.05566978560666,"far from mean"
121,6,-0.749995674933572,0.249995674933572,0.743840045985023,0.604880402626853,0.88317782340934,0.7,1,1,0.797255312302852,0.758154967514953,"near mean"
121,7,-1.01388961371788,0.513889613717879,0.743840045985023,0.604880402626853,0.88317782340934,0.7,1,1,0.898934297355466,0.895511330840743,"middle"
121,8,1.32525822633808,1.82525822633808,0.743840045985023,0.604880402626853,0.88317782340934,0.7,1,1,0.877457169426827,0.892748458119974,"far from mean"
121,9,0.227417343089522,0.727417343089522,0.743840045985023,0.604880402626853,0.88317782340934,0.7,1,1,0.82708167755172,0.79118053856012,"middle"
121,10,-0.927232401606974,0.427232401606974,0.743840045985023,0.604880402626853,0.88317782340934,0.7,0,0,0.97189627402314,0.96553355971464,"middle"
121,11,0.755151750484441,1.25515175048444,0.743840045985023,0.604880402626853,0.88317782340934,0.7,0,0,0.826751758078207,0.790060124161773,"far from mean"
121,12,-0.79110502886164,0.29110502886164,0.743840045985023,0.604880402626853,0.88317782340934,0.7,1,1,0.869547694650934,0.822389287337572,"near mean"
122,1,-0.512468689072533,0.0124686890725327,0.744023129405108,0.611046918299265,0.877214381744254,0.7,1,1,0.808036895580675,0.801844714176372,"near mean"
122,2,-0.566285058988973,0.0662850589889731,0.744023129405108,0.611046918299265,0.877214381744254,0.7,1,1,0.824724434738709,0.845611942019824,"near mean"
122,3,-1.90283004424619,1.40283004424619,0.744023129405108,0.611046918299265,0.877214381744254,0.7,1,1,1.07787667791366,1.09916567152082,"far from mean"
122,4,-0.736260378327591,0.236260378327591,0.744023129405108,0.611046918299265,0.877214381744254,0.7,1,1,0.826726269002793,0.811596374505985,"near mean"
122,5,-1.80229727549032,1.30229727549032,0.744023129405108,0.611046918299265,0.877214381744254,0.7,1,1,0.900086512470264,0.902350265171646,"far from mean"
122,6,-0.909157535621598,0.409157535621597,0.744023129405108,0.611046918299265,0.877214381744254,0.7,1,1,0.839750263240647,0.815814118615238,"middle"
122,7,0.965965328752822,1.46596532875282,0.744023129405108,0.611046918299265,0.877214381744254,0.7,1,1,0.823433004533488,0.817518133641831,"far from mean"
122,8,-1.00889023520351,0.508890235203508,0.744023129405108,0.611046918299265,0.877214381744254,0.7,1,1,0.874702326487172,0.869137552355287,"middle"
122,9,-0.100808018205451,0.399191981794549,0.744023129405108,0.611046918299265,0.877214381744254,0.7,0,0,0.801894054532294,0.713176703744988,"middle"
122,10,-0.264847845980935,0.235152154019065,0.744023129405108,0.611046918299265,0.877214381744254,0.7,1,1,0.821386899937223,0.853404861490259,"near mean"
122,11,-0.430943200999406,0.0690567990005938,0.744023129405108,0.611046918299265,0.877214381744254,0.7,1,1,0.79174724023528,0.813822965739541,"near mean"
122,12,1.26882295338368,1.76882295338368,0.744023129405108,0.611046918299265,0.877214381744254,0.7,1,1,0.861276528659102,0.823507738070168,"far from mean"
123,1,0.624698522141866,1.12469852214187,0.682170276848908,0.55320588004158,0.811438218727524,0.7,1,1,0.745184314327432,0.688702236071354,"far from mean"
123,2,-1.00907023562252,0.509070235622523,0.682170276848908,0.55320588004158,0.811438218727524,0.7,1,1,0.79859692170211,0.781977458255527,"middle"
123,3,-0.543699916537236,0.0436999165372364,0.682170276848908,0.55320588004158,0.811438218727524,0.7,1,1,0.728376604994214,0.713313532441,"near mean"
123,4,-0.257517745539609,0.242482254460391,0.682170276848908,0.55320588004158,0.811438218727524,0.7,1,1,0.739578954375194,0.701826054949478,"near mean"
123,5,-0.534954789772206,0.0349547897722059,0.682170276848908,0.55320588004158,0.811438218727524,0.7,1,1,0.727596651738913,0.699728206879545,"near mean"
123,6,0.29871116614134,0.79871116614134,0.682170276848908,0.55320588004158,0.811438218727524,0.7,1,1,0.741605551350516,0.72239258239754,"far from mean"
123,7,-1.38591609319714,0.885916093197137,0.682170276848908,0.55320588004158,0.811438218727524,0.7,0,0,0.744338648214898,0.718194884661919,"far from mean"
123,8,-0.295863734550495,0.204136265449505,0.682170276848908,0.55320588004158,0.811438218727524,0.7,1,1,0.762565159650163,0.739174835230802,"near mean"
123,9,-0.817571578357546,0.317571578357546,0.682170276848908,0.55320588004158,0.811438218727524,0.7,0,0,0.745652177893946,0.748459016623452,"near mean"
123,10,-0.340797946984062,0.159202053015938,0.682170276848908,0.55320588004158,0.811438218727524,0.7,1,1,0.748333815105969,0.692995206608758,"near mean"
123,11,-0.386241781684056,0.113758218315944,0.682170276848908,0.55320588004158,0.811438218727524,0.7,1,1,0.758018536303403,0.699020065161153,"near mean"
123,12,-1.35177586603834,0.851775866038337,0.682170276848908,0.55320588004158,0.811438218727524,0.7,1,1,0.799706483829166,0.777815682798767,"far from mean"
124,1,-1.67353036311049,1.17353036311049,0.728164465954134,0.590738519456573,0.865903407142455,0.7,1,1,0.838776238066706,0.853349143974584,"far from mean"
124,2,1.06019456395349,1.56019456395349,0.728164465954134,0.590738519456573,0.865903407142455,0.7,0,0,0.81056430618727,0.836675600188424,"far from mean"
124,3,-0.804138708096412,0.304138708096412,0.728164465954134,0.590738519456573,0.865903407142455,0.7,1,1,0.788019611139386,0.723323499863828,"near mean"
124,4,-0.339274748628662,0.160725251371338,0.728164465954134,0.590738519456573,0.865903407142455,0.7,1,1,0.750551483586255,0.708385015460729,"near mean"
124,5,-0.672634661431107,0.172634661431107,0.728164465954134,0.590738519456573,0.865903407142455,0.7,1,1,0.791072763820075,0.740739310661907,"near mean"
124,6,-1.62366881793948,1.12366881793948,0.728164465954134,0.590738519456573,0.865903407142455,0.7,1,1,0.852029965129806,0.764956488183591,"far from mean"
124,7,0.186435509359903,0.686435509359903,0.728164465954134,0.590738519456573,0.865903407142455,0.7,1,1,0.766828861673427,0.757613073769829,"middle"
124,8,-0.490606653352042,0.00939334664795793,0.728164465954134,0.590738519456573,0.865903407142455,0.7,1,1,0.811415595736476,0.783747030246621,"near mean"
124,9,-0.507068087774796,0.00706808777479617,0.728164465954134,0.590738519456573,0.865903407142455,0.7,1,1,0.774417787192641,0.726316781025605,"near mean"
124,10,-0.366584781762263,0.133415218237737,0.728164465954134,0.590738519456573,0.865903407142455,0.7,1,1,0.788840605770573,0.831748487050548,"near mean"
124,11,-1.00345416542682,0.503454165426822,0.728164465954134,0.590738519456573,0.865903407142455,0.7,0,0,0.779873928755215,0.797802450080544,"middle"
124,12,0.23433091420868,0.73433091420868,0.728164465954134,0.590738519456573,0.865903407142455,0.7,1,1,0.800468277488565,0.845960905677663,"middle"
125,1,0.0972446036786587,0.597244603678659,0.633567540697073,0.498555597418093,0.768979548040093,0.7,1,1,0.781941976519318,0.797301256047261,"middle"
125,2,-0.864149966499209,0.364149966499209,0.633567540697073,0.498555597418093,0.768979548040093,0.7,1,0,0.885522898351821,0.888132591284374,"middle"
125,3,-0.589887912388153,0.0898879123881529,0.633567540697073,0.498555597418093,0.768979548040093,0.7,1,1,0.809225640396988,0.743276952574485,"near mean"
125,4,-0.201327364256382,0.298672635743618,0.633567540697073,0.498555597418093,0.768979548040093,0.7,1,1,0.815350496261608,0.781972413374498,"near mean"
125,5,0.636619407928966,1.13661940792897,0.633567540697073,0.498555597418093,0.768979548040093,0.7,1,1,0.832930356250776,0.844041506901548,"far from mean"
125,6,0.00126850304815029,0.50126850304815,0.633567540697073,0.498555597418093,0.768979548040093,0.7,1,1,0.794532259182533,0.768078884959746,"middle"
125,7,-0.363508645056799,0.136491354943201,0.633567540697073,0.498555597418093,0.768979548040093,0.7,1,1,0.832471121364341,0.754222898648844,"near mean"
125,8,0.150499238081923,0.650499238081923,0.633567540697073,0.498555597418093,0.768979548040093,0.7,1,1,0.802660274644467,0.796599690332078,"middle"
125,9,-1.07683583274606,0.576835832746058,0.633567540697073,0.498555597418093,0.768979548040093,0.7,1,1,0.920745038527943,0.877356294924203,"middle"
125,10,-0.302584141030577,0.197415858969423,0.633567540697073,0.498555597418093,0.768979548040093,0.7,1,1,0.816148078145996,0.791798150876745,"near mean"
125,11,-1.82744127437632,1.32744127437632,0.633567540697073,0.498555597418093,0.768979548040093,0.7,1,1,0.94597092015533,0.924393950575655,"far from mean"
125,12,-1.6598966163842,1.1598966163842,0.633567540697073,0.498555597418093,0.768979548040093,0.7,1,1,0.860801171938081,0.792415185388238,"far from mean"
126,1,0.644139019875316,1.14413901987532,0.600809734409866,0.469126915759867,0.732780440666826,0.7,1,1,0.824789171498901,0.831007255537979,"far from mean"
126,2,-0.185885264565232,0.314114735434768,0.600809734409866,0.469126915759867,0.732780440666826,0.7,1,1,0.797755478801581,0.820539245158091,"near mean"
126,3,0.685797315053106,1.18579731505311,0.600809734409866,0.469126915759867,0.732780440666826,0.7,1,1,0.841047639711496,0.881461560025671,"far from mean"
126,4,-1.2920311946266,0.792031194626597,0.600809734409866,0.469126915759867,0.732780440666826,0.7,1,1,0.816924605261452,0.814966000769873,"far from mean"
126,5,-1.77829439144047,1.27829439144047,0.600809734409866,0.469126915759867,0.732780440666826,0.7,1,1,0.8926639644049,0.814317832800498,"far from mean"
126,6,-1.32452458395094,0.824524583950942,0.600809734409866,0.469126915759867,0.732780440666826,0.7,1,1,0.916238383170048,0.900587640317143,"far from mean"
126,7,-0.923492643359039,0.423492643359039,0.600809734409866,0.469126915759867,0.732780440666826,0.7,1,1,0.801833118844308,0.77579464944434,"middle"
126,8,0.283001625988428,0.783001625988428,0.600809734409866,0.469126915759867,0.732780440666826,0.7,1,1,0.801831630030026,0.813846499049971,"far from mean"
126,9,-0.204156100170166,0.295843899829834,0.600809734409866,0.469126915759867,0.732780440666826,0.7,1,1,0.812402353967563,0.765282607190634,"near mean"
126,10,-0.040281849018082,0.459718150981918,0.600809734409866,0.469126915759867,0.732780440666826,0.7,1,1,0.78255301574475,0.757237690077901,"middle"
126,11,-0.590311352386151,0.0903113523861512,0.600809734409866,0.469126915759867,0.732780440666826,0.7,1,1,0.761365206132119,0.747857339935473,"near mean"
126,12,-1.27396058140017,0.773960581400175,0.600809734409866,0.469126915759867,0.732780440666826,0.7,1,1,0.83302982059407,0.848742014231791,"far from mean"
127,1,0.293800283547918,0.793800283547918,0.608204879152478,0.473210856253657,0.743429054863957,0.7,0,0,0.798091300010874,0.783824690147226,"far from mean"
127,2,-1.6287389562732,1.1287389562732,0.608204879152478,0.473210856253657,0.743429054863957,0.7,1,1,0.963624426929851,1.00797229302843,"far from mean"
127,3,-1.82107733282415,1.32107733282415,0.608204879152478,0.473210856253657,0.743429054863957,0.7,1,1,0.883884081699168,0.898243244756415,"far from mean"
127,4,-1.45306270384395,0.953062703843954,0.608204879152478,0.473210856253657,0.743429054863957,0.7,1,1,0.955424103716944,0.930897320146908,"far from mean"
127,5,-1.21460170470187,0.714601704701873,0.608204879152478,0.473210856253657,0.743429054863957,0.7,1,1,0.876077288022768,0.873954316133425,"middle"
127,6,-0.341177238199772,0.158822761800228,0.608204879152478,0.473210856253657,0.743429054863957,0.7,1,1,0.858616167095396,0.799913825850889,"near mean"
127,7,-1.49975472273287,0.999754722732869,0.608204879152478,0.473210856253657,0.743429054863957,0.7,1,1,0.847271769740656,0.8284063646459,"far from mean"
127,8,0.0138840804320657,0.513884080432066,0.608204879152478,0.473210856253657,0.743429054863957,0.7,1,1,0.791148240670241,0.746322613212088,"middle"
127,9,0.74931532947301,1.24931532947301,0.608204879152478,0.473210856253657,0.743429054863957,0.7,1,1,0.818424699899618,0.73016121279753,"far from mean"
127,10,-0.277421835141547,0.222578164858453,0.608204879152478,0.473210856253657,0.743429054863957,0.7,1,1,0.777077118809201,0.80366785753901,"near mean"
127,11,-0.116442335852168,0.383557664147832,0.608204879152478,0.473210856253657,0.743429054863957,0.7,1,1,0.837773010600357,0.829278075847267,"middle"
127,12,1.29527713611654,1.79527713611654,0.608204879152478,0.473210856253657,0.743429054863957,0.7,1,1,0.843231768278745,0.830557507986695,"far from mean"
128,1,-0.584319290241712,0.0843192902417121,0.678502052080504,0.544155792497627,0.813306640248372,0.7,1,1,0.797036592243893,0.799258505863762,"near mean"
128,2,0.80053273523433,1.30053273523433,0.678502052080504,0.544155792497627,0.813306640248372,0.7,1,1,0.823856243037497,0.835303260116476,"far from mean"
128,3,-0.779190030322699,0.279190030322699,0.678502052080504,0.544155792497627,0.813306640248372,0.7,1,1,0.772138826272561,0.764770922059008,"near mean"
128,4,0.433708713542008,0.933708713542008,0.678502052080504,0.544155792497627,0.813306640248372,0.7,1,1,0.811918806760551,0.796067670910233,"far from mean"
128,5,-0.300166833442931,0.199833166557069,0.678502052080504,0.544155792497627,0.813306640248372,0.7,1,1,0.809993838349121,0.861949322347743,"near mean"
128,6,-1.50817286042025,1.00817286042025,0.678502052080504,0.544155792497627,0.813306640248372,0.7,1,1,0.911190593425929,0.969347923620397,"far from mean"
128,7,-0.547057856847181,0.0470578568471809,0.678502052080504,0.544155792497627,0.813306640248372,0.7,1,1,0.813575312192336,0.796228731017674,"near mean"
128,8,-2.27635693096651,1.77635693096651,0.678502052080504,0.544155792497627,0.813306640248372,0.7,1,1,1.00334854161831,1.02672731650273,"far from mean"
128,9,-0.859248134311815,0.359248134311815,0.678502052080504,0.544155792497627,0.813306640248372,0.7,1,1,0.838157908311593,0.83115802597753,"middle"
128,10,-0.803466679499972,0.303466679499972,0.678502052080504,0.544155792497627,0.813306640248372,0.7,1,1,0.774707935981479,0.724911629296201,"near mean"
128,11,0.52322375671021,1.02322375671021,0.678502052080504,0.544155792497627,0.813306640248372,0.7,1,1,0.817468055347709,0.765868930045154,"far from mean"
128,12,-0.0994865894334787,0.400513410566521,0.678502052080504,0.544155792497627,0.813306640248372,0.7,1,1,0.791559604794158,0.78684538518012,"middle"
129,1,0.319069650256939,0.819069650256939,0.628748348741717,0.48065675717261,0.777269598629316,0.7,1,1,0.830302370123827,0.836092119234731,"far from mean"
129,2,-1.58139155392363,1.08139155392363,0.628748348741717,0.48065675717261,0.777269598629316,0.7,1,1,0.976344621866247,0.994616093478311,"far from mean"
129,3,-0.991442309196814,0.491442309196814,0.628748348741717,0.48065675717261,0.777269598629316,0.7,1,1,0.917255207561763,0.866898235818203,"middle"
129,4,-0.139699287755109,0.360300712244891,0.628748348741717,0.48065675717261,0.777269598629316,0.7,1,1,0.886535697405794,0.885952464173257,"middle"
129,5,-0.554588967064049,0.0545889670640494,0.628748348741717,0.48065675717261,0.777269598629316,0.7,1,1,0.905196317666289,0.891537917085542,"near mean"
129,6,0.602143625526711,1.10214362552671,0.628748348741717,0.48065675717261,0.777269598629316,0.7,1,1,0.882397980247818,0.938294313731207,"far from mean"
129,7,-1.4897843812751,0.989784381275102,0.628748348741717,0.48065675717261,0.777269598629316,0.7,1,1,0.944991118638174,0.931224644195519,"far from mean"
129,8,-1.50196165425598,1.00196165425598,0.628748348741717,0.48065675717261,0.777269598629316,0.7,1,1,0.953123303651119,0.983121352722841,"far from mean"
129,9,0.297628778031043,0.797628778031043,0.628748348741717,0.48065675717261,0.777269598629316,0.7,1,1,0.853629302645691,0.84418851969877,"far from mean"
129,10,0.0204601052751611,0.520460105275161,0.628748348741717,0.48065675717261,0.777269598629316,0.7,1,1,0.839583670247407,0.862503237359245,"middle"
129,11,-1.60226692170998,1.10226692170998,0.628748348741717,0.48065675717261,0.777269598629316,0.7,1,1,0.943882357529923,0.955706990538895,"far from mean"
129,12,0.621832916090806,1.12183291609081,0.628748348741717,0.48065675717261,0.777269598629316,0.7,0,0,0.886377436286086,0.897098882393896,"far from mean"
130,1,0.814597572000419,1.31459757200042,0.535272394195553,0.402488406421793,0.668401884050502,0.7,1,1,0.811145245019561,0.782237156910806,"far from mean"
130,2,-1.4002386098876,0.900238609887597,0.535272394195553,0.402488406421793,0.668401884050502,0.7,1,1,0.880005170573244,0.91094984871421,"far from mean"
130,3,0.151179818686128,0.651179818686128,0.535272394195553,0.402488406421793,0.668401884050502,0.7,1,1,0.770403629080364,0.702088730037345,"middle"
130,4,-0.207454250044835,0.292545749955165,0.535272394195553,0.402488406421793,0.668401884050502,0.7,1,1,0.766332672657376,0.748081333540895,"near mean"
130,5,-0.738783182850284,0.238783182850284,0.535272394195553,0.402488406421793,0.668401884050502,0.7,0,0,0.730832755273009,0.698005014263975,"near mean"
130,6,-0.705356256203892,0.205356256203892,0.535272394195553,0.402488406421793,0.668401884050502,0.7,1,1,0.799393213934251,0.769525902840822,"near mean"
130,7,1.01201342101144,1.51201342101144,0.535272394195553,0.402488406421793,0.668401884050502,0.7,0,0,0.784815646864725,0.743315014438601,"far from mean"
130,8,-1.28003701637689,0.780037016376888,0.535272394195553,0.402488406421793,0.668401884050502,0.7,1,1,0.850817315718935,0.827911229062773,"far from mean"
130,9,-0.453562288430511,0.0464377115694885,0.535272394195553,0.402488406421793,0.668401884050502,0.7,1,1,0.749741372213913,0.707338270215148,"near mean"
130,10,-0.593482313436674,0.093482313436674,0.535272394195553,0.402488406421793,0.668401884050502,0.7,1,1,0.774103979832882,0.775716770587249,"near mean"
130,11,-1.51739407018724,1.01739407018724,0.535272394195553,0.402488406421793,0.668401884050502,0.7,1,1,0.836276928745167,0.829291645580946,"far from mean"
130,12,-1.08148282428006,0.581482824280059,0.535272394195553,0.402488406421793,0.668401884050502,0.7,1,1,0.850517142221308,0.773067615752591,"middle"
131,1,-0.347085026494473,0.152914973505527,0.593219945921728,0.465485463463874,0.721151868975226,0.7,1,1,0.771986380155035,0.735396281570783,"near mean"
131,2,-0.875863208377038,0.375863208377038,0.593219945921728,0.465485463463874,0.721151868975226,0.7,1,1,0.801576974304644,0.840694705161364,"middle"
131,3,1.52249732803916,2.02249732803916,0.593219945921728,0.465485463463874,0.721151868975226,0.7,0,0,0.825915581899483,0.864609862168381,"far from mean"
131,4,1.23518671201296,1.73518671201296,0.593219945921728,0.465485463463874,0.721151868975226,0.7,1,1,0.817096314743356,0.80243074710262,"far from mean"
131,5,-0.403591042961434,0.0964089570385659,0.593219945921728,0.465485463463874,0.721151868975226,0.7,0,0,0.784499780828701,0.757258642830139,"near mean"
131,6,-1.65551360000609,1.15551360000609,0.593219945921728,0.465485463463874,0.721151868975226,0.7,1,1,0.902894276542806,0.925942919527434,"far from mean"
131,7,-1.14285786179998,0.642857861799979,0.593219945921728,0.465485463463874,0.721151868975226,0.7,1,1,0.837711813129363,0.809080381711565,"middle"
131,8,-1.69210562463146,1.19210562463146,0.593219945921728,0.465485463463874,0.721151868975226,0.7,1,1,0.847364279067619,0.79121355726266,"far from mean"
131,9,-0.0604775315673269,0.439522468432673,0.593219945921728,0.465485463463874,0.721151868975226,0.7,1,1,0.768567848747273,0.742022036138322,"middle"
131,10,-1.01907692517078,0.519076925170776,0.593219945921728,0.465485463463874,0.721151868975226,0.7,1,1,0.801645894407681,0.843193865673271,"middle"
131,11,-1.12772667422597,0.627726674225973,0.593219945921728,0.465485463463874,0.721151868975226,0.7,1,1,0.851579700966095,0.873747309482402,"middle"
131,12,-0.433386544817562,0.0666134551824378,0.593219945921728,0.465485463463874,0.721151868975226,0.7,1,1,0.750005543256411,0.742103234372582,"near mean"
132,1,-1.06476125620633,0.564761256206331,0.555251900215504,0.4250396612554,0.685709889885628,0.7,1,1,0.833437508494634,0.818021399950852,"middle"
132,2,0.288617493274987,0.788617493274987,0.555251900215504,0.4250396612554,0.685709889885628,0.7,1,1,0.793943863679503,0.818051168621942,"far from mean"
132,3,-0.19101284583364,0.30898715416636,0.555251900215504,0.4250396612554,0.685709889885628,0.7,1,1,0.784780748317197,0.730988960795983,"near mean"
132,4,-0.670946992460093,0.170946992460093,0.555251900215504,0.4250396612554,0.685709889885628,0.7,0,0,0.811743383528877,0.804053982711067,"near mean"
132,5,-1.88138342079284,1.38138342079284,0.555251900215504,0.4250396612554,0.685709889885628,0.7,1,1,0.953398306577272,0.938359142652309,"far from mean"
132,6,-0.657775176090883,0.157775176090883,0.555251900215504,0.4250396612554,0.685709889885628,0.7,1,1,0.790308971882107,0.762558658524198,"near mean"
132,7,-0.302844179045289,0.197155820954711,0.555251900215504,0.4250396612554,0.685709889885628,0.7,1,1,0.779246864042552,0.765935957520061,"near mean"
132,8,-1.84620539155821,1.34620539155821,0.555251900215504,0.4250396612554,0.685709889885628,0.7,1,0,0.852050461281099,0.808095239072993,"far from mean"
132,9,-1.27184823921059,0.771848239210594,0.555251900215504,0.4250396612554,0.685709889885628,0.7,1,1,0.888728007150423,0.85742123865638,"far from mean"
132,10,1.46216837002935,1.96216837002935,0.555251900215504,0.4250396612554,0.685709889885628,0.7,0,0,0.838450529516103,0.896409213309215,"far from mean"
132,11,-0.291948766538287,0.208051233461713,0.555251900215504,0.4250396612554,0.685709889885628,0.7,1,1,0.779829770085366,0.771944722843364,"near mean"
132,12,0.427940404431829,0.927940404431829,0.555251900215504,0.4250396612554,0.685709889885628,0.7,1,1,0.808437259723592,0.827725745406519,"far from mean"
133,1,0.907496107772125,1.40749610777213,0.639996461002942,0.504797007555618,0.775462873007837,0.7,1,1,0.818908504445177,0.802261618049255,"far from mean"
133,2,-0.418003032722817,0.0819969672771831,0.639996461002942,0.504797007555618,0.775462873007837,0.7,1,1,0.821745923902269,0.836989175483886,"near mean"
133,3,-0.712696455192738,0.212696455192738,0.639996461002942,0.504797007555618,0.775462873007837,0.7,1,1,0.817934490645893,0.76281950553787,"near mean"
133,4,0.195887725222721,0.695887725222721,0.639996461002942,0.504797007555618,0.775462873007837,0.7,1,1,0.81359040973742,0.801232205212069,"middle"
133,5,-0.0409780771380478,0.459021922861952,0.639996461002942,0.504797007555618,0.775462873007837,0.7,1,1,0.806861454400778,0.783794473477574,"middle"
133,6,-1.59001451559159,1.09001451559159,0.639996461002942,0.504797007555618,0.775462873007837,0.7,1,1,0.917519630686846,0.989925373111826,"far from mean"
133,7,0.584917315314538,1.08491731531454,0.639996461002942,0.504797007555618,0.775462873007837,0.7,1,1,0.837848418344303,0.825815702699929,"far from mean"
133,8,-0.425120977834247,0.0748790221657533,0.639996461002942,0.504797007555618,0.775462873007837,0.7,1,1,0.811938566620082,0.751778052319353,"near mean"
133,9,-1.34965639385374,0.849656393853741,0.639996461002942,0.504797007555618,0.775462873007837,0.7,1,1,0.8686219787444,0.845266567722813,"far from mean"
133,10,-1.04674079991442,0.54674079991442,0.639996461002942,0.504797007555618,0.775462873007837,0.7,1,1,0.880122830459704,0.907537741045062,"middle"
133,11,-1.35848950711964,0.85848950711964,0.639996461002942,0.504797007555618,0.775462873007837,0.7,1,1,0.859739797712554,0.854711607903168,"far from mean"
133,12,-0.746601388942145,0.246601388942145,0.639996461002942,0.504797007555618,0.775462873007837,0.7,1,1,0.801824321914441,0.757768341320499,"near mean"
134,1,-0.29888362631744,0.20111637368256,0.677068593901039,0.5431178264053,0.811320687133932,0.7,1,1,0.79646846793265,0.762243902820431,"near mean"
134,2,0.507058176727316,1.00705817672732,0.677068593901039,0.5431178264053,0.811320687133932,0.7,0,0,0.784534127891998,0.742651158348544,"far from mean"
134,3,0.301596929362669,0.801596929362669,0.677068593901039,0.5431178264053,0.811320687133932,0.7,1,1,0.813353072425273,0.809553470153308,"far from mean"
134,4,-0.459908240011341,0.0400917599886595,0.677068593901039,0.5431178264053,0.811320687133932,0.7,1,1,0.784398934540081,0.777641781180558,"near mean"
134,5,0.151121022784267,0.651121022784267,0.677068593901039,0.5431178264053,0.811320687133932,0.7,1,1,0.798303717522746,0.776332451550568,"middle"
134,6,-0.582362448389114,0.0823624483891142,0.677068593901039,0.5431178264053,0.811320687133932,0.7,1,1,0.801493540618767,0.758479032543758,"near mean"
134,7,-1.44015881024141,0.940158810241409,0.677068593901039,0.5431178264053,0.811320687133932,0.7,1,1,0.872274409367497,0.855603937556278,"far from mean"
134,8,-2.02560463925003,1.52560463925003,0.677068593901039,0.5431178264053,0.811320687133932,0.7,1,1,0.920868691301,1.00147428411288,"far from mean"
134,9,-0.123110568611937,0.376889431388063,0.677068593901039,0.5431178264053,0.811320687133932,0.7,1,1,0.785562634723354,0.743845697053197,"middle"
134,10,-0.0666992329224146,0.433300767077585,0.677068593901039,0.5431178264053,0.811320687133932,0.7,1,1,0.78857056886435,0.807728780094284,"middle"
134,11,-0.918561588960956,0.418561588960956,0.677068593901039,0.5431178264053,0.811320687133932,0.7,1,1,0.789633617640413,0.766841966482359,"middle"
134,12,-1.04448697416961,0.544486974169608,0.677068593901039,0.5431178264053,0.811320687133932,0.7,1,1,0.834774266994851,0.852593217291267,"middle"
135,1,-1.39149462703884,0.891494627038837,0.783113705152006,0.642442096900507,0.924082876325645,0.7,1,1,0.916631953087943,0.911119400385131,"far from mean"
135,2,-0.368476650300872,0.131523349699128,0.783113705152006,0.642442096900507,0.924082876325645,0.7,1,1,0.835414332793113,0.833359776636353,"near mean"
135,3,-0.424072107895452,0.0759278921045481,0.783113705152006,0.642442096900507,0.924082876325645,0.7,1,1,0.817299327989784,0.760219838878187,"near mean"
135,4,-0.552942306067594,0.0529423060675936,0.783113705152006,0.642442096900507,0.924082876325645,0.7,1,1,0.81471236865874,0.798542924479814,"near mean"
135,5,-0.0513187802535402,0.44868121974646,0.783113705152006,0.642442096900507,0.924082876325645,0.7,1,1,0.814433084640027,0.782010058167808,"middle"
135,6,-1.77021357435842,1.27021357435842,0.783113705152006,0.642442096900507,0.924082876325645,0.7,1,1,1.00004169040855,1.05445264680467,"far from mean"
135,7,-1.23239365248711,0.732393652487114,0.783113705152006,0.642442096900507,0.924082876325645,0.7,1,1,0.930842884600658,0.850799761928344,"middle"
135,8,1.44689243386441,1.94689243386441,0.783113705152006,0.642442096900507,0.924082876325645,0.7,0,0,0.838080445636243,0.764427313329131,"far from mean"
135,9,0.263321387819661,0.763321387819661,0.783113705152006,0.642442096900507,0.924082876325645,0.7,1,1,0.804455148064752,0.819160512075353,"far from mean"
135,10,-1.55757891232681,1.05757891232681,0.783113705152006,0.642442096900507,0.924082876325645,0.7,1,1,1.01479795929935,1.0144564223953,"far from mean"
135,11,-0.302745863505623,0.197254136494377,0.783113705152006,0.642442096900507,0.924082876325645,0.7,1,1,0.811492772529594,0.742221342935649,"near mean"
135,12,-0.0589773474498165,0.441022652550183,0.783113705152006,0.642442096900507,0.924082876325645,0.7,1,1,0.817126722929417,0.818425168484662,"middle"
136,1,-0.706103779050354,0.206103779050354,0.685182885973689,0.548827715812255,0.82196033273426,0.7,1,1,0.84913589242844,0.860947559588927,"near mean"
136,2,-0.241714333330667,0.258285666669333,0.685182885973689,0.548827715812255,0.82196033273426,0.7,1,1,0.780861789642104,0.71424302081856,"near mean"
136,3,-0.463799862864582,0.0362001371354178,0.685182885973689,0.548827715812255,0.82196033273426,0.7,1,1,0.825426416879459,0.793834045011577,"near mean"
136,4,-0.690490773368823,0.190490773368823,0.685182885973689,0.548827715812255,0.82196033273426,0.7,1,1,0.841828177469066,0.779427517197733,"near mean"
136,5,-1.94686156750261,1.44686156750261,0.685182885973689,0.548827715812255,0.82196033273426,0.7,1,1,1.09043915340908,1.07353322578672,"far from mean"
136,6,0.50214504782115,1.00214504782115,0.685182885973689,0.548827715812255,0.82196033273426,0.7,1,1,0.823519942336579,0.783402640072353,"far from mean"
136,7,-0.385142378865708,0.114857621134292,0.685182885973689,0.548827715812255,0.82196033273426,0.7,1,1,0.775114375770522,0.758725354330006,"near mean"
136,8,-1.09157893281693,0.59157893281693,0.685182885973689,0.548827715812255,0.82196033273426,0.7,1,1,0.907303041172183,0.866575720678784,"middle"
136,9,2.01758121257199,2.51758121257199,0.685182885973689,0.548827715812255,0.82196033273426,0.7,0,0,0.867429257545698,0.894463089473298,"far from mean"
136,10,-0.929655572772573,0.429655572772573,0.685182885973689,0.548827715812255,0.82196033273426,0.7,1,1,0.906784314697515,0.872991205060624,"middle"
136,11,-0.672402252901243,0.172402252901243,0.685182885973689,0.548827715812255,0.82196033273426,0.7,1,1,0.799815781203121,0.768053961956502,"near mean"
136,12,-1.39197680691965,0.891976806919648,0.685182885973689,0.548827715812255,0.82196033273426,0.7,1,1,0.827902438850288,0.790131679254057,"far from mean"
137,1,-0.936487138507909,0.436487138507908,0.578889527385219,0.448063776646461,0.71003178075535,0.7,1,1,0.791837315727324,0.772572162534661,"middle"
137,2,-0.655288194962556,0.155288194962556,0.578889527385219,0.448063776646461,0.71003178075535,0.7,1,1,0.766228353442089,0.755575941287871,"near mean"
137,3,-1.47916505678349,0.979165056783489,0.578889527385219,0.448063776646461,0.71003178075535,0.7,1,1,0.835859862560875,0.854135610468164,"far from mean"
137,4,-1.09170140944884,0.591701409448841,0.578889527385219,0.448063776646461,0.71003178075535,0.7,1,1,0.829728009823935,0.80554632137369,"middle"
137,5,-1.86081589623557,1.36081589623557,0.578889527385219,0.448063776646461,0.71003178075535,0.7,1,1,0.956471173454073,0.938183179033472,"far from mean"
137,6,-0.136688627642438,0.363311372357562,0.578889527385219,0.448063776646461,0.71003178075535,0.7,1,1,0.799818013238795,0.740857548894236,"middle"
137,7,-0.00971247001076186,0.490287529989238,0.578889527385219,0.448063776646461,0.71003178075535,0.7,1,1,0.791763900066831,0.803065339168679,"middle"
137,8,-0.109820904823873,0.390179095176127,0.578889527385219,0.448063776646461,0.71003178075535,0.7,1,1,0.790362483394972,0.735531297298151,"middle"
137,9,-0.0902529513471397,0.40974704865286,0.578889527385219,0.448063776646461,0.71003178075535,0.7,1,1,0.794821266748481,0.761703178339111,"middle"
137,10,-0.0893621952937362,0.410637804706264,0.578889527385219,0.448063776646461,0.71003178075535,0.7,1,1,0.812527060597293,0.840431768078973,"middle"
137,11,0.126414900713469,0.626414900713469,0.578889527385219,0.448063776646461,0.71003178075535,0.7,1,1,0.781942274513432,0.745876451675227,"middle"
137,12,0.332879944342841,0.832879944342841,0.578889527385219,0.448063776646461,0.71003178075535,0.7,1,1,0.800632800596073,0.790299113359042,"far from mean"
138,1,-1.38063288459331,0.880632884593314,0.55766438325337,0.431307123007731,0.6842819739164,0.7,1,1,0.815851602477942,0.861452797298556,"far from mean"
138,2,0.324428651668115,0.824428651668115,0.55766438325337,0.431307123007731,0.6842819739164,0.7,1,1,0.765034047251658,0.69862794281048,"far from mean"
138,3,-0.962197795151475,0.462197795151475,0.55766438325337,0.431307123007731,0.6842819739164,0.7,1,1,0.779305223464941,0.685263352777718,"middle"
138,4,-0.585932499308609,0.0859324993086086,0.55766438325337,0.431307123007731,0.6842819739164,0.7,1,1,0.772324532008408,0.728708294076963,"near mean"
138,5,-0.781445980089334,0.281445980089334,0.55766438325337,0.431307123007731,0.6842819739164,0.7,1,1,0.798217481370889,0.762815819941519,"near mean"
138,6,-1.07250625306243,0.572506253062425,0.55766438325337,0.431307123007731,0.6842819739164,0.7,1,1,0.761867162301147,0.782379573115228,"middle"
138,7,-0.80357312512423,0.30357312512423,0.55766438325337,0.431307123007731,0.6842819739164,0.7,1,1,0.778378657877694,0.747696186684579,"near mean"
138,8,0.0846609525151777,0.584660952515178,0.55766438325337,0.431307123007731,0.6842819739164,0.7,1,1,0.766822241085904,0.757946144327495,"middle"
138,9,-0.739792419303585,0.239792419303585,0.55766438325337,0.431307123007731,0.6842819739164,0.7,1,1,0.764481051936327,0.759684682516019,"near mean"
138,10,-1.03054722955596,0.530547229555959,0.55766438325337,0.431307123007731,0.6842819739164,0.7,1,0,0.772011796713162,0.734999850176579,"middle"
138,11,0.815730324945603,1.3157303249456,0.55766438325337,0.431307123007731,0.6842819739164,0.7,0,0,0.782589301690833,0.794162425091022,"far from mean"
138,12,0.131808257060035,0.631808257060035,0.55766438325337,0.431307123007731,0.6842819739164,0.7,1,1,0.759823925727569,0.757341434689662,"middle"
139,1,-0.566098591860098,0.0660985918600985,0.533953883736995,0.400426602264934,0.667923107728967,0.7,1,1,0.757787279870521,0.69549138945038,"near mean"
139,2,-1.3215727660055,0.821572766005501,0.533953883736995,0.400426602264934,0.667923107728967,0.7,1,1,0.824124879857763,0.797898745453372,"far from mean"
139,3,-1.4028480441852,0.902848044185203,0.533953883736995,0.400426602264934,0.667923107728967,0.7,1,1,0.813101884921636,0.826921389535949,"far from mean"
139,4,-0.632050960879619,0.132050960879619,0.533953883736995,0.400426602264934,0.667923107728967,0.7,1,1,0.79265027167452,0.780522061862631,"near mean"
139,5,0.708252889714961,1.20825288971496,0.533953883736995,0.400426602264934,0.667923107728967,0.7,1,1,0.805852105551217,0.819418145747678,"far from mean"
139,6,0.666802616490995,1.166802616491,0.533953883736995,0.400426602264934,0.667923107728967,0.7,1,1,0.770296003135575,0.779051664846143,"far from mean"
139,7,-1.76127825979194,1.26127825979194,0.533953883736995,0.400426602264934,0.667923107728967,0.7,1,1,1.01233036868261,1.06637330217711,"far from mean"
139,8,-0.717814498734983,0.217814498734983,0.533953883736995,0.400426602264934,0.667923107728967,0.7,1,1,0.76467855556245,0.730124251519181,"near mean"
139,9,-0.161153027073435,0.338846972926565,0.533953883736995,0.400426602264934,0.667923107728967,0.7,1,1,0.748771508058735,0.721224567768023,"middle"
139,10,-0.435741820420254,0.0642581795797461,0.533953883736995,0.400426602264934,0.667923107728967,0.7,1,1,0.77584893721723,0.850283430977621,"near mean"
139,11,-0.426869486475212,0.0731305135247884,0.533953883736995,0.400426602264934,0.667923107728967,0.7,1,1,0.771113538065109,0.734551541479722,"near mean"
139,12,0.050371949220289,0.550371949220289,0.533953883736995,0.400426602264934,0.667923107728967,0.7,0,0,0.802097028723807,0.78267777463005,"middle"
140,1,-0.411433161789571,0.0885668382104289,0.696914538589285,0.563958797863289,0.830251139222781,0.7,1,1,0.783414681861403,0.80085881531253,"near mean"
140,2,0.210931492898467,0.710931492898467,0.696914538589285,0.563958797863289,0.830251139222781,0.7,0,0,0.783193938106676,0.763505971426662,"middle"
140,3,-1.69377284000427,1.19377284000427,0.696914538589285,0.563958797863289,0.830251139222781,0.7,1,1,0.839915306297276,0.816561804362234,"far from mean"
140,4,0.826799171135482,1.32679917113548,0.696914538589285,0.563958797863289,0.830251139222781,0.7,0,0,0.794171742077867,0.761414511931015,"far from mean"
140,5,0.465158092297016,0.965158092297016,0.696914538589285,0.563958797863289,0.830251139222781,0.7,1,1,0.781905225346094,0.753371020894912,"far from mean"
140,6,-0.875025323248324,0.375025323248324,0.696914538589285,0.563958797863289,0.830251139222781,0.7,1,1,0.781808878899034,0.74882679397478,"middle"
140,7,-1.68020407403612,1.18020407403612,0.696914538589285,0.563958797863289,0.830251139222781,0.7,1,1,0.965344323048483,0.965880667758999,"far from mean"
140,8,-0.45837694165323,0.0416230583467699,0.696914538589285,0.563958797863289,0.830251139222781,0.7,1,1,0.779954414212474,0.778493735530327,"near mean"
140,9,-0.462712820749064,0.0372871792509362,0.696914538589285,0.563958797863289,0.830251139222781,0.7,1,1,0.780895424921533,0.771043134643454,"near mean"
140,10,-0.361412205613416,0.138587794386584,0.696914538589285,0.563958797863289,0.830251139222781,0.7,1,1,0.778357281466697,0.729506182693933,"near mean"
140,11,0.151743887159832,0.651743887159832,0.696914538589285,0.563958797863289,0.830251139222781,0.7,1,1,0.774345596618863,0.724134657096259,"middle"
140,12,-1.71169527639681,1.21169527639681,0.696914538589285,0.563958797863289,0.830251139222781,0.7,1,1,0.979494953797015,1.00131305537833,"far from mean"
141,1,1.06533326046455,1.56533326046455,0.753005896331005,0.61838898194234,0.887871060793732,0.7,1,1,0.864571895526318,0.889450844638892,"far from mean"
141,2,-1.70529412570551,1.20529412570551,0.753005896331005,0.61838898194234,0.887871060793732,0.7,1,1,1.00723237447017,1.02233161432365,"far from mean"
141,3,-1.16087208076035,0.660872080760355,0.753005896331005,0.61838898194234,0.887871060793732,0.7,1,1,0.811832108147871,0.829679426847919,"middle"
141,4,-0.373687064165918,0.126312935834082,0.753005896331005,0.61838898194234,0.887871060793732,0.7,1,1,0.787282521443882,0.806037142255906,"near mean"
141,5,0.252703395106557,0.752703395106557,0.753005896331005,0.61838898194234,0.887871060793732,0.7,1,1,0.817158863703202,0.790673098659421,"far from mean"
141,6,-1.22861481745794,0.728614817457941,0.753005896331005,0.61838898194234,0.887871060793732,0.7,1,1,0.819311037644798,0.764062630505251,"middle"
141,7,0.0528402934518846,0.552840293451885,0.753005896331005,0.61838898194234,0.887871060793732,0.7,1,1,0.801688233519364,0.753535236393934,"middle"
141,8,0.333916114285389,0.833916114285389,0.753005896331005,0.61838898194234,0.887871060793732,0.7,1,1,0.825740447976442,0.836428177855222,"far from mean"
141,9,0.475573005901404,0.975573005901404,0.753005896331005,0.61838898194234,0.887871060793732,0.7,0,1,0.82901486564592,0.822398761959444,"far from mean"
141,10,-1.03110197617468,0.531101976174676,0.753005896331005,0.61838898194234,0.887871060793732,0.7,1,1,0.805072649207818,0.807792950633432,"middle"
141,11,-1.37120164211954,0.871201642119539,0.753005896331005,0.61838898194234,0.887871060793732,0.7,1,1,0.845677221236345,0.908957892888354,"far from mean"
141,12,-1.30959436282584,0.809594362825844,0.753005896331005,0.61838898194234,0.887871060793732,0.7,0,0,0.864330745973542,0.942384478622435,"far from mean"
142,1,-1.53664978019271,1.03664978019271,0.541822174490117,0.417793960810786,0.66599102035394,0.7,1,1,0.887352302432386,0.898053739277535,"far from mean"
142,2,-0.258356068782056,0.241643931217944,0.541822174490117,0.417793960810786,0.66599102035394,0.7,1,1,0.745582461764264,0.750799556036493,"near mean"
142,3,-0.747604273416016,0.247604273416016,0.541822174490117,0.417793960810786,0.66599102035394,0.7,1,1,0.756409203305833,0.722489252767266,"near mean"
142,4,-1.00352628079433,0.503526280794326,0.541822174490117,0.417793960810786,0.66599102035394,0.7,1,1,0.819862608982035,0.748904370281929,"middle"
142,5,0.738247454839996,1.23824745484,0.541822174490117,0.417793960810786,0.66599102035394,0.7,1,1,0.779388985287673,0.784298977541617,"far from mean"
142,6,-0.911802576126329,0.411802576126329,0.541822174490117,0.417793960810786,0.66599102035394,0.7,0,0,0.843258734339321,0.846025712139062,"middle"
142,7,1.01537845472292,1.51537845472292,0.541822174490117,0.417793960810786,0.66599102035394,0.7,0,0,0.793111147626177,0.818064868418846,"far from mean"
142,8,-0.887520130195574,0.387520130195574,0.541822174490117,0.417793960810786,0.66599102035394,0.7,1,1,0.7613857222878,0.721019692273099,"middle"
142,9,0.190304290368828,0.690304290368828,0.541822174490117,0.417793960810786,0.66599102035394,0.7,1,1,0.759729507729511,0.735763149366351,"middle"
142,10,-1.15810548016259,0.658105480162591,0.541822174490117,0.417793960810786,0.66599102035394,0.7,1,1,0.808932137940551,0.761366543955001,"middle"
142,11,-1.30451255616368,0.804512556163681,0.541822174490117,0.417793960810786,0.66599102035394,0.7,1,1,0.824928882769866,0.823598926582083,"far from mean"
142,12,-0.135853054098463,0.364146945901537,0.541822174490117,0.417793960810786,0.66599102035394,0.7,1,1,0.755332395204465,0.761082710368748,"middle"
143,1,-0.290056877827486,0.209943122172514,0.699264181855162,0.565029846083646,0.833808579351967,0.7,1,1,0.751484751741814,0.716933293467778,"near mean"
143,2,-1.50541489965098,1.00541489965098,0.699264181855162,0.565029846083646,0.833808579351967,0.7,1,1,0.901794292026898,0.902179267054585,"far from mean"
143,3,-0.470058454759429,0.0299415452405707,0.699264181855162,0.565029846083646,0.833808579351967,0.7,1,1,0.780825969256056,0.749996719683552,"near mean"
143,4,-0.697799002882114,0.197799002882114,0.699264181855162,0.565029846083646,0.833808579351967,0.7,1,1,0.801804714176408,0.771020538067567,"near mean"
143,5,-1.13632656541329,0.63632656541329,0.699264181855162,0.565029846083646,0.833808579351967,0.7,1,1,0.895014358394233,0.872728817842921,"middle"
143,6,-0.86330296157857,0.36330296157857,0.699264181855162,0.565029846083646,0.833808579351967,0.7,1,1,0.810623305615688,0.82137050222473,"middle"
143,7,0.579691776317493,1.07969177631749,0.699264181855162,0.565029846083646,0.833808579351967,0.7,1,1,0.814180056516393,0.837736932784721,"far from mean"
143,8,0.375625526441694,0.875625526441694,0.699264181855162,0.565029846083646,0.833808579351967,0.7,1,1,0.797356525717487,0.747129954811478,"far from mean"
143,9,0.171923566990627,0.671923566990627,0.699264181855162,0.565029846083646,0.833808579351967,0.7,0,0,0.804336084497644,0.768578700475592,"middle"
143,10,0.339660913176621,0.839660913176621,0.699264181855162,0.565029846083646,0.833808579351967,0.7,1,1,0.800140751924137,0.832932707299626,"far from mean"
143,11,-2.33631015618561,1.83631015618561,0.699264181855162,0.565029846083646,0.833808579351967,0.7,1,1,0.987647097419759,0.97285045979519,"far from mean"
143,12,-0.16763286462895,0.33236713537105,0.699264181855162,0.565029846083646,0.833808579351967,0.7,1,1,0.816698513529157,0.824525774947149,"middle"
144,1,-0.998273005461487,0.498273005461487,0.652877589565068,0.517420108439685,0.788637796321948,0.7,1,1,0.830137347016799,0.800057093360536,"middle"
144,2,-0.61161987024648,0.11161987024648,0.652877589565068,0.517420108439685,0.788637796321948,0.7,0,0,0.807407891830845,0.736773377933623,"near mean"
144,3,0.0835768468770814,0.583576846877081,0.652877589565068,0.517420108439685,0.788637796321948,0.7,1,1,0.778561256881941,0.715155822458057,"middle"
144,4,-0.164755749605843,0.335244250394157,0.652877589565068,0.517420108439685,0.788637796321948,0.7,1,1,0.825968759641528,0.790068892126578,"middle"
144,5,-0.147118805819918,0.352881194180082,0.652877589565068,0.517420108439685,0.788637796321948,0.7,1,1,0.794050718549141,0.742566794641716,"middle"
144,6,-0.824375810511838,0.324375810511838,0.652877589565068,0.517420108439685,0.788637796321948,0.7,1,1,0.802182556405416,0.791731415783698,"middle"
144,7,-1.14163827008596,0.641638270085956,0.652877589565068,0.517420108439685,0.788637796321948,0.7,0,0,0.98524577239858,1.02844614889496,"middle"
144,8,-1.43879578658347,0.938795786583474,0.652877589565068,0.517420108439685,0.788637796321948,0.7,1,1,0.88660209845271,0.879371773188823,"far from mean"
144,9,-1.44590487034802,0.945904870348016,0.652877589565068,0.517420108439685,0.788637796321948,0.7,1,1,0.926349541652512,0.918705628993937,"far from mean"
144,10,0.271084332168671,0.771084332168671,0.652877589565068,0.517420108439685,0.788637796321948,0.7,1,1,0.821748941172503,0.797953753419305,"far from mean"
144,11,1.73341448375445,2.23341448375445,0.652877589565068,0.517420108439685,0.788637796321948,0.7,1,1,0.862026072897478,0.877932425946705,"far from mean"
144,12,-1.31559349413719,0.815593494137193,0.652877589565068,0.517420108439685,0.788637796321948,0.7,1,1,0.851973794548317,0.829827516031914,"far from mean"
145,1,1.06474510872944,1.56474510872944,0.538176955283388,0.402076705308306,0.67455040788309,0.7,1,1,0.854414575490534,0.82445638269918,"far from mean"
145,2,1.38403925810472,1.88403925810472,0.538176955283388,0.402076705308306,0.67455040788309,0.7,1,0,0.857977771494504,0.860781109131544,"far from mean"
145,3,-2.01701726142008,1.51701726142008,0.538176955283388,0.402076705308306,0.67455040788309,0.7,1,1,0.916217691787466,0.951591981641658,"far from mean"
145,4,0.411492160536553,0.911492160536553,0.538176955283388,0.402076705308306,0.67455040788309,0.7,1,1,0.819719869370938,0.777294661011155,"far from mean"
145,5,-1.38754518314951,0.88754518314951,0.538176955283388,0.402076705308306,0.67455040788309,0.7,1,1,1.04333639032827,1.13444286834181,"far from mean"
145,6,-1.03193179610851,0.531931796108508,0.538176955283388,0.402076705308306,0.67455040788309,0.7,1,1,0.832853865512024,0.78420015647199,"middle"
145,7,-1.18435280430291,0.684352804302911,0.538176955283388,0.402076705308306,0.67455040788309,0.7,1,1,0.860457009447696,0.868907376395955,"middle"
145,8,-0.990658111817068,0.490658111817068,0.538176955283388,0.402076705308306,0.67455040788309,0.7,1,1,0.816596948933344,0.838344026051337,"middle"
145,9,-0.848028963201802,0.348028963201802,0.538176955283388,0.402076705308306,0.67455040788309,0.7,1,1,0.806654213229474,0.818514540009616,"middle"
145,10,-0.0321792610075219,0.467820738992478,0.538176955283388,0.402076705308306,0.67455040788309,0.7,1,1,0.846946472321142,0.830055881867626,"middle"
145,11,-0.47032820660267,0.0296717933973302,0.538176955283388,0.402076705308306,0.67455040788309,0.7,1,1,0.796406065705439,0.796434816085799,"near mean"
145,12,-0.898234939760643,0.398234939760643,0.538176955283388,0.402076705308306,0.67455040788309,0.7,1,1,0.834708299030938,0.876102289958449,"middle"
146,1,1.37262840558832,1.87262840558832,0.550893495160707,0.412273074253476,0.689588882981091,0.7,1,1,0.889019553104568,0.83964049239763,"far from mean"
146,2,-0.0374964859926121,0.462503514007388,0.550893495160707,0.412273074253476,0.689588882981091,0.7,1,1,0.844043737315592,0.862095832575231,"middle"
146,3,0.405022700893164,0.905022700893164,0.550893495160707,0.412273074253476,0.689588882981091,0.7,1,1,0.837621171446574,0.76002394315604,"far from mean"
146,4,-2.64017629373759,2.14017629373759,0.550893495160707,0.412273074253476,0.689588882981091,0.7,1,1,1.33689855432768,1.39447538899639,"far from mean"
146,5,-0.614292721581651,0.114292721581651,0.550893495160707,0.412273074253476,0.689588882981091,0.7,1,1,0.837385938382144,0.826532374555266,"near mean"
146,6,-2.2260340999355,1.7260340999355,0.550893495160707,0.412273074253476,0.689588882981091,0.7,1,1,1.25216772342321,1.28457835160574,"far from mean"
146,7,-1.22699066295681,0.726990662956811,0.550893495160707,0.412273074253476,0.689588882981091,0.7,1,1,0.914787682644778,0.887543680022082,"middle"
146,8,0.872421133769875,1.37242113376988,0.550893495160707,0.412273074253476,0.689588882981091,0.7,1,0,0.851896805369068,0.7891906678717,"far from mean"
146,9,0.115490999117224,0.615490999117224,0.550893495160707,0.412273074253476,0.689588882981091,0.7,1,1,0.822810851932946,0.812319899876939,"middle"
146,10,0.0503189207483963,0.550318920748396,0.550893495160707,0.412273074253476,0.689588882981091,0.7,1,1,0.823477599307903,0.789297231996045,"middle"
146,11,-2.1817324582494,1.6817324582494,0.550893495160707,0.412273074253476,0.689588882981091,0.7,0,0,1.55585850351053,1.57902137967652,"far from mean"
146,12,0.110840562336591,0.610840562336591,0.550893495160707,0.412273074253476,0.689588882981091,0.7,1,1,0.833290040714273,0.777085153587091,"middle"
147,1,0.232506476852604,0.732506476852604,0.633162798250323,0.501880503149663,0.764711828964608,0.7,1,1,0.808365183859169,0.77391234595146,"middle"
147,2,-0.490746746186347,0.00925325381365261,0.633162798250323,0.501880503149663,0.764711828964608,0.7,1,1,0.779799193629479,0.798752327632922,"near mean"
147,3,-0.101578785151788,0.398421214848212,0.633162798250323,0.501880503149663,0.764711828964608,0.7,1,1,0.810178541729765,0.840009008326204,"middle"
147,4,-1.49630772141535,0.996307721415345,0.633162798250323,0.501880503149663,0.764711828964608,0.7,1,1,0.898487169538127,0.891730565829934,"far from mean"
147,5,0.649075003817753,1.14907500381775,0.633162798250323,0.501880503149663,0.764711828964608,0.7,1,1,0.824071291350798,0.849284957038451,"far from mean"
147,6,-0.806333213308196,0.306333213308196,0.633162798250323,0.501880503149663,0.764711828964608,0.7,1,1,0.770266000306689,0.77093120336565,"near mean"
147,7,0.0202683869966238,0.520268386996624,0.633162798250323,0.501880503149663,0.764711828964608,0.7,1,1,0.802797159307552,0.751729969995318,"middle"
147,8,0.383218166083013,0.883218166083013,0.633162798250323,0.501880503149663,0.764711828964608,0.7,1,1,0.792375439000701,0.848038765166015,"far from mean"
147,9,-0.932511687429525,0.432511687429525,0.633162798250323,0.501880503149663,0.764711828964608,0.7,1,1,0.8357128641837,0.876930872854887,"middle"
147,10,-2.16994679522564,1.66994679522563,0.633162798250323,0.501880503149663,0.764711828964608,0.7,1,1,0.951482792116908,0.962778925998279,"far from mean"
147,11,-0.365928937106414,0.134071062893586,0.633162798250323,0.501880503149663,0.764711828964608,0.7,1,1,0.792140958932891,0.808706016638432,"near mean"
147,12,-0.921714147926743,0.421714147926743,0.633162798250323,0.501880503149663,0.764711828964608,0.7,1,1,0.845678112449437,0.839601478403341,"middle"
148,1,-0.877711793589283,0.377711793589283,0.602551376922623,0.474689692582823,0.730709225982094,0.7,1,1,0.847037912564411,0.852011629810634,"middle"
148,2,1.02783098815089,1.52783098815089,0.602551376922623,0.474689692582823,0.730709225982094,0.7,1,1,0.803758872478836,0.848185353269316,"far from mean"
148,3,-1.35288519928188,0.852885199281883,0.602551376922623,0.474689692582823,0.730709225982094,0.7,1,1,0.82779145179179,0.841178060603371,"far from mean"
148,4,-1.2929702681969,0.792970268196904,0.602551376922623,0.474689692582823,0.730709225982094,0.7,1,1,0.818898046443159,0.877126967548494,"far from mean"
148,5,0.441289488948735,0.941289488948735,0.602551376922623,0.474689692582823,0.730709225982094,0.7,1,1,0.781518458335208,0.685980454607054,"far from mean"
148,6,-0.974827080274071,0.474827080274071,0.602551376922623,0.474689692582823,0.730709225982094,0.7,1,1,0.747156775152214,0.716225733344551,"middle"
148,7,-0.0389359904542587,0.461064009545741,0.602551376922623,0.474689692582823,0.730709225982094,0.7,0,0,0.782989667581067,0.799446084877136,"middle"
148,8,-0.26721785171782,0.23278214828218,0.602551376922623,0.474689692582823,0.730709225982094,0.7,1,1,0.771363078627816,0.744404054617676,"near mean"
148,9,-0.199091578676892,0.300908421323108,0.602551376922623,0.474689692582823,0.730709225982094,0.7,1,1,0.744419227096829,0.679788512983121,"near mean"
148,10,-1.66122916809616,1.16122916809616,0.602551376922623,0.474689692582823,0.730709225982094,0.7,1,1,0.89883002222434,0.902525055692246,"far from mean"
148,11,-0.292220495180474,0.207779504819526,0.602551376922623,0.474689692582823,0.730709225982094,0.7,1,1,0.801732831005426,0.808126241269821,"near mean"
148,12,-0.512031051631879,0.0120310516318795,0.602551376922623,0.474689692582823,0.730709225982094,0.7,1,1,0.757180462842195,0.75206475548042,"near mean"
149,1,-0.293276659761112,0.206723340238888,0.54183619038629,0.408123097492199,0.67570484476887,0.7,1,1,0.784981988192746,0.75378978554686,"near mean"
149,2,0.435443290065128,0.935443290065128,0.54183619038629,0.408123097492199,0.67570484476887,0.7,0,0,0.818249760715217,0.791988277642946,"far from mean"
149,3,-0.809013073239862,0.309013073239862,0.54183619038629,0.408123097492199,0.67570484476887,0.7,1,1,0.843598622904906,0.82150263041404,"near mean"
149,4,1.29250018389103,1.79250018389103,0.54183619038629,0.408123097492199,0.67570484476887,0.7,1,1,0.851343913692457,0.789273318280477,"far from mean"
149,5,-0.303870881740084,0.196129118259915,0.54183619038629,0.408123097492199,0.67570484476887,0.7,1,1,0.802532663501503,0.77503029833986,"near mean"
149,6,-0.352683103209852,0.147316896790148,0.54183619038629,0.408123097492199,0.67570484476887,0.7,1,1,0.768907998436601,0.749920183365029,"near mean"
149,7,-0.481852714739888,0.0181472852601119,0.54183619038629,0.408123097492199,0.67570484476887,0.7,1,1,0.773572670908763,0.763756848927935,"near mean"
149,8,-2.42096735127118,1.92096735127118,0.54183619038629,0.408123097492199,0.67570484476887,0.7,1,1,1.09204796507305,1.10783271810004,"far from mean"
149,9,0.00442489124462986,0.50442489124463,0.54183619038629,0.408123097492199,0.67570484476887,0.7,1,1,0.800159080641371,0.812068571490925,"middle"
149,10,-2.14085527169952,1.64085527169952,0.54183619038629,0.408123097492199,0.67570484476887,0.7,1,1,0.936156061871517,0.959565563379129,"far from mean"
149,11,-0.709225601421584,0.209225601421584,0.54183619038629,0.408123097492199,0.67570484476887,0.7,1,1,0.806102036943391,0.786796716625731,"near mean"
149,12,-0.220623708117714,0.279376291882286,0.54183619038629,0.408123097492199,0.67570484476887,0.7,1,1,0.768075320243628,0.786494428040208,"near mean"
150,1,-1.56220261677825,1.06220261677825,0.638996886255684,0.503690723950304,0.774733700386285,0.7,1,1,0.905181407797442,0.883453782589164,"far from mean"
150,2,-0.175530052495059,0.324469947504941,0.638996886255684,0.503690723950304,0.774733700386285,0.7,0,0,0.802705674287298,0.788014100721691,"middle"
150,3,0.225508372433797,0.725508372433797,0.638996886255684,0.503690723950304,0.774733700386285,0.7,0,0,0.829372883304303,0.83452685642043,"middle"
150,4,-1.1060640127445,0.606064012744504,0.638996886255684,0.503690723950304,0.774733700386285,0.7,1,1,0.859694763230642,0.84485734177549,"middle"
150,5,0.472086697075958,0.972086697075958,0.638996886255684,0.503690723950304,0.774733700386285,0.7,1,1,0.806909622353815,0.789588183669002,"far from mean"
150,6,-1.36013530309552,0.860135303095516,0.638996886255684,0.503690723950304,0.774733700386285,0.7,1,1,0.910798374408558,1.01258068507447,"far from mean"
150,7,-0.955013170016977,0.455013170016977,0.638996886255684,0.503690723950304,0.774733700386285,0.7,1,1,0.821764310669012,0.790243378067352,"middle"
150,8,0.188573728252993,0.688573728252993,0.638996886255684,0.503690723950304,0.774733700386285,0.7,1,1,0.823781557662279,0.813209998511483,"middle"
150,9,-0.134594757060235,0.365405242939765,0.638996886255684,0.503690723950304,0.774733700386285,0.7,1,1,0.79962471547304,0.789183268672056,"middle"
150,10,-0.727896443894699,0.227896443894699,0.638996886255684,0.503690723950304,0.774733700386285,0.7,1,1,0.787327896548459,0.799816569704788,"near mean"
150,11,-0.974131064710765,0.474131064710765,0.638996886255684,0.503690723950304,0.774733700386285,0.7,1,1,0.832505619737091,0.840650065265579,"middle"
150,12,0.109398623033253,0.609398623033253,0.638996886255684,0.503690723950304,0.774733700386285,0.7,1,1,0.79986652659099,0.786892802920678,"middle"
151,1,1.51326589392648,2.01326589392648,0.674220750678607,0.533249136068729,0.815524872031221,0.7,0,0,0.836254251212946,0.822356581472651,"far from mean"
151,2,0.111985290468746,0.611985290468746,0.674220750678607,0.533249136068729,0.815524872031221,0.7,1,1,0.802497564166414,0.81889502189061,"middle"
151,3,-0.314129335392676,0.185870664607324,0.674220750678607,0.533249136068729,0.815524872031221,0.7,1,1,0.817734907528319,0.809432468199671,"near mean"
151,4,-1.4079874551671,0.907987455167104,0.674220750678607,0.533249136068729,0.815524872031221,0.7,1,1,0.831262915442629,0.851258938506073,"far from mean"
151,5,-1.05365476391456,0.553654763914564,0.674220750678607,0.533249136068729,0.815524872031221,0.7,1,1,0.86329106045915,0.819118543903254,"middle"
151,6,-1.49639082331519,0.996390823315194,0.674220750678607,0.533249136068729,0.815524872031221,0.7,1,1,0.968363707867766,1.00681618790401,"far from mean"
151,7,-0.0473524785303172,0.452647521469683,0.674220750678607,0.533249136068729,0.815524872031221,0.7,1,1,0.807416455997634,0.786642942115096,"middle"
151,8,-1.26175197783588,0.761751977835878,0.674220750678607,0.533249136068729,0.815524872031221,0.7,1,1,0.915732028757501,0.93095541888451,"far from mean"
151,9,-0.772411553124541,0.272411553124541,0.674220750678607,0.533249136068729,0.815524872031221,0.7,1,1,0.778092746565371,0.730051646923772,"near mean"
151,10,-0.397935855427863,0.102064144572137,0.674220750678607,0.533249136068729,0.815524872031221,0.7,1,1,0.79621548020974,0.755992158572679,"near mean"
151,11,0.753768797021265,1.25376879702127,0.674220750678607,0.533249136068729,0.815524872031221,0.7,1,1,0.839165740129417,0.800067338240516,"far from mean"
151,12,-1.62740573870835,1.12740573870835,0.674220750678607,0.533249136068729,0.815524872031221,0.7,1,1,0.853899945661618,0.845578131629859,"far from mean"
152,1,-0.670850745017024,0.170850745017024,0.570198604237381,0.445030133082374,0.695611458302417,0.7,1,1,0.744964236644262,0.703940536692952,"near mean"
152,2,-1.34945701676033,0.849457016760329,0.570198604237381,0.445030133082374,0.695611458302417,0.7,1,1,0.865868908212775,0.853362448660378,"far from mean"
152,3,0.11762536082536,0.61762536082536,0.570198604237381,0.445030133082374,0.695611458302417,0.7,1,1,0.747882819231283,0.739504940980533,"middle"
152,4,-0.111937168313266,0.388062831686734,0.570198604237381,0.445030133082374,0.695611458302417,0.7,1,1,0.727589083865202,0.738617119624496,"middle"
152,5,-0.933172250499569,0.433172250499569,0.570198604237381,0.445030133082374,0.695611458302417,0.7,0,0,0.746955592838757,0.733066555330135,"middle"
152,6,-0.907857790725232,0.407857790725232,0.570198604237381,0.445030133082374,0.695611458302417,0.7,1,1,0.784143902591227,0.788889246581661,"middle"
152,7,0.161066699897197,0.661066699897197,0.570198604237381,0.445030133082374,0.695611458302417,0.7,1,1,0.748186341879312,0.719895421693081,"middle"
152,8,-0.248115370646585,0.251884629353415,0.570198604237381,0.445030133082374,0.695611458302417,0.7,1,1,0.751877568785413,0.764591269928216,"near mean"
152,9,-0.377636105565017,0.122363894434983,0.570198604237381,0.445030133082374,0.695611458302417,0.7,1,1,0.742072097480835,0.731564859733012,"near mean"
152,10,-0.820939785458264,0.320939785458264,0.570198604237381,0.445030133082374,0.695611458302417,0.7,1,1,0.752760148617678,0.745846604689815,"near mean"
152,11,-0.590075389986442,0.0900753899864419,0.570198604237381,0.445030133082374,0.695611458302417,0.7,1,1,0.753680459732812,0.758531338326162,"near mean"
152,12,-0.268650437750829,0.231349562249171,0.570198604237381,0.445030133082374,0.695611458302417,0.7,1,1,0.737806198782444,0.716652300915559,"near mean"
153,1,-1.33971608993628,0.839716089936283,0.515346974005792,0.378991989268169,0.652037460315841,0.7,1,1,0.919239186572968,0.917143868246748,"far from mean"
153,2,0.111232364189021,0.611232364189021,0.515346974005792,0.378991989268169,0.652037460315841,0.7,1,1,0.831110545560014,0.831081648296948,"middle"
153,3,0.435247131210443,0.935247131210443,0.515346974005792,0.378991989268169,0.652037460315841,0.7,1,1,0.836188801607745,0.834917131336249,"far from mean"
153,4,-1.06790763789232,0.567907637892317,0.515346974005792,0.378991989268169,0.652037460315841,0.7,1,1,0.836580864313882,0.83893952083364,"middle"
153,5,0.998916500396742,1.49891650039674,0.515346974005792,0.378991989268169,0.652037460315841,0.7,1,1,0.86776571666974,0.85182766999936,"far from mean"
153,6,-1.83741048295764,1.33741048295764,0.515346974005792,0.378991989268169,0.652037460315841,0.7,1,1,0.928995401754494,1.02677881534687,"far from mean"
153,7,-2.01289693228543,1.51289693228543,0.515346974005792,0.378991989268169,0.652037460315841,0.7,1,1,1.01939195399439,0.977519839711134,"far from mean"
153,8,-0.309487333012138,0.190512666987862,0.515346974005792,0.378991989268169,0.652037460315841,0.7,1,1,0.800710839610628,0.734129770711461,"near mean"
153,9,-0.353597297909409,0.146402702090591,0.515346974005792,0.378991989268169,0.652037460315841,0.7,1,1,0.80632758577156,0.80934185285885,"near mean"
153,10,0.430669677093836,0.930669677093836,0.515346974005792,0.378991989268169,0.652037460315841,0.7,1,1,0.853018375242394,0.830782443290258,"far from mean"
153,11,-0.756607423295226,0.256607423295226,0.515346974005792,0.378991989268169,0.652037460315841,0.7,1,1,0.817422991795758,0.822566574213457,"near mean"
153,12,-0.298442475601594,0.201557524398406,0.515346974005792,0.378991989268169,0.652037460315841,0.7,1,1,0.853915783806383,0.857543347266878,"near mean"
154,1,0.743268628372174,1.24326862837217,0.691302081114946,0.556681029911777,0.826315395007947,0.7,1,1,0.828291647183516,0.811315744484854,"far from mean"
154,2,0.377486767014128,0.877486767014128,0.691302081114946,0.556681029911777,0.826315395007947,0.7,1,1,0.832987279889264,0.842901509480578,"far from mean"
154,3,-1.53803801743065,1.03803801743065,0.691302081114946,0.556681029911777,0.826315395007947,0.7,1,1,0.950041274790944,1.00404144825592,"far from mean"
154,4,-1.58156456381062,1.08156456381062,0.691302081114946,0.556681029911777,0.826315395007947,0.7,1,1,0.943570966269176,1.00843083734115,"far from mean"
154,5,-1.54804599606736,1.04804599606736,0.691302081114946,0.556681029911777,0.826315395007947,0.7,1,1,0.970918228904803,1.01247250935308,"far from mean"
154,6,-0.676634166056046,0.176634166056046,0.691302081114946,0.556681029911777,0.826315395007947,0.7,1,1,0.812063719427054,0.873464933563109,"near mean"
154,7,-0.239006626575314,0.260993373424686,0.691302081114946,0.556681029911777,0.826315395007947,0.7,1,1,0.806156823717697,0.768859958702614,"near mean"
154,8,-0.141611965728255,0.358388034271745,0.691302081114946,0.556681029911777,0.826315395007947,0.7,1,1,0.812956964493205,0.77163252624852,"middle"
154,9,-0.921381539796351,0.421381539796351,0.691302081114946,0.556681029911777,0.826315395007947,0.7,1,1,0.807478585679598,0.761466645814714,"middle"
154,10,-0.120328983153638,0.379671016846362,0.691302081114946,0.556681029911777,0.826315395007947,0.7,1,1,0.799538494254712,0.741553693584488,"middle"
154,11,-0.201516723555021,0.298483276444979,0.691302081114946,0.556681029911777,0.826315395007947,0.7,1,1,0.806440359899182,0.791399395982828,"near mean"
154,12,-0.152626813213045,0.347373186786955,0.691302081114946,0.556681029911777,0.826315395007947,0.7,1,1,0.823439020478545,0.756006154767573,"middle"
155,1,-0.467120351396667,0.032879648603333,0.740041736890804,0.607926343123954,0.872464892134264,0.7,1,1,0.756434643281237,0.756882675353865,"near mean"
155,2,-0.633675365612252,0.133675365612252,0.740041736890804,0.607926343123954,0.872464892134264,0.7,1,1,0.737227790235424,0.697287505430064,"near mean"
155,3,-0.894476812720479,0.394476812720479,0.740041736890804,0.607926343123954,0.872464892134264,0.7,1,1,0.788243901862193,0.778160597333362,"middle"
155,4,-1.05562516170301,0.555625161703012,0.740041736890804,0.607926343123954,0.872464892134264,0.7,1,1,0.809312249913915,0.837784371831168,"middle"
155,5,-0.889415223759887,0.389415223759887,0.740041736890804,0.607926343123954,0.872464892134264,0.7,1,1,0.764426885943884,0.740091255356269,"middle"
155,6,-0.101372568393499,0.398627431606501,0.740041736890804,0.607926343123954,0.872464892134264,0.7,1,1,0.729570269966715,0.726592964685049,"middle"
155,7,0.354372260674589,0.854372260674589,0.740041736890804,0.607926343123954,0.872464892134264,0.7,1,1,0.781366035382245,0.735584102875971,"far from mean"
155,8,-0.165871177537744,0.334128822462256,0.740041736890804,0.607926343123954,0.872464892134264,0.7,1,1,0.762796498288128,0.822808845307158,"middle"
155,9,-0.865575182498779,0.365575182498779,0.740041736890804,0.607926343123954,0.872464892134264,0.7,1,1,0.739749948848634,0.693046992762638,"middle"
155,10,-0.115026419043452,0.384973580956548,0.740041736890804,0.607926343123954,0.872464892134264,0.7,0,0,0.759341556864707,0.748987660562715,"middle"
155,11,-1.4495387531135,0.9495387531135,0.740041736890804,0.607926343123954,0.872464892134264,0.7,1,1,0.840577184743172,0.888419469483732,"far from mean"
155,12,0.283324755104683,0.783324755104683,0.740041736890804,0.607926343123954,0.872464892134264,0.7,1,1,0.748340018476738,0.748288597804295,"far from mean"
156,1,-0.109621655417764,0.390378344582236,0.554278364232226,0.420527080930546,0.688373455543368,0.7,0,0,0.820616288285291,0.881952805339081,"middle"
156,2,-0.197691087602496,0.302308912397504,0.554278364232226,0.420527080930546,0.688373455543368,0.7,1,1,0.775194649439294,0.822280063350273,"near mean"
156,3,-0.6687032621375,0.1687032621375,0.554278364232226,0.420527080930546,0.688373455543368,0.7,1,1,0.79620680677192,0.823672374192121,"near mean"
156,4,-0.632851502398963,0.132851502398963,0.554278364232226,0.420527080930546,0.688373455543368,0.7,1,1,0.787994377792285,0.714163170452183,"near mean"
156,5,-1.3638330162309,0.863833016230899,0.554278364232226,0.420527080930546,0.688373455543368,0.7,1,1,1.0204366446763,1.129823108191,"far from mean"
156,6,0.0550582978273677,0.555058297827368,0.554278364232226,0.420527080930546,0.688373455543368,0.7,1,1,0.834697714200823,0.839394658837021,"middle"
156,7,0.348106096377289,0.848106096377289,0.554278364232226,0.420527080930546,0.688373455543368,0.7,0,0,0.79983772349716,0.822536462579996,"far from mean"
156,8,-1.41286311987236,0.912863119872358,0.554278364232226,0.420527080930546,0.688373455543368,0.7,1,1,0.976638491284429,0.958210380409521,"far from mean"
156,9,0.0218835733595468,0.521883573359547,0.554278364232226,0.420527080930546,0.688373455543368,0.7,1,1,0.778777038864592,0.720694296718493,"middle"
156,10,1.64325242575924,2.14325242575924,0.554278364232226,0.420527080930546,0.688373455543368,0.7,1,1,0.865058883868843,0.85265165523351,"far from mean"
156,11,-1.17983525211931,0.679835252119308,0.554278364232226,0.420527080930546,0.688373455543368,0.7,1,1,0.909852028347427,0.874434829348066,"middle"
156,12,-2.50290149754416,2.00290149754416,0.554278364232226,0.420527080930546,0.688373455543368,0.7,1,1,1.05026356656525,1.0643697187184,"far from mean"
157,1,-1.13468310286111,0.63468310286111,0.639542932478254,0.503020319709715,0.776365658030411,0.7,1,1,0.852127589987021,0.852089366386721,"middle"
157,2,-0.945248147195383,0.445248147195383,0.639542932478254,0.503020319709715,0.776365658030411,0.7,1,1,0.811602049592607,0.771388329455081,"middle"
157,3,-2.03932410868261,1.53932410868261,0.639542932478254,0.503020319709715,0.776365658030411,0.7,1,1,1.08494381613662,1.06553832793081,"far from mean"
157,4,-0.14106926935505,0.35893073064495,0.639542932478254,0.503020319709715,0.776365658030411,0.7,1,1,0.797299755174057,0.814478457228401,"middle"
157,5,-0.833531367371829,0.333531367371829,0.639542932478254,0.503020319709715,0.776365658030411,0.7,1,1,0.911269154105768,0.966617424938014,"middle"
157,6,-0.592048006274382,0.0920480062743824,0.639542932478254,0.503020319709715,0.776365658030411,0.7,1,1,0.796418174484813,0.764416440963776,"near mean"
157,7,-2.21434757157776,1.71434757157776,0.639542932478254,0.503020319709715,0.776365658030411,0.7,1,1,0.990639135181468,0.985328214250969,"far from mean"
157,8,0.517520845437079,1.01752084543708,0.639542932478254,0.503020319709715,0.776365658030411,0.7,1,1,0.813807723287231,0.861645281913708,"far from mean"
157,9,-0.314365566468145,0.185634433531855,0.639542932478254,0.503020319709715,0.776365658030411,0.7,1,1,0.825408413156827,0.850086761068269,"near mean"
157,10,0.546689280329616,1.04668928032962,0.639542932478254,0.503020319709715,0.776365658030411,0.7,1,1,0.833194149580243,0.843836177921919,"far from mean"
157,11,1.16268931806258,1.66268931806258,0.639542932478254,0.503020319709715,0.776365658030411,0.7,0,0,0.839599181143814,0.802438537386005,"far from mean"
157,12,-0.0122823040430075,0.487717695956992,0.639542932478254,0.503020319709715,0.776365658030411,0.7,1,1,0.833198426195221,0.805117428476995,"middle"
158,1,1.68676738889805,2.18676738889805,0.516817671127206,0.388067513094763,0.645836942672169,0.7,0,0,0.841453881651466,0.84091684722208,"far from mean"
158,2,-0.655033968573945,0.155033968573945,0.516817671127206,0.388067513094763,0.645836942672169,0.7,1,1,0.800317079013612,0.751450203629782,"near mean"
158,3,-0.948890250533548,0.448890250533548,0.516817671127206,0.388067513094763,0.645836942672169,0.7,1,1,0.88289071737129,0.890627350182461,"middle"
158,4,-1.18545265068742,0.685452650687419,0.516817671127206,0.388067513094763,0.645836942672169,0.7,1,1,0.850144638657257,0.839317566401955,"middle"
158,5,0.0740889928517998,0.5740889928518,0.516817671127206,0.388067513094763,0.645836942672169,0.7,1,1,0.796128506692404,0.801563881276051,"middle"
158,6,-0.612933708430407,0.112933708430407,0.516817671127206,0.388067513094763,0.645836942672169,0.7,1,1,0.757633790183247,0.717156306709443,"near mean"
158,7,-0.106430425115302,0.393569574884698,0.516817671127206,0.388067513094763,0.645836942672169,0.7,1,1,0.772714516840328,0.755716428989918,"middle"
158,8,-1.2066302689835,0.706630268983497,0.516817671127206,0.388067513094763,0.645836942672169,0.7,1,1,0.840581684430116,0.817297775423225,"middle"
158,9,-1.23824394941032,0.738243949410323,0.516817671127206,0.388067513094763,0.645836942672169,0.7,1,1,0.807592976055998,0.769903942666876,"middle"
158,10,-0.704103973118854,0.204103973118854,0.516817671127206,0.388067513094763,0.645836942672169,0.7,1,1,0.7781703860424,0.793313022496359,"near mean"
158,11,-0.712341945003638,0.212341945003638,0.516817671127206,0.388067513094763,0.645836942672169,0.7,1,1,0.800340367606521,0.786603359793839,"near mean"
158,12,-0.390795241892913,0.109204758107087,0.516817671127206,0.388067513094763,0.645836942672169,0.7,1,1,0.771868607448697,0.759217586319229,"near mean"
159,1,-0.77128892118573,0.27128892118573,0.653463596756791,0.522876933232307,0.784386390616579,0.7,1,1,0.814423639485157,0.855225874456339,"near mean"
159,2,-0.99779114812662,0.49779114812662,0.653463596756791,0.522876933232307,0.784386390616579,0.7,1,1,0.812612700488674,0.76849813341025,"middle"
159,3,-0.191323597434438,0.308676402565562,0.653463596756791,0.522876933232307,0.784386390616579,0.7,1,1,0.762267870859447,0.77407946302654,"near mean"
159,4,-0.528854788219089,0.0288547882190895,0.653463596756791,0.522876933232307,0.784386390616579,0.7,1,1,0.749377999256304,0.724442777074747,"near mean"
159,5,-1.9169889616722,1.4169889616722,0.653463596756791,0.522876933232307,0.784386390616579,0.7,1,1,0.958781370980008,0.987213385221273,"far from mean"
159,6,-0.183401017240515,0.316598982759485,0.653463596756791,0.522876933232307,0.784386390616579,0.7,1,1,0.766393394290384,0.705480100041986,"near mean"
159,7,-0.545522847870156,0.0455228478701561,0.653463596756791,0.522876933232307,0.784386390616579,0.7,1,1,0.769828973763543,0.737403813476156,"near mean"
159,8,0.414964755992037,0.914964755992037,0.653463596756791,0.522876933232307,0.784386390616579,0.7,0,0,0.75790627057119,0.737102045901248,"far from mean"
159,9,-0.0746244264697851,0.425375573530215,0.653463596756791,0.522876933232307,0.784386390616579,0.7,1,1,0.755076559025571,0.757363534227164,"middle"
159,10,0.556058261955035,1.05605826195503,0.653463596756791,0.522876933232307,0.784386390616579,0.7,1,1,0.802641053514098,0.817181420471202,"far from mean"
159,11,-1.34491250693919,0.844912506939192,0.653463596756791,0.522876933232307,0.784386390616579,0.7,1,1,0.891127760332705,0.896430104826305,"far from mean"
159,12,-0.416314802789348,0.0836851972106518,0.653463596756791,0.522876933232307,0.784386390616579,0.7,1,1,0.740999000671233,0.715821824249012,"near mean"
160,1,-0.695351937213525,0.195351937213525,0.520273485871046,0.391881327983885,0.649016929288668,0.7,1,1,0.760275664636158,0.760452124540556,"near mean"
160,2,-0.837068021625891,0.337068021625891,0.520273485871046,0.391881327983885,0.649016929288668,0.7,1,1,0.743831090509545,0.733761525280568,"middle"
160,3,-1.1312938217043,0.631293821704296,0.520273485871046,0.391881327983885,0.649016929288668,0.7,1,1,0.837599850066617,0.867031479730523,"middle"
160,4,-0.0263957781230244,0.473604221876976,0.520273485871046,0.391881327983885,0.649016929288668,0.7,1,1,0.745957034049594,0.708529273639296,"middle"
160,5,-1.50858152152522,1.00858152152522,0.520273485871046,0.391881327983885,0.649016929288668,0.7,1,1,0.811412282498464,0.788829211643542,"far from mean"
160,6,-0.962134594378763,0.462134594378763,0.520273485871046,0.391881327983885,0.649016929288668,0.7,1,1,0.75161950553081,0.74056623676077,"middle"
160,7,0.147643517757715,0.647643517757715,0.520273485871046,0.391881327983885,0.649016929288668,0.7,1,1,0.770261618021062,0.775951935052911,"middle"
160,8,-1.10551036478641,0.605510364786407,0.520273485871046,0.391881327983885,0.649016929288668,0.7,1,1,0.75817016849424,0.812666446424125,"middle"
160,9,0.412365647588392,0.912365647588392,0.520273485871046,0.391881327983885,0.649016929288668,0.7,0,0,0.780729916991205,0.777610994331592,"far from mean"
160,10,-0.26971058516808,0.23028941483192,0.520273485871046,0.391881327983885,0.649016929288668,0.7,1,1,0.754604746419644,0.802068080373043,"near mean"
160,11,-0.294630432229912,0.205369567770088,0.520273485871046,0.391881327983885,0.649016929288668,0.7,1,1,0.747470778372519,0.712093489457389,"near mean"
160,12,0.270667891409008,0.770667891409008,0.520273485871046,0.391881327983885,0.649016929288668,0.7,1,1,0.765939017801101,0.772525129718783,"far from mean"
161,1,-1.45720521712077,0.957205217120772,0.781123542892606,0.640207864111579,0.922711077765698,0.7,1,1,0.938963535400768,0.952031502174556,"far from mean"
161,2,-0.197257579528703,0.302742420471297,0.781123542892606,0.640207864111579,0.922711077765698,0.7,1,1,0.760634667858713,0.823526779675484,"near mean"
161,3,0.448374303100835,0.948374303100835,0.781123542892606,0.640207864111579,0.922711077765698,0.7,1,1,0.808694904558309,0.784030548205395,"far from mean"
161,4,0.748276568440086,1.24827656844009,0.781123542892606,0.640207864111579,0.922711077765698,0.7,1,1,0.82011567943035,0.761944269222612,"far from mean"
161,5,-0.922569016850323,0.422569016850323,0.781123542892606,0.640207864111579,0.922711077765698,0.7,1,1,0.793234648065177,0.768353015909162,"middle"
161,6,-0.325441333557572,0.174558666442428,0.781123542892606,0.640207864111579,0.922711077765698,0.7,1,1,0.814604668353711,0.831804286954043,"near mean"
161,7,-0.216418540090358,0.283581459909642,0.781123542892606,0.640207864111579,0.922711077765698,0.7,1,1,0.772225560610223,0.759152539808138,"near mean"
161,8,-0.0722642011883823,0.427735798811618,0.781123542892606,0.640207864111579,0.922711077765698,0.7,1,1,0.809322833826229,0.814098541747558,"middle"
161,9,-0.459426008586429,0.0405739914135714,0.781123542892606,0.640207864111579,0.922711077765698,0.7,1,1,0.755377541112331,0.822672153041178,"near mean"
161,10,-1.63156538250282,1.13156538250282,0.781123542892606,0.640207864111579,0.922711077765698,0.7,1,0,0.88072310944911,0.827215424079045,"far from mean"
161,11,-1.12364443925735,0.623644439257347,0.781123542892606,0.640207864111579,0.922711077765698,0.7,1,1,0.844344336143082,0.830053125046113,"middle"
161,12,-0.790859152858218,0.290859152858218,0.781123542892606,0.640207864111579,0.922711077765698,0.7,1,1,0.805577395737307,0.820149214322032,"near mean"
162,1,-0.799126065302706,0.299126065302706,0.665355564762551,0.536005122302985,0.795090736394727,0.7,1,1,0.756585603500036,0.779064769015265,"near mean"
162,2,-0.946860724686349,0.446860724686349,0.665355564762551,0.536005122302985,0.795090736394727,0.7,1,1,0.765966629797878,0.770885257975785,"middle"
162,3,-0.13186890635075,0.36813109364925,0.665355564762551,0.536005122302985,0.795090736394727,0.7,1,1,0.729472776870361,0.74122692962807,"middle"
162,4,0.0738969053162258,0.573896905316226,0.665355564762551,0.536005122302985,0.795090736394727,0.7,1,1,0.769067984832609,0.765646875154611,"middle"
162,5,-0.342464114418093,0.157535885581907,0.665355564762551,0.536005122302985,0.795090736394727,0.7,1,1,0.762695442410975,0.780779694989921,"near mean"
162,6,-0.122804271437266,0.377195728562734,0.665355564762551,0.536005122302985,0.795090736394727,0.7,1,1,0.738875303758154,0.661398308509709,"middle"
162,7,0.173755510720106,0.673755510720106,0.665355564762551,0.536005122302985,0.795090736394727,0.7,1,1,0.743432506892435,0.714158647665618,"middle"
162,8,-0.946540373481158,0.446540373481158,0.665355564762551,0.536005122302985,0.795090736394727,0.7,1,1,0.78228896807153,0.767186454110023,"middle"
162,9,-1.22731049906502,0.727310499065017,0.665355564762551,0.536005122302985,0.795090736394727,0.7,1,1,0.800065598156834,0.789621341820036,"middle"
162,10,0.203831747130213,0.703831747130213,0.665355564762551,0.536005122302985,0.795090736394727,0.7,1,1,0.74370071876502,0.737323589609006,"middle"
162,11,-1.53452826954679,1.03452826954679,0.665355564762551,0.536005122302985,0.795090736394727,0.7,1,1,0.860813344648777,0.823876179543618,"far from mean"
162,12,-0.399980938878412,0.100019061121588,0.665355564762551,0.536005122302985,0.795090736394727,0.7,0,0,0.798465203755779,0.797686827145074,"near mean"
163,1,-1.1694427465093,0.669442746509296,0.67247043463407,0.538328708920564,0.807001954170916,0.7,1,1,0.793176362583585,0.798216956549137,"middle"
163,2,-0.872591283855636,0.372591283855636,0.67247043463407,0.538328708920564,0.807001954170916,0.7,1,1,0.857389957365948,0.79182373966332,"middle"
163,3,-0.761286129406532,0.261286129406532,0.67247043463407,0.538328708920564,0.807001954170916,0.7,1,1,0.777167537329548,0.823039118422828,"near mean"
163,4,-0.411629015894069,0.0883709841059309,0.67247043463407,0.538328708920564,0.807001954170916,0.7,1,1,0.749397301298681,0.753533870368918,"near mean"
163,5,-0.113611493217061,0.386388506782939,0.67247043463407,0.538328708920564,0.807001954170916,0.7,1,1,0.804059679730184,0.795700718858839,"middle"
163,6,0.986565904860477,1.48656590486048,0.67247043463407,0.538328708920564,0.807001954170916,0.7,1,1,0.805448750576672,0.796370344821817,"far from mean"
163,7,-0.230555797304965,0.269444202695035,0.67247043463407,0.538328708920564,0.807001954170916,0.7,1,1,0.773059646888502,0.795401548689748,"near mean"
163,8,-0.480969538882571,0.0190304611174287,0.67247043463407,0.538328708920564,0.807001954170916,0.7,1,1,0.767123978070849,0.778804928572311,"near mean"
163,9,-0.976166492438974,0.476166492438974,0.67247043463407,0.538328708920564,0.807001954170916,0.7,1,1,0.807428465348724,0.831698614491237,"middle"
163,10,-1.64160413678809,1.14160413678809,0.67247043463407,0.538328708920564,0.807001954170916,0.7,0,0,0.862588356236028,0.853645744387855,"far from mean"
163,11,-0.33119851265863,0.16880148734137,0.67247043463407,0.538328708920564,0.807001954170916,0.7,1,1,0.81339261197794,0.817900147805842,"near mean"
163,12,0.00248924209534707,0.502489242095347,0.67247043463407,0.538328708920564,0.807001954170916,0.7,1,1,0.774585750066261,0.725473836779393,"middle"
164,1,0.566942437555986,1.06694243755599,0.815586474080692,0.678359192371838,0.953108625863443,0.7,1,1,0.82227431629728,0.762445965944112,"far from mean"
164,2,-0.167354954076959,0.332645045923041,0.815586474080692,0.678359192371838,0.953108625863443,0.7,1,1,0.816753169815797,0.786853460209403,"middle"
164,3,-1.44523216126588,0.945232161265878,0.815586474080692,0.678359192371838,0.953108625863443,0.7,1,1,0.902049295097401,0.847483154621771,"far from mean"
164,4,-1.99373873675919,1.49373873675919,0.815586474080692,0.678359192371838,0.953108625863443,0.7,1,1,1.09634808483348,1.20032051111398,"far from mean"
164,5,-0.7563100478829,0.2563100478829,0.815586474080692,0.678359192371838,0.953108625863443,0.7,1,1,0.805051252217581,0.776192698867613,"near mean"
164,6,-0.1968227939751,0.3031772060249,0.815586474080692,0.678359192371838,0.953108625863443,0.7,1,1,0.810297716143688,0.850753735956978,"near mean"
164,7,-0.997933632968074,0.497933632968074,0.815586474080692,0.678359192371838,0.953108625863443,0.7,1,1,0.825553931513643,0.80308858340605,"middle"
164,8,-0.338733828927425,0.161266171072575,0.815586474080692,0.678359192371838,0.953108625863443,0.7,0,0,0.830248556253088,0.830807616492095,"near mean"
164,9,-0.316952424127717,0.183047575872283,0.815586474080692,0.678359192371838,0.953108625863443,0.7,1,1,0.818978548893166,0.7787564543881,"near mean"
164,10,-0.361742497405988,0.138257502594012,0.815586474080692,0.678359192371838,0.953108625863443,0.7,1,1,0.788627301228961,0.767193678062978,"near mean"
164,11,0.251164264827876,0.751164264827876,0.815586474080692,0.678359192371838,0.953108625863443,0.7,1,1,0.811172327838139,0.796408869618966,"far from mean"
164,12,-0.243285624994628,0.256714375005372,0.815586474080692,0.678359192371838,0.953108625863443,0.7,1,1,0.807821061945049,0.823121488393017,"near mean"
165,1,-0.305820324554561,0.194179675445439,0.608540792715237,0.480524727388279,0.736874475495456,0.7,1,1,0.82202494449394,0.776823002505454,"near mean"
165,2,-0.969316585458825,0.469316585458825,0.608540792715237,0.480524727388279,0.736874475495456,0.7,1,1,0.78703095822848,0.757453483597859,"middle"
165,3,0.832814914866555,1.33281491486655,0.608540792715237,0.480524727388279,0.736874475495456,0.7,1,0,0.80797241016975,0.772180085725722,"far from mean"
165,4,-2.33718307350527,1.83718307350527,0.608540792715237,0.480524727388279,0.736874475495456,0.7,1,1,0.968583519853168,0.984080182031041,"far from mean"
165,5,-0.00133272914102284,0.498667270858977,0.608540792715237,0.480524727388279,0.736874475495456,0.7,1,1,0.777399217888965,0.811921766323985,"middle"
165,6,-0.19696135174308,0.30303864825692,0.608540792715237,0.480524727388279,0.736874475495456,0.7,1,1,0.752573049115534,0.730124662419001,"near mean"
165,7,0.448278750790159,0.948278750790159,0.608540792715237,0.480524727388279,0.736874475495456,0.7,1,1,0.810030877024285,0.731765080769875,"far from mean"
165,8,-0.386980723108429,0.113019276891571,0.608540792715237,0.480524727388279,0.736874475495456,0.7,1,1,0.781173816726547,0.760370211858597,"near mean"
165,9,-1.35272619700322,0.852726197003215,0.608540792715237,0.480524727388279,0.736874475495456,0.7,1,1,0.822162568718604,0.818114488592208,"far from mean"
165,10,-0.377210977978859,0.122789022021141,0.608540792715237,0.480524727388279,0.736874475495456,0.7,1,1,0.775080022156494,0.746955157360171,"near mean"
165,11,-0.129241663378017,0.370758336621983,0.608540792715237,0.480524727388279,0.736874475495456,0.7,1,1,0.781127439023087,0.801700044522446,"middle"
165,12,-1.22432003978543,0.724320039785434,0.608540792715237,0.480524727388279,0.736874475495456,0.7,1,1,0.913941860108008,0.889031722719456,"middle"
166,1,-0.409161770876937,0.0908382291230626,0.663288565189781,0.524668326852303,0.802331312321362,0.7,1,1,0.83442635578914,0.852882713344285,"near mean"
166,2,-0.00358689558803083,0.496413104411969,0.663288565189781,0.524668326852303,0.802331312321362,0.7,1,1,0.782438154517786,0.812688646790283,"middle"
166,3,-1.69776409272547,1.19776409272547,0.663288565189781,0.524668326852303,0.802331312321362,0.7,1,1,0.984993769559403,1.09280545846317,"far from mean"
166,4,0.976077697606921,1.47607769760692,0.663288565189781,0.524668326852303,0.802331312321362,0.7,1,1,0.808602990213568,0.835857245600617,"far from mean"
166,5,-0.914211250184054,0.414211250184054,0.663288565189781,0.524668326852303,0.802331312321362,0.7,1,1,0.846158334262353,0.849659417459024,"middle"
166,6,-1.27947479695681,0.779474796956815,0.663288565189781,0.524668326852303,0.802331312321362,0.7,1,1,0.922667256828024,0.925680337928072,"far from mean"
166,7,0.342492208082041,0.842492208082041,0.663288565189781,0.524668326852303,0.802331312321362,0.7,1,1,0.784325719714756,0.729304607224835,"far from mean"
166,8,-0.754429527247094,0.254429527247094,0.663288565189781,0.524668326852303,0.802331312321362,0.7,1,1,0.808448956383317,0.769715433305092,"near mean"
166,9,-1.28461823967528,0.784618239675285,0.663288565189781,0.524668326852303,0.802331312321362,0.7,1,1,0.910304596640658,0.913609682824005,"far from mean"
166,10,-0.293185607298617,0.206814392701383,0.663288565189781,0.524668326852303,0.802331312321362,0.7,0,0,0.765684611018354,0.698624092782009,"near mean"
166,11,-0.33333069515039,0.16666930484961,0.663288565189781,0.524668326852303,0.802331312321362,0.7,1,1,0.778773705473176,0.822237529541928,"near mean"
166,12,-0.348807029986271,0.151192970013729,0.663288565189781,0.524668326852303,0.802331312321362,0.7,1,1,0.75793685876634,0.768123540500661,"near mean"
167,1,-1.2004092888839,0.700409288883896,0.694176552156141,0.556928278667721,0.831804886992457,0.7,1,1,0.829189708533086,0.837547302435015,"middle"
167,2,-0.718662461178286,0.218662461178286,0.694176552156141,0.556928278667721,0.831804886992457,0.7,1,1,0.786621026556948,0.758884837650418,"near mean"
167,3,1.5549781058915,2.0549781058915,0.694176552156141,0.556928278667721,0.831804886992457,0.7,1,1,0.875710162022271,0.850272751068159,"far from mean"
167,4,0.472246849913343,0.972246849913343,0.694176552156141,0.556928278667721,0.831804886992457,0.7,1,1,0.815152259861883,0.798340359106967,"far from mean"
167,5,-0.118907667758332,0.381092332241668,0.694176552156141,0.556928278667721,0.831804886992457,0.7,1,1,0.790158243527087,0.78657118845034,"middle"
167,6,-1.27281987338482,0.77281987338482,0.694176552156141,0.556928278667721,0.831804886992457,0.7,1,1,0.894955316269829,0.939787078184652,"far from mean"
167,7,-0.501801933694186,0.00180193369418588,0.694176552156141,0.556928278667721,0.831804886992457,0.7,1,1,0.81845411675156,0.821355462478978,"near mean"
167,8,-1.30689051198851,0.806890511988514,0.694176552156141,0.556928278667721,0.831804886992457,0.7,1,1,0.933189046474652,0.936267476744108,"far from mean"
167,9,-0.885202584137654,0.385202584137654,0.694176552156141,0.556928278667721,0.831804886992457,0.7,1,1,0.8162725636239,0.819196479900344,"middle"
167,10,0.348131896629428,0.848131896629428,0.694176552156141,0.556928278667721,0.831804886992457,0.7,1,1,0.826757665723363,0.811668590037701,"far from mean"
167,11,-1.18110077128362,0.681100771283623,0.694176552156141,0.556928278667721,0.831804886992457,0.7,1,1,0.925619652850789,0.885530566106078,"middle"
167,12,-1.18956176012496,0.68956176012496,0.694176552156141,0.556928278667721,0.831804886992457,0.7,1,1,0.952595622445003,0.99615452319207,"middle"
168,1,-0.452060875335931,0.0479391246640694,0.488203854378342,0.355291516074678,0.621331699134164,0.7,1,1,0.778448263085112,0.712670241876117,"near mean"
168,2,-1.21863207394464,0.718632073944643,0.488203854378342,0.355291516074678,0.621331699134164,0.7,1,1,0.866461219760664,0.830168509416794,"middle"
168,3,-1.47187406619456,0.971874066194555,0.488203854378342,0.355291516074678,0.621331699134164,0.7,1,1,0.988829436208912,1.0523317631694,"far from mean"
168,4,-0.963670619645492,0.463670619645492,0.488203854378342,0.355291516074678,0.621331699134164,0.7,1,1,0.833084897138289,0.818712811893342,"middle"
168,5,-1.55389080719931,1.05389080719931,0.488203854378342,0.355291516074678,0.621331699134164,0.7,1,0,0.866408982228329,0.833278926438964,"far from mean"
168,6,-0.804909399525941,0.304909399525941,0.488203854378342,0.355291516074678,0.621331699134164,0.7,1,1,0.788026793216339,0.75584672999811,"near mean"
168,7,1.06173703552429,1.56173703552429,0.488203854378342,0.355291516074678,0.621331699134164,0.7,0,0,0.814354736271026,0.804044198053348,"far from mean"
168,8,-0.0338574113150826,0.466142588684917,0.488203854378342,0.355291516074678,0.621331699134164,0.7,1,1,0.781493692098862,0.759297289244278,"middle"
168,9,0.42197268171049,0.92197268171049,0.488203854378342,0.355291516074678,0.621331699134164,0.7,1,1,0.814219638541537,0.807226958159341,"far from mean"
168,10,-0.362379854101773,0.137620145898227,0.488203854378342,0.355291516074678,0.621331699134164,0.7,1,1,0.765787629946441,0.725398932853299,"near mean"
168,11,-0.541797454108929,0.0417974541089287,0.488203854378342,0.355291516074678,0.621331699134164,0.7,1,1,0.778293032633219,0.75462756428177,"near mean"
168,12,-0.0806371558631255,0.419362844136875,0.488203854378342,0.355291516074678,0.621331699134164,0.7,1,1,0.760961245489385,0.747937878527182,"middle"
169,1,-0.553019990082625,0.0530199900826247,0.733368887653215,0.602298659035298,0.864733774704816,0.7,1,1,0.799621992227915,0.710214317622948,"near mean"
169,2,-0.902848813701105,0.402848813701105,0.733368887653215,0.602298659035298,0.864733774704816,0.7,1,1,0.854588279661586,0.877301691791863,"middle"
169,3,0.436048369511528,0.936048369511528,0.733368887653215,0.602298659035298,0.864733774704816,0.7,1,1,0.794437652927635,0.811344180026539,"far from mean"
169,4,-0.886047330533543,0.386047330533543,0.733368887653215,0.602298659035298,0.864733774704816,0.7,1,1,0.847449773219394,0.820193009124368,"middle"
169,5,-0.561140552073077,0.0611405520730769,0.733368887653215,0.602298659035298,0.864733774704816,0.7,1,1,0.817819286735616,0.836601574352543,"near mean"
169,6,-0.863866562527046,0.363866562527046,0.733368887653215,0.602298659035298,0.864733774704816,0.7,1,1,0.831716549562351,0.842548690428899,"middle"
169,7,-1.02538199358695,0.525381993586949,0.733368887653215,0.602298659035298,0.864733774704816,0.7,1,1,0.801228300798508,0.819488484282998,"middle"
169,8,-0.235030199882642,0.264969800117358,0.733368887653215,0.602298659035298,0.864733774704816,0.7,1,1,0.781539808720277,0.780866579947723,"near mean"
169,9,-0.519958790102016,0.0199587901020161,0.733368887653215,0.602298659035298,0.864733774704816,0.7,1,1,0.770714204536831,0.735695572907934,"near mean"
169,10,-1.32939234693316,0.829392346933159,0.733368887653215,0.602298659035298,0.864733774704816,0.7,1,1,0.855254890204349,0.862919686220186,"far from mean"
169,11,0.987134507386802,1.4871345073868,0.733368887653215,0.602298659035298,0.864733774704816,0.7,1,1,0.806035442111105,0.820004793931564,"far from mean"
169,12,-0.54649629747617,0.0464962974761698,0.733368887653215,0.602298659035298,0.864733774704816,0.7,1,1,0.788838006003701,0.809135735041627,"near mean"
170,1,-0.634068424551571,0.134068424551571,0.603949726939027,0.47260652705938,0.735647265927225,0.7,1,1,0.809468547596479,0.824350472888569,"near mean"
170,2,0.0404573596153678,0.540457359615368,0.603949726939027,0.47260652705938,0.735647265927225,0.7,1,1,0.805670727402536,0.775764585014264,"middle"
170,3,-0.682171947294829,0.182171947294829,0.603949726939027,0.47260652705938,0.735647265927225,0.7,1,1,0.795963127887491,0.782631184516652,"near mean"
170,4,-0.290307905127936,0.209692094872064,0.603949726939027,0.47260652705938,0.735647265927225,0.7,1,1,0.801928474152339,0.799896966674804,"near mean"
170,5,-0.707686382634626,0.207686382634626,0.603949726939027,0.47260652705938,0.735647265927225,0.7,0,0,0.798263904104854,0.786933333124001,"near mean"
170,6,-0.591632903047125,0.0916329030471251,0.603949726939027,0.47260652705938,0.735647265927225,0.7,1,1,0.809303604351833,0.823572753861937,"near mean"
170,7,-1.70169204966922,1.20169204966922,0.603949726939027,0.47260652705938,0.735647265927225,0.7,1,1,0.944576518734628,0.909902986941529,"far from mean"
170,8,-0.800445166726793,0.300445166726793,0.603949726939027,0.47260652705938,0.735647265927225,0.7,0,0,0.795511144647514,0.764772308169998,"near mean"
170,9,-0.332440249331979,0.167559750668021,0.603949726939027,0.47260652705938,0.735647265927225,0.7,1,1,0.811514120849757,0.780782728782159,"near mean"
170,10,-1.06210333600729,0.562103336007294,0.603949726939027,0.47260652705938,0.735647265927225,0.7,1,1,0.820440955899567,0.82341567758981,"middle"
170,11,0.858888687402208,1.35888868740221,0.603949726939027,0.47260652705938,0.735647265927225,0.7,1,1,0.84545954153282,0.834553178681145,"far from mean"
170,12,-0.0967976826262069,0.403202317373793,0.603949726939027,0.47260652705938,0.735647265927225,0.7,1,1,0.798843571653963,0.775327167633957,"middle"
171,1,-0.223472032899004,0.276527967100996,0.554720430597567,0.426291995722786,0.683423782545095,0.7,1,1,0.773046477592578,0.741611776774352,"near mean"
171,2,-1.60356342081711,1.10356342081711,0.554720430597567,0.426291995722786,0.683423782545095,0.7,1,1,0.895837188377189,0.847895642421086,"far from mean"
171,3,0.389034270466768,0.889034270466768,0.554720430597567,0.426291995722786,0.683423782545095,0.7,1,1,0.756827080200677,0.72213238959027,"far from mean"
171,4,-1.18179519530448,0.681795195304475,0.554720430597567,0.426291995722786,0.683423782545095,0.7,1,1,0.792225965778778,0.790317257413189,"middle"
171,5,-0.286334160566732,0.213665839433268,0.554720430597567,0.426291995722786,0.683423782545095,0.7,1,1,0.757396884414802,0.79389544822802,"near mean"
171,6,-0.243896613989784,0.256103386010216,0.554720430597567,0.426291995722786,0.683423782545095,0.7,1,1,0.740812087422028,0.73520800824199,"near mean"
171,7,-0.0363843175269373,0.463615682473063,0.554720430597567,0.426291995722786,0.683423782545095,0.7,1,1,0.766235261995562,0.719964250355215,"middle"
171,8,-0.77935962453953,0.27935962453953,0.554720430597567,0.426291995722786,0.683423782545095,0.7,1,1,0.77667744567393,0.736327238010781,"near mean"
171,9,-0.550564347159294,0.0505643471592943,0.554720430597567,0.426291995722786,0.683423782545095,0.7,1,1,0.741688689618471,0.723420823226979,"near mean"
171,10,-1.15579763159903,0.655797631599027,0.554720430597567,0.426291995722786,0.683423782545095,0.7,1,1,0.865653812196176,0.888724266270401,"middle"
171,11,-0.603905724076025,0.103905724076025,0.554720430597567,0.426291995722786,0.683423782545095,0.7,1,1,0.798879637635049,0.826427639223754,"near mean"
171,12,0.276038798011152,0.776038798011152,0.554720430597567,0.426291995722786,0.683423782545095,0.7,0,0,0.75343930607728,0.772975795565869,"far from mean"
172,1,-1.42715018360047,0.92715018360047,0.732579119401529,0.600684263142695,0.864876406836883,0.7,1,1,0.775710837051493,0.805060698320337,"far from mean"
172,2,-0.864036246850547,0.364036246850547,0.732579119401529,0.600684263142695,0.864876406836883,0.7,1,1,0.762911285086681,0.781187635346696,"middle"
172,3,-1.41435140883265,0.914351408832652,0.732579119401529,0.600684263142695,0.864876406836883,0.7,1,1,0.97461010364662,1.03898402385955,"far from mean"
172,4,-0.354084551368279,0.145915448631721,0.732579119401529,0.600684263142695,0.864876406836883,0.7,1,1,0.75900577299908,0.710098807909314,"near mean"
172,5,-0.110699804812,0.389300195188,0.732579119401529,0.600684263142695,0.864876406836883,0.7,1,1,0.751165031269494,0.742578349727671,"middle"
172,6,0.968756579119369,1.46875657911937,0.732579119401529,0.600684263142695,0.864876406836883,0.7,0,0,0.769013462441995,0.781832693893462,"far from mean"
172,7,-0.196799903957715,0.303200096042285,0.732579119401529,0.600684263142695,0.864876406836883,0.7,1,1,0.725803502442003,0.697083998326775,"near mean"
172,8,-1.25982042341777,0.759820423417775,0.732579119401529,0.600684263142695,0.864876406836883,0.7,1,1,0.844684590484683,0.865143877753291,"far from mean"
172,9,-0.564016801231684,0.0640168012316837,0.732579119401529,0.600684263142695,0.864876406836883,0.7,1,1,0.780107748549576,0.763002127773919,"near mean"
172,10,-0.249789632818269,0.250210367181731,0.732579119401529,0.600684263142695,0.864876406836883,0.7,1,1,0.729146062502959,0.725937050919251,"near mean"
172,11,0.0908637693931957,0.590863769393196,0.732579119401529,0.600684263142695,0.864876406836883,0.7,1,1,0.772588846529197,0.793763314575314,"middle"
172,12,-0.618871391623174,0.118871391623174,0.732579119401529,0.600684263142695,0.864876406836883,0.7,1,1,0.785078529237129,0.721498344781171,"near mean"
173,1,-1.30069499990244,0.800694999902437,0.70155831011948,0.564453181163004,0.83914909131964,0.7,1,1,0.851463442758241,0.792177626377988,"far from mean"
173,2,-0.584394632134935,0.0843946321349353,0.70155831011948,0.564453181163004,0.83914909131964,0.7,0,0,0.841082319333144,0.815493855882447,"near mean"
173,3,0.0924008744429599,0.59240087444296,0.70155831011948,0.564453181163004,0.83914909131964,0.7,1,1,0.785875857386099,0.760934075334966,"middle"
173,4,-1.69614715373837,1.19614715373837,0.70155831011948,0.564453181163004,0.83914909131964,0.7,1,1,0.983211494698537,0.983488359744843,"far from mean"
173,5,0.683155933927639,1.18315593392764,0.70155831011948,0.564453181163004,0.83914909131964,0.7,1,1,0.827247561587671,0.781040542253571,"far from mean"
173,6,0.607608543494107,1.10760854349411,0.70155831011948,0.564453181163004,0.83914909131964,0.7,0,0,0.786244115393632,0.767861198640535,"far from mean"
173,7,-0.749948113883225,0.249948113883225,0.70155831011948,0.564453181163004,0.83914909131964,0.7,1,1,0.813429734480688,0.799101094857203,"near mean"
173,8,0.370491632466178,0.870491632466178,0.70155831011948,0.564453181163004,0.83914909131964,0.7,1,1,0.81054467509556,0.841383783015517,"far from mean"
173,9,-1.4863092373992,0.9863092373992,0.70155831011948,0.564453181163004,0.83914909131964,0.7,1,1,0.911160373028663,0.84221199524947,"far from mean"
173,10,-0.545139977654357,0.0451399776543568,0.70155831011948,0.564453181163004,0.83914909131964,0.7,1,1,0.807633481980123,0.780195377490763,"near mean"
173,11,-0.908809742802246,0.408809742802246,0.70155831011948,0.564453181163004,0.83914909131964,0.7,1,1,0.79846880778944,0.804200818157689,"middle"
173,12,-0.482213126816112,0.0177868731838881,0.70155831011948,0.564453181163004,0.83914909131964,0.7,1,1,0.758195303068899,0.738079676483513,"near mean"
174,1,-1.17664423442408,0.676644234424075,0.678666379869107,0.54951175341495,0.808122571509221,0.7,1,1,0.84217328425054,0.864541114922319,"middle"
174,2,-0.431832306464283,0.0681676935357165,0.678666379869107,0.54951175341495,0.808122571509221,0.7,1,1,0.762470248495805,0.755177316939906,"near mean"
174,3,-0.333044549252964,0.166955450747036,0.678666379869107,0.54951175341495,0.808122571509221,0.7,1,1,0.719690535680451,0.734399602171526,"near mean"
174,4,-1.22306937076896,0.723069370768963,0.678666379869107,0.54951175341495,0.808122571509221,0.7,1,1,0.778349044144861,0.797760129302806,"middle"
174,5,-0.9393744337945,0.4393744337945,0.678666379869107,0.54951175341495,0.808122571509221,0.7,1,1,0.803851151432876,0.80349005463742,"middle"
174,6,-0.170142890671658,0.329857109328342,0.678666379869107,0.54951175341495,0.808122571509221,0.7,1,1,0.744056381506543,0.695176377281901,"middle"
174,7,-0.447229787425967,0.0527702125740328,0.678666379869107,0.54951175341495,0.808122571509221,0.7,1,1,0.75248792939156,0.741141623385889,"near mean"
174,8,-0.0212048329241553,0.478795167075845,0.678666379869107,0.54951175341495,0.808122571509221,0.7,1,1,0.764478319355512,0.736871256600766,"middle"
174,9,-1.06375182144368,0.563751821443681,0.678666379869107,0.54951175341495,0.808122571509221,0.7,1,1,0.792438184938786,0.794989595255085,"middle"
174,10,-0.198409101541152,0.301590898458848,0.678666379869107,0.54951175341495,0.808122571509221,0.7,1,1,0.731031621068517,0.752511238784436,"near mean"
174,11,-0.0645769893272485,0.435423010672751,0.678666379869107,0.54951175341495,0.808122571509221,0.7,1,1,0.716687373650396,0.701424719195889,"middle"
174,12,0.0692803180386475,0.569280318038648,0.678666379869107,0.54951175341495,0.808122571509221,0.7,1,1,0.749293572668159,0.829299123277281,"middle"
175,1,-0.017824685148886,0.482175314851114,0.629253983640204,0.50145849812487,0.757310272358853,0.7,1,1,0.79210199572709,0.763638035709141,"middle"
175,2,0.60826284345221,1.10826284345221,0.629253983640204,0.50145849812487,0.757310272358853,0.7,0,0,0.76634402214299,0.746817843306316,"far from mean"
175,3,-0.414601056861711,0.0853989431382891,0.629253983640204,0.50145849812487,0.757310272358853,0.7,1,1,0.771393753739508,0.805003286590954,"near mean"
175,4,0.0483490479255024,0.548349047925502,0.629253983640204,0.50145849812487,0.757310272358853,0.7,1,1,0.784571102944575,0.79042143087121,"middle"
175,5,-0.368907119746396,0.131092880253604,0.629253983640204,0.50145849812487,0.757310272358853,0.7,1,1,0.768183853012006,0.785170923817046,"near mean"
175,6,-1.0664985888506,0.566498588850604,0.629253983640204,0.50145849812487,0.757310272358853,0.7,1,1,0.808044314100294,0.81642402125116,"middle"
175,7,-1.79223400747306,1.29223400747306,0.629253983640204,0.50145849812487,0.757310272358853,0.7,1,1,0.886168525753402,0.883032774944981,"far from mean"
175,8,1.18200656677274,1.68200656677274,0.629253983640204,0.50145849812487,0.757310272358853,0.7,1,1,0.831880155934446,0.798140514139737,"far from mean"
175,9,-2.12651126581631,1.62651126581631,0.629253983640204,0.50145849812487,0.757310272358853,0.7,1,0,0.910123396062144,0.944350543791686,"far from mean"
175,10,-0.761453221955939,0.261453221955939,0.629253983640204,0.50145849812487,0.757310272358853,0.7,1,1,0.827209017377938,0.882073255108046,"near mean"
175,11,-0.575600088180893,0.0756000881808933,0.629253983640204,0.50145849812487,0.757310272358853,0.7,1,1,0.786328200369732,0.725896193085379,"near mean"
175,12,-0.714988424116656,0.214988424116656,0.629253983640204,0.50145849812487,0.757310272358853,0.7,1,1,0.810593524711154,0.799480679310293,"near mean"
176,1,-0.0380870816518371,0.461912918348163,0.652141155325117,0.52665199417761,0.777817178704515,0.7,1,1,0.764859749249595,0.778479062084059,"middle"
176,2,-1.23101001077492,0.73101001077492,0.652141155325117,0.52665199417761,0.777817178704515,0.7,1,1,0.878593220318711,0.912399937660327,"middle"
176,3,-0.522744667811421,0.0227446678114211,0.652141155325117,0.52665199417761,0.777817178704515,0.7,1,1,0.765343008350884,0.769872716974737,"near mean"
176,4,-0.31641894807963,0.18358105192037,0.652141155325117,0.52665199417761,0.777817178704515,0.7,1,1,0.760325045643312,0.751738338741375,"near mean"
176,5,-1.19657794983905,0.696577949839049,0.652141155325117,0.52665199417761,0.777817178704515,0.7,1,1,0.776388134494475,0.71893466703027,"middle"
176,6,0.707224953535871,1.20722495353587,0.652141155325117,0.52665199417761,0.777817178704515,0.7,1,1,0.783606392922441,0.79285020876343,"far from mean"
176,7,-0.323955230643828,0.176044769356172,0.652141155325117,0.52665199417761,0.777817178704515,0.7,1,1,0.726680555467502,0.690205465826379,"near mean"
176,8,0.242647300643693,0.742647300643693,0.652141155325117,0.52665199417761,0.777817178704515,0.7,1,1,0.77583019676803,0.770777655053336,"middle"
176,9,-0.984070731953265,0.484070731953265,0.652141155325117,0.52665199417761,0.777817178704515,0.7,1,1,0.784078414974725,0.77236639554294,"middle"
176,10,-0.557661946093289,0.0576619460932893,0.652141155325117,0.52665199417761,0.777817178704515,0.7,1,1,0.785490690074236,0.824817302090652,"near mean"
176,11,-0.0676229072905659,0.432377092709434,0.652141155325117,0.52665199417761,0.777817178704515,0.7,1,1,0.726846570667864,0.684988974509603,"middle"
176,12,-1.71172278004176,1.21172278004176,0.652141155325117,0.52665199417761,0.777817178704515,0.7,1,1,0.854648927114925,0.833383709284905,"far from mean"
177,1,0.56253775332485,1.06253775332485,0.658815198102231,0.520925292533408,0.797136433024657,0.7,1,1,0.830591744455396,0.766225389457341,"far from mean"
177,2,-2.03766475701006,1.53766475701006,0.658815198102231,0.520925292533408,0.797136433024657,0.7,1,1,0.938165953640567,0.96192801381882,"far from mean"
177,3,-0.593496517083853,0.0934965170838528,0.658815198102231,0.520925292533408,0.797136433024657,0.7,1,1,0.846714551642286,0.838424095248903,"near mean"
177,4,1.04850543792437,1.54850543792437,0.658815198102231,0.520925292533408,0.797136433024657,0.7,0,1,0.843975960725593,0.843103700167812,"far from mean"
177,5,-1.37890234662196,0.878902346621961,0.658815198102231,0.520925292533408,0.797136433024657,0.7,1,1,0.862798921591355,0.930392420734836,"far from mean"
177,6,-1.22814064252961,0.728140642529606,0.658815198102231,0.520925292533408,0.797136433024657,0.7,1,1,0.849941547608157,0.849136707308463,"middle"
177,7,-1.32703441436942,0.827034414369423,0.658815198102231,0.520925292533408,0.797136433024657,0.7,1,1,0.932219421672719,0.972319072434675,"far from mean"
177,8,-0.106370401509299,0.393629598490701,0.658815198102231,0.520925292533408,0.797136433024657,0.7,1,1,0.801552980956676,0.742302972081718,"middle"
177,9,-0.736273853636344,0.236273853636344,0.658815198102231,0.520925292533408,0.797136433024657,0.7,1,1,0.837832922217228,0.855599313905141,"near mean"
177,10,0.497520774230973,0.997520774230973,0.658815198102231,0.520925292533408,0.797136433024657,0.7,1,1,0.819949434527691,0.778682702077681,"far from mean"
177,11,-1.12405026109827,0.624050261098274,0.658815198102231,0.520925292533408,0.797136433024657,0.7,1,1,0.869387548631147,0.833798755056949,"middle"
177,12,0.423369228378628,0.923369228378628,0.658815198102231,0.520925292533408,0.797136433024657,0.7,1,1,0.847423953299383,0.879236814997288,"far from mean"
178,1,-0.297804948570164,0.202195051429836,0.696002070659416,0.559097275722489,0.833196989350738,0.7,1,1,0.791137459458387,0.797698112928264,"near mean"
178,2,0.247469365167171,0.747469365167171,0.696002070659416,0.559097275722489,0.833196989350738,0.7,1,1,0.792371397250052,0.839286426302988,"middle"
178,3,-1.46835042646214,0.968350426462138,0.696002070659416,0.559097275722489,0.833196989350738,0.7,1,1,0.947894613595128,1.03455270002455,"far from mean"
178,4,0.244833140952401,0.744833140952401,0.696002070659416,0.559097275722489,0.833196989350738,0.7,1,1,0.837728599203796,0.811215128252904,"middle"
178,5,0.6957928215933,1.1957928215933,0.696002070659416,0.559097275722489,0.833196989350738,0.7,1,1,0.824863195690592,0.898132972253052,"far from mean"
178,6,-1.33037372163734,0.830373721637344,0.696002070659416,0.559097275722489,0.833196989350738,0.7,1,1,0.801221424810485,0.785023741334357,"far from mean"
178,7,-0.991380272199925,0.491380272199925,0.696002070659416,0.559097275722489,0.833196989350738,0.7,1,1,0.861006235854639,0.85648496673763,"middle"
178,8,-0.955614059217157,0.455614059217157,0.696002070659416,0.559097275722489,0.833196989350738,0.7,1,1,0.791402111085072,0.816468692961279,"middle"
178,9,0.37573063970764,0.87573063970764,0.696002070659416,0.559097275722489,0.833196989350738,0.7,1,1,0.80670904841515,0.797839960791084,"far from mean"
178,10,-0.243073246272357,0.256926753727643,0.696002070659416,0.559097275722489,0.833196989350738,0.7,1,1,0.841790002313381,0.7786737007926,"near mean"
178,11,-1.85601278675882,1.35601278675882,0.696002070659416,0.559097275722489,0.833196989350738,0.7,1,0,0.865434787191745,0.821721438093602,"far from mean"
178,12,-0.421216506302612,0.0787834936973881,0.696002070659416,0.559097275722489,0.833196989350738,0.7,1,1,0.821784206336277,0.814844268432523,"near mean"
179,1,0.605548270438719,1.10554827043872,0.652704800488249,0.524437139812714,0.781167827342479,0.7,0,0,0.787280554756892,0.789351348228762,"far from mean"
179,2,-1.90870290750888,1.40870290750888,0.652704800488249,0.524437139812714,0.781167827342479,0.7,1,1,0.987975367846271,1.02639871527365,"far from mean"
179,3,0.975107918156834,1.47510791815683,0.652704800488249,0.524437139812714,0.781167827342479,0.7,1,1,0.82488277632458,0.821555197618535,"far from mean"
179,4,-1.01363573196336,0.51363573196336,0.652704800488249,0.524437139812714,0.781167827342479,0.7,1,1,0.813031159912881,0.831439945068235,"middle"
179,5,-0.00499195708788036,0.49500804291212,0.652704800488249,0.524437139812714,0.781167827342479,0.7,1,1,0.778441803837162,0.774111008972306,"middle"
179,6,-0.425925923984681,0.0740740760153187,0.652704800488249,0.524437139812714,0.781167827342479,0.7,1,1,0.794263211886896,0.774889837163127,"near mean"
179,7,-1.70914416862192,1.20914416862192,0.652704800488249,0.524437139812714,0.781167827342479,0.7,1,1,0.846567354930616,0.87146839976454,"far from mean"
179,8,-0.891454747639135,0.391454747639135,0.652704800488249,0.524437139812714,0.781167827342479,0.7,1,1,0.799658433943182,0.76491622941855,"middle"
179,9,-0.876275362064826,0.376275362064826,0.652704800488249,0.524437139812714,0.781167827342479,0.7,1,1,0.789113230718048,0.764121292991354,"middle"
179,10,0.0307826529305374,0.530782652930537,0.652704800488249,0.524437139812714,0.781167827342479,0.7,0,0,0.793153976135631,0.785040301401171,"middle"
179,11,-0.162019528638083,0.337980471361917,0.652704800488249,0.524437139812714,0.781167827342479,0.7,1,1,0.777001570469548,0.743298973080687,"middle"
179,12,-0.619288514017331,0.119288514017331,0.652704800488249,0.524437139812714,0.781167827342479,0.7,1,1,0.794475185365898,0.77651160821131,"near mean"
180,1,-0.734268005251035,0.234268005251035,0.76218369392941,0.622633190393357,0.902239624499355,0.7,1,0,0.806974054839421,0.735314112848671,"near mean"
180,2,0.390844960145174,0.890844960145174,0.76218369392941,0.622633190393357,0.902239624499355,0.7,1,1,0.813732472598076,0.806953082058992,"far from mean"
180,3,-1.61982093254287,1.11982093254287,0.76218369392941,0.622633190393357,0.902239624499355,0.7,1,1,0.883312345255704,0.823614160316096,"far from mean"
180,4,0.432043533986885,0.932043533986885,0.76218369392941,0.622633190393357,0.902239624499355,0.7,1,1,0.820010330681986,0.886904852866443,"far from mean"
180,5,0.638526682803618,1.13852668280362,0.76218369392941,0.622633190393357,0.902239624499355,0.7,1,1,0.824498567581056,0.818545837587257,"far from mean"
180,6,-0.883763830207512,0.383763830207512,0.76218369392941,0.622633190393357,0.902239624499355,0.7,1,1,0.938146820829098,0.98018594608826,"middle"
180,7,-1.33834799409737,0.838347994097371,0.76218369392941,0.622633190393357,0.902239624499355,0.7,1,1,0.881745103066136,0.891556776938958,"far from mean"
180,8,-1.39498115186632,0.894981151866318,0.76218369392941,0.622633190393357,0.902239624499355,0.7,1,1,0.912159384870304,0.98046844881133,"far from mean"
180,9,-1.10607442893005,0.606074428930046,0.76218369392941,0.622633190393357,0.902239624499355,0.7,1,1,0.814522506408672,0.821895634724625,"middle"
180,10,-0.530073979696272,0.0300739796962718,0.76218369392941,0.622633190393357,0.902239624499355,0.7,1,1,0.812205125232798,0.825555513215838,"near mean"
180,11,-0.178054692331972,0.321945307668028,0.76218369392941,0.622633190393357,0.902239624499355,0.7,1,1,0.818693505636518,0.782208389737654,"near mean"
180,12,0.323969837987723,0.823969837987723,0.76218369392941,0.622633190393357,0.902239624499355,0.7,1,1,0.808317486336571,0.804777049580629,"far from mean"
181,1,-0.162664101160666,0.337335898839334,0.597192566905314,0.459369016207616,0.735196067495363,0.7,1,1,0.814425347612921,0.816437530186957,"middle"
181,2,-1.92586980366573,1.42586980366573,0.597192566905314,0.459369016207616,0.735196067495363,0.7,1,1,0.998283509459482,1.00541842409602,"far from mean"
181,3,-1.90654070918729,1.40654070918729,0.597192566905314,0.459369016207616,0.735196067495363,0.7,1,1,0.975732387291816,0.994916729218394,"far from mean"
181,4,-0.79874934099238,0.298749340992381,0.597192566905314,0.459369016207616,0.735196067495363,0.7,1,1,0.840777239179129,0.79995546216336,"near mean"
181,5,-0.873476197579014,0.373476197579014,0.597192566905314,0.459369016207616,0.735196067495363,0.7,1,1,0.796703253612717,0.736361110176735,"middle"
181,6,0.0653300516631564,0.565330051663156,0.597192566905314,0.459369016207616,0.735196067495363,0.7,1,1,0.802444420070607,0.759493743347401,"middle"
181,7,0.390062004636551,0.890062004636551,0.597192566905314,0.459369016207616,0.735196067495363,0.7,1,1,0.814559146053033,0.817138526026804,"far from mean"
181,8,-0.828421278237089,0.328421278237089,0.597192566905314,0.459369016207616,0.735196067495363,0.7,1,1,0.810713917606349,0.844271855869121,"middle"
181,9,-0.276431320565988,0.223568679434012,0.597192566905314,0.459369016207616,0.735196067495363,0.7,1,1,0.809045973867996,0.826254083943907,"near mean"
181,10,2.10042682712528,2.60042682712528,0.597192566905314,0.459369016207616,0.735196067495363,0.7,0,0,0.886284759774508,0.89678901818748,"far from mean"
181,11,-1.33803657030619,0.838036570306193,0.597192566905314,0.459369016207616,0.735196067495363,0.7,1,1,0.888221742216908,0.88405666235204,"far from mean"
181,12,-0.445629561730634,0.0543704382693663,0.597192566905314,0.459369016207616,0.735196067495363,0.7,1,1,0.799389090695162,0.724113290941412,"near mean"
182,1,0.823062059974161,1.32306205997416,0.631304261891138,0.49358043657743,0.769503252911219,0.7,1,1,0.870378545401616,0.849897193589085,"far from mean"
182,2,-1.56276843163055,1.06276843163055,0.631304261891138,0.49358043657743,0.769503252911219,0.7,1,1,0.932544012840775,0.935436022667403,"far from mean"
182,3,-0.375286202191779,0.124713797808221,0.631304261891138,0.49358043657743,0.769503252911219,0.7,1,1,0.830475658573907,0.804708450186391,"near mean"
182,4,-2.3314301480228,1.8314301480228,0.631304261891138,0.49358043657743,0.769503252911219,0.7,1,1,1.31549042754371,1.32265522592764,"far from mean"
182,5,-0.565831349820158,0.0658313498201576,0.631304261891138,0.49358043657743,0.769503252911219,0.7,1,1,0.859008148999344,0.866088718874076,"near mean"
182,6,0.744785552509502,1.2447855525095,0.631304261891138,0.49358043657743,0.769503252911219,0.7,1,1,0.87928971963126,0.872783083069387,"far from mean"
182,7,-0.598256081191517,0.0982560811915165,0.631304261891138,0.49358043657743,0.769503252911219,0.7,1,1,0.816969274156037,0.804347156380717,"near mean"
182,8,-0.196155611317803,0.303844388682197,0.631304261891138,0.49358043657743,0.769503252911219,0.7,1,1,0.877407129388522,0.901268834975577,"near mean"
182,9,-0.548111004327996,0.0481110043279964,0.631304261891138,0.49358043657743,0.769503252911219,0.7,1,1,0.830281882059798,0.805032673884013,"near mean"
182,10,-0.692987053381115,0.192987053381115,0.631304261891138,0.49358043657743,0.769503252911219,0.7,1,1,0.82713614623609,0.873798996283601,"near mean"
182,11,-0.337507004651395,0.162492995348605,0.631304261891138,0.49358043657743,0.769503252911219,0.7,1,1,0.815844126592734,0.763753565787223,"near mean"
182,12,-0.359514725948553,0.140485274051447,0.631304261891138,0.49358043657743,0.769503252911219,0.7,1,1,0.826658882264207,0.80923889461932,"near mean"
183,1,-1.67931527550371,1.17931527550371,0.624908269619373,0.495779349188435,0.75431681291353,0.7,1,1,0.873226761948784,0.901471495958437,"far from mean"
183,2,-0.11448378841554,0.38551621158446,0.624908269619373,0.495779349188435,0.75431681291353,0.7,1,1,0.800106327408937,0.786936473598376,"middle"
183,3,0.570639162748836,1.07063916274884,0.624908269619373,0.495779349188435,0.75431681291353,0.7,1,1,0.816063412702578,0.817927843648855,"far from mean"
183,4,-0.526052008588989,0.0260520085889894,0.624908269619373,0.495779349188435,0.75431681291353,0.7,0,0,0.783861951237007,0.785911125320567,"near mean"
183,5,-0.413304762616025,0.0866952373839746,0.624908269619373,0.495779349188435,0.75431681291353,0.7,1,1,0.795560798342151,0.755791046196988,"near mean"
183,6,-0.776897829655219,0.276897829655219,0.624908269619373,0.495779349188435,0.75431681291353,0.7,1,1,0.800576470583349,0.802283352921148,"near mean"
183,7,-0.160447326022635,0.339552673977365,0.624908269619373,0.495779349188435,0.75431681291353,0.7,1,1,0.792662567041187,0.807652265808391,"middle"
183,8,-0.517204870478477,0.0172048704784767,0.624908269619373,0.495779349188435,0.75431681291353,0.7,1,1,0.786999019605835,0.814097770189792,"near mean"
183,9,-1.2874946144362,0.787494614436203,0.624908269619373,0.495779349188435,0.75431681291353,0.7,1,1,0.858802754004319,0.815925189247872,"far from mean"
183,10,-0.955985042522493,0.455985042522492,0.624908269619373,0.495779349188435,0.75431681291353,0.7,1,1,0.85335976473108,0.839154239117263,"middle"
183,11,0.142518065216522,0.642518065216522,0.624908269619373,0.495779349188435,0.75431681291353,0.7,1,1,0.788427399752065,0.825749017180498,"middle"
183,12,-0.281971709726069,0.218028290273931,0.624908269619373,0.495779349188435,0.75431681291353,0.7,1,1,0.792462491317984,0.803462940937257,"near mean"
184,1,-1.81043774693253,1.31043774693253,0.653991943867813,0.523857954270916,0.784353187043165,0.7,1,1,0.980965859522763,0.942286748568522,"far from mean"
184,2,0.70842257363311,1.20842257363311,0.653991943867813,0.523857954270916,0.784353187043165,0.7,1,1,0.829294830906215,0.768360372233716,"far from mean"
184,3,-0.529028188454052,0.0290281884540519,0.653991943867813,0.523857954270916,0.784353187043165,0.7,1,1,0.783678912884264,0.799389983122127,"near mean"
184,4,-0.459277375308148,0.0407226246918516,0.653991943867813,0.523857954270916,0.784353187043165,0.7,1,1,0.833272279493294,0.850516487815107,"near mean"
184,5,-2.09779184835429,1.59779184835429,0.653991943867813,0.523857954270916,0.784353187043165,0.7,0,0,0.909056294080977,0.86876871704756,"far from mean"
184,6,0.741902373949731,1.24190237394973,0.653991943867813,0.523857954270916,0.784353187043165,0.7,1,1,0.833490643555305,0.868045352692325,"far from mean"
184,7,-0.798296754253226,0.298296754253226,0.653991943867813,0.523857954270916,0.784353187043165,0.7,1,1,0.847402378825742,0.813405256085063,"near mean"
184,8,0.138391365480444,0.638391365480444,0.653991943867813,0.523857954270916,0.784353187043165,0.7,1,1,0.810495567116199,0.755891393621417,"middle"
184,9,-0.544050451265265,0.0440504512652653,0.653991943867813,0.523857954270916,0.784353187043165,0.7,1,1,0.776324660320682,0.778882267079342,"near mean"
184,10,-0.0546005795079039,0.445399420492096,0.653991943867813,0.523857954270916,0.784353187043165,0.7,1,1,0.802839168825467,0.793659406558139,"middle"
184,11,0.353080418596821,0.853080418596821,0.653991943867813,0.523857954270916,0.784353187043165,0.7,1,1,0.797888736379171,0.729593611440206,"far from mean"
184,12,-1.64831378758469,1.14831378758469,0.653991943867813,0.523857954270916,0.784353187043165,0.7,1,1,0.944415407309775,0.956848241608257,"far from mean"
185,1,-0.606546094036008,0.106546094036008,0.603460735828111,0.474230216281447,0.733005328775472,0.7,1,1,0.77060478257431,0.748608479436408,"near mean"
185,2,-2.44212638466451,1.94212638466451,0.603460735828111,0.474230216281447,0.733005328775472,0.7,1,1,1.21823465889946,1.18516327113402,"far from mean"
185,3,0.190762882068145,0.690762882068145,0.603460735828111,0.474230216281447,0.733005328775472,0.7,0,0,0.765225753591807,0.779885007372969,"middle"
185,4,0.828942010006335,1.32894201000633,0.603460735828111,0.474230216281447,0.733005328775472,0.7,0,0,0.787694218855268,0.76133481445927,"far from mean"
185,5,-0.636357996032874,0.136357996032874,0.603460735828111,0.474230216281447,0.733005328775472,0.7,1,1,0.776926592194453,0.720090557474543,"near mean"
185,6,-0.425853050624162,0.0741469493758378,0.603460735828111,0.474230216281447,0.733005328775472,0.7,1,1,0.784085690191842,0.740138299548635,"near mean"
185,7,-1.98315945885538,1.48315945885538,0.603460735828111,0.474230216281447,0.733005328775472,0.7,1,1,0.908224276919473,0.829399175191557,"far from mean"
185,8,-0.536187756667724,0.0361877566677242,0.603460735828111,0.474230216281447,0.733005328775472,0.7,1,1,0.797462502719476,0.814212656274943,"near mean"
185,9,-0.765703985627401,0.265703985627401,0.603460735828111,0.474230216281447,0.733005328775472,0.7,1,1,0.823561438676776,0.846117669454711,"near mean"
185,10,-0.869968392226838,0.369968392226838,0.603460735828111,0.474230216281447,0.733005328775472,0.7,0,0,0.767042385574769,0.712748400267489,"middle"
185,11,0.946253576758132,1.44625357675813,0.603460735828111,0.474230216281447,0.733005328775472,0.7,1,1,0.803680438119317,0.739873607429832,"far from mean"
185,12,0.29994464990228,0.79994464990228,0.603460735828111,0.474230216281447,0.733005328775472,0.7,0,0,0.769405469877086,0.763364501600925,"far from mean"
186,1,-1.53610252688093,1.03610252688093,0.669308943132304,0.541515822596304,0.797458440674153,0.7,1,1,0.860043489509176,0.885090577317103,"far from mean"
186,2,-0.852796470555808,0.352796470555807,0.669308943132304,0.541515822596304,0.797458440674153,0.7,1,1,0.718214916627505,0.717164664996448,"middle"
186,3,0.028892267254615,0.528892267254615,0.669308943132304,0.541515822596304,0.797458440674153,0.7,1,0,0.717238961967807,0.626071367662841,"middle"
186,4,-0.869910887363255,0.369910887363255,0.669308943132304,0.541515822596304,0.797458440674153,0.7,1,1,0.813501550837977,0.859828844415968,"middle"
186,5,-0.604806879796483,0.104806879796483,0.669308943132304,0.541515822596304,0.797458440674153,0.7,1,1,0.766936670754285,0.698524597846494,"near mean"
186,6,-0.632481544567225,0.132481544567225,0.669308943132304,0.541515822596304,0.797458440674153,0.7,1,1,0.782788209810657,0.810802219189457,"near mean"
186,7,-0.85141349451765,0.35141349451765,0.669308943132304,0.541515822596304,0.797458440674153,0.7,1,1,0.767563218062123,0.73247144568728,"middle"
186,8,0.164322349079014,0.664322349079014,0.669308943132304,0.541515822596304,0.797458440674153,0.7,1,1,0.733603268610186,0.686459009311789,"middle"
186,9,-0.831058783142401,0.331058783142401,0.669308943132304,0.541515822596304,0.797458440674153,0.7,1,1,0.761705878482227,0.765386374485409,"middle"
186,10,0.028604091264081,0.528604091264081,0.669308943132304,0.541515822596304,0.797458440674153,0.7,1,1,0.712235077587015,0.660010380140143,"middle"
186,11,0.432851198138033,0.932851198138033,0.669308943132304,0.541515822596304,0.797458440674153,0.7,0,0,0.733262006687625,0.717171686900573,"far from mean"
186,12,-0.47609931891199,0.0239006810880102,0.669308943132304,0.541515822596304,0.797458440674153,0.7,1,1,0.704883463603233,0.657085589752865,"near mean"
187,1,-0.248295444623979,0.251704555376021,0.604236753072407,0.46958323676736,0.739122030544539,0.7,0,1,0.801131849989668,0.79536821602009,"near mean"
187,2,0.153243308826317,0.653243308826317,0.604236753072407,0.46958323676736,0.739122030544539,0.7,1,1,0.782035406672501,0.803066748465025,"middle"
187,3,-0.914147540134554,0.414147540134554,0.604236753072407,0.46958323676736,0.739122030544539,0.7,1,1,0.785754088950425,0.789709667276527,"middle"
187,4,0.0768729209241744,0.576872920924174,0.604236753072407,0.46958323676736,0.739122030544539,0.7,1,1,0.795334417944863,0.818038231752475,"middle"
187,5,-1.13295592168983,0.632955921689835,0.604236753072407,0.46958323676736,0.739122030544539,0.7,1,1,0.834524187189515,0.830386831690836,"middle"
187,6,0.120086814344185,0.620086814344185,0.604236753072407,0.46958323676736,0.739122030544539,0.7,1,1,0.778323320524894,0.756185120507854,"middle"
187,7,0.0690897457964458,0.569089745796446,0.604236753072407,0.46958323676736,0.739122030544539,0.7,1,1,0.800041438153481,0.782579298484115,"middle"
187,8,-0.22429133913048,0.27570866086952,0.604236753072407,0.46958323676736,0.739122030544539,0.7,1,1,0.809957185896478,0.801641901178206,"near mean"
187,9,0.244452511174435,0.744452511174435,0.604236753072407,0.46958323676736,0.739122030544539,0.7,1,1,0.782713017836238,0.746351896294472,"middle"
187,10,-0.257807202794735,0.242192797205265,0.604236753072407,0.46958323676736,0.739122030544539,0.7,1,1,0.783272453966171,0.780532230140362,"near mean"
187,11,-1.74445976378051,1.24445976378051,0.604236753072407,0.46958323676736,0.739122030544539,0.7,0,0,0.863258419862679,0.886851811996364,"far from mean"
187,12,-2.14178808891146,1.64178808891146,0.604236753072407,0.46958323676736,0.739122030544539,0.7,1,1,1.00353323563704,1.10846929152468,"far from mean"
188,1,0.20671365258059,0.70671365258059,0.698736265290372,0.566867781321378,0.830816898133969,0.7,0,0,0.7825223863429,0.749594976183349,"middle"
188,2,0.534118766881266,1.03411876688127,0.698736265290372,0.566867781321378,0.830816898133969,0.7,1,1,0.796233549383155,0.815361212920852,"far from mean"
188,3,-1.18995743022082,0.689957430220817,0.698736265290372,0.566867781321378,0.830816898133969,0.7,1,1,0.848285932262766,0.907922375396767,"middle"
188,4,-0.672362171105215,0.172362171105215,0.698736265290372,0.566867781321378,0.830816898133969,0.7,1,1,0.845112512162677,0.825848605337256,"near mean"
188,5,0.892435035418959,1.39243503541896,0.698736265290372,0.566867781321378,0.830816898133969,0.7,0,0,0.802904393908988,0.845100516934028,"far from mean"
188,6,-1.36295020928813,0.862950209288129,0.698736265290372,0.566867781321378,0.830816898133969,0.7,1,1,0.834297937146453,0.806021281564101,"far from mean"
188,7,-0.709817951404521,0.209817951404521,0.698736265290372,0.566867781321378,0.830816898133969,0.7,1,1,0.801446887103672,0.775852475638883,"near mean"
188,8,-1.31191111971483,0.811911119714828,0.698736265290372,0.566867781321378,0.830816898133969,0.7,0,0,0.790408600713964,0.780942814043785,"far from mean"
188,9,-0.420990229417419,0.0790097705825813,0.698736265290372,0.566867781321378,0.830816898133969,0.7,1,1,0.76024357033524,0.721153527863118,"near mean"
188,10,0.518800966587462,1.01880096658746,0.698736265290372,0.566867781321378,0.830816898133969,0.7,1,1,0.786700477100215,0.786492050909968,"far from mean"
188,11,-2.12764071516462,1.62764071516461,0.698736265290372,0.566867781321378,0.830816898133969,0.7,1,1,0.9376471532049,0.955859177245673,"far from mean"
188,12,-0.356438595152733,0.143561404847267,0.698736265290372,0.566867781321378,0.830816898133969,0.7,1,1,0.766748868353599,0.751628511604804,"near mean"
189,1,-0.580673226133899,0.0806732261338992,0.557608100297929,0.421188475290135,0.69431487121546,0.7,1,1,0.790292564686753,0.787312949563071,"near mean"
189,2,-0.269175303177899,0.230824696822101,0.557608100297929,0.421188475290135,0.69431487121546,0.7,0,0,0.777059315515066,0.684820815804853,"near mean"
189,3,-0.206005319971026,0.293994680028974,0.557608100297929,0.421188475290135,0.69431487121546,0.7,1,1,0.734289941109841,0.665572759967477,"near mean"
189,4,0.186594103432961,0.686594103432961,0.557608100297929,0.421188475290135,0.69431487121546,0.7,1,1,0.742552519866828,0.754135573155576,"middle"
189,5,-0.224098916453562,0.275901083546438,0.557608100297929,0.421188475290135,0.69431487121546,0.7,1,1,0.773426106454871,0.736266272050835,"near mean"
189,6,-1.06024791974554,0.560247919745535,0.557608100297929,0.421188475290135,0.69431487121546,0.7,1,1,0.778991078799533,0.766479035826609,"middle"
189,7,-1.24752894067104,0.747528940671035,0.557608100297929,0.421188475290135,0.69431487121546,0.7,1,1,0.902902668080187,0.86582860666407,"middle"
189,8,-0.95474255560115,0.45474255560115,0.557608100297929,0.421188475290135,0.69431487121546,0.7,1,1,0.850876491934681,0.889577042709624,"middle"
189,9,-1.23116566562206,0.731165665622061,0.557608100297929,0.421188475290135,0.69431487121546,0.7,1,1,0.787472823146692,0.759083312779186,"middle"
189,10,-0.754040160229769,0.254040160229769,0.557608100297929,0.421188475290135,0.69431487121546,0.7,1,1,0.776524134118366,0.771862708274296,"near mean"
189,11,-0.825848559878601,0.325848559878601,0.557608100297929,0.421188475290135,0.69431487121546,0.7,1,1,0.806540573106026,0.755522030791931,"middle"
189,12,1.16693246405158,1.66693246405158,0.557608100297929,0.421188475290135,0.69431487121546,0.7,0,0,0.803523178264791,0.805799100610728,"far from mean"
190,1,0.667042702830533,1.16704270283053,0.698400114457762,0.562807938868962,0.834342289066884,0.7,1,1,0.800826953221899,0.80466228304975,"far from mean"
190,2,-1.28143643922478,0.781436439224779,0.698400114457762,0.562807938868962,0.834342289066884,0.7,1,1,0.833602775273223,0.829737329278567,"far from mean"
190,3,-0.601679537131955,0.101679537131955,0.698400114457762,0.562807938868962,0.834342289066884,0.7,1,1,0.764175755841681,0.750526740524794,"near mean"
190,4,-0.0145474207322652,0.485452579267735,0.698400114457762,0.562807938868962,0.834342289066884,0.7,1,1,0.824101089273569,0.850694951234952,"middle"
190,5,0.328518012061226,0.828518012061226,0.698400114457762,0.562807938868962,0.834342289066884,0.7,1,1,0.781215855648772,0.805692857595275,"far from mean"
190,6,-1.53113019568237,1.03113019568237,0.698400114457762,0.562807938868962,0.834342289066884,0.7,1,1,0.907814609717302,0.844323879999386,"far from mean"
190,7,-0.698671880179594,0.198671880179594,0.698400114457762,0.562807938868962,0.834342289066884,0.7,1,1,0.825478669377884,0.820677635610465,"near mean"
190,8,-0.172877624365969,0.327122375634031,0.698400114457762,0.562807938868962,0.834342289066884,0.7,1,1,0.80920611717386,0.802962862936328,"middle"
190,9,-0.0991244313737797,0.40087556862622,0.698400114457762,0.562807938868962,0.834342289066884,0.7,1,1,0.757963509926265,0.748717916488456,"middle"
190,10,-0.975520193828873,0.475520193828873,0.698400114457762,0.562807938868962,0.834342289066884,0.7,1,1,0.793601549536719,0.818629301829989,"middle"
190,11,-1.22193180293853,0.721931802938531,0.698400114457762,0.562807938868962,0.834342289066884,0.7,1,1,0.901287971582764,0.968810301013541,"middle"
190,12,-0.398641189433638,0.101358810566362,0.698400114457762,0.562807938868962,0.834342289066884,0.7,1,1,0.803114770234759,0.806020104183881,"near mean"
191,1,-0.537010119410562,0.0370101194105616,0.68216812483616,0.549446229557953,0.815164884860183,0.7,1,1,0.768735178010145,0.774319259717089,"near mean"
191,2,-0.109149432120917,0.390850567879083,0.68216812483616,0.549446229557953,0.815164884860183,0.7,1,1,0.769564202224935,0.762032392875468,"middle"
191,3,0.305518485275781,0.805518485275781,0.68216812483616,0.549446229557953,0.815164884860183,0.7,1,1,0.773457890404113,0.770944944859101,"far from mean"
191,4,-0.568874807200255,0.0688748072002545,0.68216812483616,0.549446229557953,0.815164884860183,0.7,1,1,0.767759347419085,0.771455075512705,"near mean"
191,5,-1.22264919284225,0.72264919284225,0.68216812483616,0.549446229557953,0.815164884860183,0.7,1,1,0.794353315807299,0.798348263817786,"middle"
191,6,-0.43645041982275,0.0635495801772496,0.68216812483616,0.549446229557953,0.815164884860183,0.7,1,1,0.769786366450956,0.772126016413635,"near mean"
191,7,-1.12501598014962,0.625015980149618,0.68216812483616,0.549446229557953,0.815164884860183,0.7,1,1,0.771720409117097,0.750792465938146,"middle"
191,8,-0.923793866767985,0.423793866767985,0.68216812483616,0.549446229557953,0.815164884860183,0.7,1,1,0.778428332592524,0.802433252052292,"middle"
191,9,0.701979014304442,1.20197901430444,0.68216812483616,0.549446229557953,0.815164884860183,0.7,1,1,0.809086062383679,0.77364969758763,"far from mean"
191,10,-0.445561907568197,0.0544380924318029,0.68216812483616,0.549446229557953,0.815164884860183,0.7,1,1,0.779139349896592,0.739490162344629,"near mean"
191,11,-1.02835459124687,0.528354591246874,0.68216812483616,0.549446229557953,0.815164884860183,0.7,1,1,0.786656937909676,0.83042061069314,"middle"
191,12,-0.610637182450815,0.110637182450815,0.68216812483616,0.549446229557953,0.815164884860183,0.7,1,1,0.77915795859686,0.772826173486709,"near mean"
192,1,0.204270873876467,0.704270873876467,0.714164899528108,0.576038053266675,0.852556954129953,0.7,1,1,0.813822724752327,0.766265460177006,"middle"
192,2,-1.09527433778709,0.595274337787089,0.714164899528108,0.576038053266675,0.852556954129953,0.7,1,1,0.904594515048826,0.85585016943558,"middle"
192,3,-0.199462119719484,0.300537880280516,0.714164899528108,0.576038053266675,0.852556954129953,0.7,1,1,0.835357515871499,0.827580913717917,"near mean"
192,4,0.188418965511182,0.688418965511182,0.714164899528108,0.576038053266675,0.852556954129953,0.7,1,1,0.829735928517498,0.85872568979831,"middle"
192,5,-2.19955600563066,1.69955600563066,0.714164899528108,0.576038053266675,0.852556954129953,0.7,1,1,1.01984998226581,1.1178932154554,"far from mean"
192,6,-0.889355015376878,0.389355015376878,0.714164899528108,0.576038053266675,0.852556954129953,0.7,1,1,0.855003538687201,0.831089528010507,"middle"
192,7,-0.671209571311132,0.171209571311132,0.714164899528108,0.576038053266675,0.852556954129953,0.7,1,1,0.840952999067228,0.795417512480512,"near mean"
192,8,-0.178031093707659,0.321968906292341,0.714164899528108,0.576038053266675,0.852556954129953,0.7,1,1,0.828292783444651,0.8004933349669,"near mean"
192,9,0.618795262599974,1.11879526259997,0.714164899528108,0.576038053266675,0.852556954129953,0.7,1,1,0.818058755555371,0.858996556589521,"far from mean"
192,10,-0.00763228531107102,0.492367714688929,0.714164899528108,0.576038053266675,0.852556954129953,0.7,1,1,0.816682971300438,0.81813437408247,"middle"
192,11,-0.264453614734087,0.235546385265913,0.714164899528108,0.576038053266675,0.852556954129953,0.7,1,1,0.852870129254603,0.8421745175213,"near mean"
192,12,-1.50651105840956,1.00651105840956,0.714164899528108,0.576038053266675,0.852556954129953,0.7,1,1,0.86256283988307,0.910621582760287,"far from mean"
193,1,-1.32290527879203,0.822905278792029,0.631431570169852,0.508147738700661,0.754969544036145,0.7,1,1,0.782713115145162,0.828749207547835,"far from mean"
193,2,-0.809459826783989,0.309459826783989,0.631431570169852,0.508147738700661,0.754969544036145,0.7,1,1,0.751221743886576,0.742628549473371,"near mean"
193,3,-0.00473734048940672,0.495262659510593,0.631431570169852,0.508147738700661,0.754969544036145,0.7,1,1,0.748238750879962,0.76141097951574,"middle"
193,4,-1.42617694498138,0.92617694498138,0.631431570169852,0.508147738700661,0.754969544036145,0.7,1,1,0.819240818362364,0.831340496559942,"far from mean"
193,5,-0.365856256123456,0.134143743876544,0.631431570169852,0.508147738700661,0.754969544036145,0.7,1,1,0.728591305718282,0.701842230698617,"near mean"
193,6,0.0746979340092484,0.574697934009248,0.631431570169852,0.508147738700661,0.754969544036145,0.7,1,1,0.746379729989403,0.770704340931377,"middle"
193,7,0.101756010937757,0.601756010937757,0.631431570169852,0.508147738700661,0.754969544036145,0.7,1,1,0.747495700495106,0.719955262672922,"middle"
193,8,-0.918734248900925,0.418734248900925,0.631431570169852,0.508147738700661,0.754969544036145,0.7,1,1,0.767914404373219,0.765668892944682,"middle"
193,9,-0.762723867861942,0.262723867861942,0.631431570169852,0.508147738700661,0.754969544036145,0.7,1,1,0.761369918763719,0.811286255019398,"near mean"
193,10,-1.33579379689933,0.835793796899333,0.631431570169852,0.508147738700661,0.754969544036145,0.7,1,1,0.786600068542798,0.771209981163283,"far from mean"
193,11,0.568032378909399,1.0680323789094,0.631431570169852,0.508147738700661,0.754969544036145,0.7,1,1,0.761544826519673,0.736330938659002,"far from mean"
193,12,0.201901236976056,0.701901236976056,0.631431570169852,0.508147738700661,0.754969544036145,0.7,1,1,0.754601002713318,0.701928713307737,"middle"
194,1,-1.24405151409093,0.744051514090934,0.614316239441937,0.477476909407426,0.751540334906078,0.7,1,1,0.838539597771738,0.801126995455785,"middle"
194,2,-1.58535811631433,1.08535811631433,0.614316239441937,0.477476909407426,0.751540334906078,0.7,1,1,0.96768217722719,1.0316950630934,"far from mean"
194,3,0.32910552465435,0.82910552465435,0.614316239441937,0.477476909407426,0.751540334906078,0.7,1,1,0.809041719333174,0.75509872611702,"far from mean"
194,4,-0.660492852511459,0.160492852511459,0.614316239441937,0.477476909407426,0.751540334906078,0.7,0,0,0.782145585783216,0.773527489503673,"near mean"
194,5,-0.253940666221873,0.246059333778127,0.614316239441937,0.477476909407426,0.751540334906078,0.7,1,1,0.792379014154485,0.794642806248391,"near mean"
194,6,-0.802504013908676,0.302504013908676,0.614316239441937,0.477476909407426,0.751540334906078,0.7,1,1,0.832907536204726,0.853811597104777,"near mean"
194,7,1.09203070246091,1.59203070246091,0.614316239441937,0.477476909407426,0.751540334906078,0.7,1,0,0.837541583580611,0.768806038956098,"far from mean"
194,8,-1.39335981995391,0.893359819953913,0.614316239441937,0.477476909407426,0.751540334906078,0.7,1,1,0.899337643874018,0.977961473322036,"far from mean"
194,9,0.340788274641793,0.840788274641793,0.614316239441937,0.477476909407426,0.751540334906078,0.7,1,1,0.803477873456021,0.785792484850257,"far from mean"
194,10,-0.875663487532376,0.375663487532376,0.614316239441937,0.477476909407426,0.751540334906078,0.7,1,1,0.853078495636216,0.87054883419382,"middle"
194,11,-0.706021945021519,0.206021945021519,0.614316239441937,0.477476909407426,0.751540334906078,0.7,1,1,0.853159832264167,0.819794697859195,"near mean"
194,12,-0.240532086201974,0.259467913798026,0.614316239441937,0.477476909407426,0.751540334906078,0.7,1,1,0.769292991972247,0.790834508560447,"near mean"
195,1,-0.668380470178381,0.168380470178381,0.664785881080644,0.532876196533728,0.797078795199841,0.7,1,1,0.72951018532191,0.751378383522665,"near mean"
195,2,-0.764606902338297,0.264606902338297,0.664785881080644,0.532876196533728,0.797078795199841,0.7,1,1,0.771418675224375,0.75114450182034,"near mean"
195,3,0.361666602822221,0.861666602822221,0.664785881080644,0.532876196533728,0.797078795199841,0.7,1,1,0.738369647862423,0.745409168936492,"far from mean"
195,4,-0.755938170657459,0.255938170657459,0.664785881080644,0.532876196533728,0.797078795199841,0.7,1,1,0.775106917203071,0.831115630995959,"near mean"
195,5,-0.85711010750451,0.35711010750451,0.664785881080644,0.532876196533728,0.797078795199841,0.7,1,1,0.73464896900504,0.747683960387923,"middle"
195,6,0.380722379716211,0.880722379716211,0.664785881080644,0.532876196533728,0.797078795199841,0.7,0,0,0.735816248281528,0.696430432708998,"far from mean"
195,7,-0.702846631798877,0.202846631798877,0.664785881080644,0.532876196533728,0.797078795199841,0.7,1,1,0.75039018575984,0.73575307602549,"near mean"
195,8,-1.2628182519251,0.762818251925104,0.664785881080644,0.532876196533728,0.797078795199841,0.7,1,1,0.798097584402876,0.82133020440922,"far from mean"
195,9,-0.559501839177187,0.0595018391771869,0.664785881080644,0.532876196533728,0.797078795199841,0.7,1,1,0.759465091075798,0.749617750977574,"near mean"
195,10,0.00413505583281382,0.504135055832814,0.664785881080644,0.532876196533728,0.797078795199841,0.7,1,1,0.758288199586916,0.711131838226897,"middle"
195,11,-0.534454715573159,0.0344547155731593,0.664785881080644,0.532876196533728,0.797078795199841,0.7,1,1,0.751361265612397,0.717289717889063,"near mean"
195,12,-0.640866949218271,0.140866949218271,0.664785881080644,0.532876196533728,0.797078795199841,0.7,1,1,0.745466027480253,0.688534303810445,"near mean"
196,1,-0.915257201133248,0.415257201133248,0.629212122875408,0.493993852197363,0.764789402100137,0.7,1,1,0.800682601978387,0.862549545722481,"middle"
196,2,-1.99494670083958,1.49494670083958,0.629212122875408,0.493993852197363,0.764789402100137,0.7,0,0,0.82799818062751,0.825922964986013,"far from mean"
196,3,0.319781946002321,0.819781946002321,0.629212122875408,0.493993852197363,0.764789402100137,0.7,1,1,0.738402309293746,0.669167172371409,"far from mean"
196,4,-0.415915489621785,0.0840845103782151,0.629212122875408,0.493993852197363,0.764789402100137,0.7,1,1,0.759869554480171,0.767320715723305,"near mean"
196,5,0.55172247966328,1.05172247966328,0.629212122875408,0.493993852197363,0.764789402100137,0.7,1,1,0.787235863604006,0.83612010665125,"far from mean"
196,6,-0.792310143453723,0.292310143453723,0.629212122875408,0.493993852197363,0.764789402100137,0.7,1,1,0.741373956399769,0.7140298620449,"near mean"
196,7,-0.190781320522074,0.309218679477926,0.629212122875408,0.493993852197363,0.764789402100137,0.7,1,1,0.721203457619845,0.71436759469211,"near mean"
196,8,0.121324605246778,0.621324605246778,0.629212122875408,0.493993852197363,0.764789402100137,0.7,1,1,0.755800932398208,0.792921374093153,"middle"
196,9,-0.0130419076347746,0.486958092365225,0.629212122875408,0.493993852197363,0.764789402100137,0.7,1,1,0.801705615874539,0.765991612858889,"middle"
196,10,-0.535329592654849,0.0353295926548485,0.629212122875408,0.493993852197363,0.764789402100137,0.7,1,1,0.823851346604755,0.784659406844873,"near mean"
196,11,-0.282115129629477,0.217884870370523,0.629212122875408,0.493993852197363,0.764789402100137,0.7,1,1,0.746935244304853,0.741709639632131,"near mean"
196,12,-1.85313154542287,1.35313154542287,0.629212122875408,0.493993852197363,0.764789402100137,0.7,1,1,0.847486625525222,0.820550372978241,"far from mean"
197,1,-1.14669257107047,0.646692571070467,0.528206082218663,0.399256124809273,0.65741479277937,0.7,1,1,0.809710690904954,0.816134992285239,"middle"
197,2,-1.4689923596367,0.968992359636704,0.528206082218663,0.399256124809273,0.65741479277937,0.7,1,1,0.864080355111661,0.885692500354986,"far from mean"
197,3,-0.245683921298017,0.254316078701983,0.528206082218663,0.399256124809273,0.65741479277937,0.7,1,1,0.745701835889864,0.751259264108717,"near mean"
197,4,0.0276713418844674,0.527671341884467,0.528206082218663,0.399256124809273,0.65741479277937,0.7,1,1,0.771707929907489,0.755700030483296,"middle"
197,5,-0.425317885998499,0.074682114001501,0.528206082218663,0.399256124809273,0.65741479277937,0.7,1,1,0.782271995388001,0.736199304150838,"near mean"
197,6,-1.04424956675994,0.544249566759938,0.528206082218663,0.399256124809273,0.65741479277937,0.7,1,1,0.829438467665807,0.889126009172663,"middle"
197,7,-1.25518044725759,0.755180447257589,0.528206082218663,0.399256124809273,0.65741479277937,0.7,1,1,0.844352185394282,0.831099512788027,"far from mean"
197,8,-0.220304246214976,0.279695753785024,0.528206082218663,0.399256124809273,0.65741479277937,0.7,1,1,0.770123209947401,0.695929459599136,"near mean"
197,9,1.15059473520846,1.65059473520846,0.528206082218663,0.399256124809273,0.65741479277937,0.7,1,1,0.816790929304947,0.791718557377623,"far from mean"
197,10,-0.377068534036775,0.122931465963225,0.528206082218663,0.399256124809273,0.65741479277937,0.7,1,1,0.748794755215831,0.728073804751397,"near mean"
197,11,-0.716506848819244,0.216506848819244,0.528206082218663,0.399256124809273,0.65741479277937,0.7,1,1,0.808381834902285,0.819267564318456,"near mean"
197,12,-0.278269696000713,0.221730303999287,0.528206082218663,0.399256124809273,0.65741479277937,0.7,1,1,0.744224617111553,0.710667204257754,"near mean"
198,1,-1.18215424767808,0.682154247678082,0.656073985945701,0.520419551391475,0.792131926397065,0.7,1,1,0.879314281720771,0.881764068506842,"middle"
198,2,-0.426571009374009,0.0734289906259909,0.656073985945701,0.520419551391475,0.792131926397065,0.7,1,1,0.757224457229232,0.73349063214547,"near mean"
198,3,-0.607479976812697,0.107479976812697,0.656073985945701,0.520419551391475,0.792131926397065,0.7,1,1,0.80652315869029,0.857748661127308,"near mean"
198,4,-0.116345416959795,0.383654583040205,0.656073985945701,0.520419551391475,0.792131926397065,0.7,1,1,0.808615634565264,0.775531219538429,"middle"
198,5,-0.215407235085417,0.284592764914583,0.656073985945701,0.520419551391475,0.792131926397065,0.7,0,0,0.81847941314269,0.769204413567054,"near mean"
198,6,0.158421268629934,0.658421268629934,0.656073985945701,0.520419551391475,0.792131926397065,0.7,1,1,0.80900237081345,0.747162174931078,"middle"
198,7,0.53156936139546,1.03156936139546,0.656073985945701,0.520419551391475,0.792131926397065,0.7,1,1,0.817042227446148,0.799388799448771,"far from mean"
198,8,-0.840647336182062,0.340647336182062,0.656073985945701,0.520419551391475,0.792131926397065,0.7,1,1,0.773708853839742,0.793645904789854,"middle"
198,9,-0.479363678819478,0.0206363211805223,0.656073985945701,0.520419551391475,0.792131926397065,0.7,1,1,0.76975473953929,0.760808082122814,"near mean"
198,10,-1.28448844472243,0.784488444722428,0.656073985945701,0.520419551391475,0.792131926397065,0.7,1,1,0.817353641000455,0.833847900886048,"far from mean"
198,11,-0.108067441392449,0.391932558607551,0.656073985945701,0.520419551391475,0.792131926397065,0.7,1,1,0.856800029161627,0.839740293978073,"middle"
198,12,-1.42946584299898,0.929465842998976,0.656073985945701,0.520419551391475,0.792131926397065,0.7,1,1,0.947504552371355,0.934358299481849,"far from mean"
199,1,-0.821389891903653,0.321389891903653,0.653059812911474,0.52026553164402,0.786152268482706,0.7,1,1,0.832308927007559,0.860403851342918,"near mean"
199,2,-0.403578491524712,0.0964215084752885,0.653059812911474,0.52026553164402,0.786152268482706,0.7,1,1,0.763826569225933,0.734783034762941,"near mean"
199,3,-0.898364971597877,0.398364971597877,0.653059812911474,0.52026553164402,0.786152268482706,0.7,1,1,0.764067969304154,0.7299299724053,"middle"
199,4,-2.09059040840196,1.59059040840196,0.653059812911474,0.52026553164402,0.786152268482706,0.7,1,1,0.986296317730957,0.985967842358638,"far from mean"
199,5,0.128979444820327,0.628979444820327,0.653059812911474,0.52026553164402,0.786152268482706,0.7,1,1,0.78064792999782,0.790060861909452,"middle"
199,6,-0.191204420953058,0.308795579046942,0.653059812911474,0.52026553164402,0.786152268482706,0.7,1,1,0.826713813658118,0.82410659614927,"near mean"
199,7,1.22103369289986,1.72103369289986,0.653059812911474,0.52026553164402,0.786152268482706,0.7,0,0,0.815098185314694,0.841536249593956,"far from mean"
199,8,-0.220824560754031,0.279175439245969,0.653059812911474,0.52026553164402,0.786152268482706,0.7,1,1,0.777495139150274,0.78495102955957,"near mean"
199,9,-0.154306050300905,0.345693949699095,0.653059812911474,0.52026553164402,0.786152268482706,0.7,1,1,0.814087058180071,0.82791098837127,"middle"
199,10,-0.301037990743021,0.198962009256979,0.653059812911474,0.52026553164402,0.786152268482706,0.7,1,1,0.7956317674745,0.805811781309729,"near mean"
199,11,-1.37252769637315,0.872527696373147,0.653059812911474,0.52026553164402,0.786152268482706,0.7,1,1,0.874231449479483,0.836740961914458,"far from mean"
199,12,-0.896188655167821,0.396188655167821,0.653059812911474,0.52026553164402,0.786152268482706,0.7,1,1,0.768945704832589,0.794831531100509,"middle"
200,1,-0.629975830411502,0.129975830411502,0.656001487200349,0.521644398378111,0.790673719464059,0.7,1,1,0.813796996700787,0.833960369604607,"near mean"
200,2,-1.24313213256954,0.743132132569543,0.656001487200349,0.521644398378111,0.790673719464059,0.7,1,1,0.813647489716101,0.897667362551153,"middle"
200,3,0.528927295887604,1.0289272958876,0.656001487200349,0.521644398378111,0.790673719464059,0.7,1,1,0.845032591885261,0.803859055634928,"far from mean"
200,4,-0.149369172375874,0.350630827624126,0.656001487200349,0.521644398378111,0.790673719464059,0.7,1,1,0.806059079741072,0.739479652987207,"middle"
200,5,-1.43038787211856,0.930387872118557,0.656001487200349,0.521644398378111,0.790673719464059,0.7,1,1,0.888676249802965,0.837762093862402,"far from mean"
200,6,0.176383516165654,0.676383516165654,0.656001487200349,0.521644398378111,0.790673719464059,0.7,1,1,0.809868834727288,0.833160823554096,"middle"
200,7,-0.927456201923463,0.427456201923463,0.656001487200349,0.521644398378111,0.790673719464059,0.7,1,1,0.848273879821149,0.873458283632905,"middle"
200,8,-0.345208861759817,0.154791138240183,0.656001487200349,0.521644398378111,0.790673719464059,0.7,1,1,0.791650821140712,0.747236402038552,"near mean"
200,9,-1.94209392469815,1.44209392469815,0.656001487200349,0.521644398378111,0.790673719464059,0.7,1,1,0.941436091746094,0.933276027367311,"far from mean"
200,10,0.607921007305012,1.10792100730501,0.656001487200349,0.521644398378111,0.790673719464059,0.7,0,0,0.808410354722719,0.730102450093416,"far from mean"
200,11,-0.461337416222097,0.0386625837779028,0.656001487200349,0.521644398378111,0.790673719464059,0.7,1,1,0.813030536913725,0.769718018070693,"near mean"
200,12,-0.184270407279265,0.315729592720735,0.656001487200349,0.521644398378111,0.790673719464059,0.7,1,1,0.795611309372094,0.780314034020804,"near mean"
